
> sarkari-sahayak@1.0.0 build
> astro build

[2m16:38:05[22m [34m[content][39m Syncing content
[2m16:38:05[22m [34m[content][39m Synced content
[2m16:38:05[22m [34m[types][39m Generated [2m186ms[22m
[2m16:38:05[22m [34m[build][39m output: [34m"static"[39m
[2m16:38:05[22m [34m[build][39m mode: [34m"static"[39m
[2m16:38:05[22m [34m[build][39m directory: [34mC:\Users\HII\sarkari-sahayak\dist\[39m
[2m16:38:05[22m [34m[build][39m Collecting build info...
[2m16:38:05[22m [34m[build][39m [32m✓ Completed in 307ms.[39m
[2m16:38:06[22m [34m[build][39m Building static entrypoints...
[2m16:38:17[22m [34m[vite][39m [32m✓ built in 11.14s[39m
[2m16:38:17[22m [34m[build][39m [32m✓ Completed in 11.29s.[39m

[42m[30m building client (vite) [39m[49m
[2m16:38:17[22m [34m[vite][39m transforming...
[2m16:38:17[22m [34m[vite][39m [32m✓[39m 1 modules transformed.
[2m16:38:17[22m [34m[vite][39m rendering chunks...
[2m16:38:17[22m [34m[vite][39m [32m✓ built in 252ms[39m

[42m[30m generating static routes [39m[49m
[2m16:38:18[22m [32m▶[39m src/pages/about.astro
[2m16:38:18[22m   [34m└─[39m [2m/about/index.html[22m [2m(+38ms)[22m 
[2m16:38:18[22m [32m▶[39m src/pages/admit-cards/[slug].astro
[2m16:38:18[22m   [34m├─[39m [2m/admit-cards/odisha-osstet-admit-card-2026-out-bseodishanicin-c-admit-card-2026/index.html[22m [2m(+19ms)[22m 
[2m16:38:18[22m   [34m├─[39m [2m/admit-cards/wbpsc-miscellaneous-admit-card-2026-out-at-pscwbgo-admit-card-2026/index.html[22m [2m(+13ms)[22m 
[2m16:38:18[22m   [34m├─[39m [2m/admit-cards/up-pharmacist-cutoff-2026-check-category-wise-expe-admit-card-2026/index.html[22m [2m(+11ms)[22m 
[2m16:38:18[22m   [34m├─[39m [2m/admit-cards/sbi-clerk-prelims-admit-card-2026-out-download-cal-admit-card-2026/index.html[22m [2m(+11ms)[22m 
[2m16:38:18[22m   [34m├─[39m [2m/admit-cards/isro-istrac-admit-card-2026-out-download-cbt-hall--admit-card-2026/index.html[22m [2m(+18ms)[22m 
[2m16:38:18[22m   [34m├─[39m [2m/admit-cards/ssc-cgl-city-intimation-slip-2026-out-check-exam-c-admit-card-2026/index.html[22m [2m(+30ms)[22m 
[2m16:38:18[22m   [34m├─[39m [2m/admit-cards/nfc-staff-nurse-admit-card-2026-out-download-hall--admit-card-2026/index.html[22m [2m(+39ms)[22m 
[2m16:38:18[22m   [34m├─[39m [2m/admit-cards/sbi-clerk-admit-card-2026-out-sbibankin-for-prelim-admit-card-2026/index.html[22m [2m(+51ms)[22m 
[2m16:38:18[22m   [34m├─[39m [2m/admit-cards/rrb-alp-2026-exam-cbt-1-schedule-released-hall-tic-admit-card-2026/index.html[22m [2m(+171ms)[22m 
[2m16:38:18[22m   [34m├─[39m [2m/admit-cards/cseet-october-2026-icsi-releases-admit-card-check--admit-card-2026/index.html[22m [2m(+14ms)[22m 
[2m16:38:18[22m   [34m├─[39m [2m/admit-cards/sbi-clerk-prelims-admit-card-2026-released-at-sbic-admit-card-2026/index.html[22m [2m(+15ms)[22m 
[2m16:38:18[22m   [34m├─[39m [2m/admit-cards/haryana-board-october-2026-hall-ticket-released-at-admit-card-2026/index.html[22m [2m(+50ms)[22m 
[2m16:38:18[22m   [34m├─[39m [2m/admit-cards/haryana-board-october-2026-hall-ticket-out-at-bseh-admit-card-2026/index.html[22m [2m(+15ms)[22m 
[2m16:38:18[22m   [34m├─[39m [2m/admit-cards/bsf-hcm-answer-key-2026-out-for-asi-and-others-dow-admit-card-2026/index.html[22m [2m(+59ms)[22m 
[2m16:38:18[22m   [34m├─[39m [2m/admit-cards/sbi-clerk-admit-card-2026-released-download-prelim-admit-card-2026/index.html[22m [2m(+11ms)[22m 
[2m16:38:18[22m   [34m├─[39m [2m/admit-cards/osssc-nursing-officer-exam-2026-check-shift-timing-admit-card-2026/index.html[22m [2m(+46ms)[22m 
[2m16:38:18[22m   [34m├─[39m [2m/admit-cards/hprca-assistant-staff-nurse-admit-card-2026-admit-card-2026/index.html[22m [2m(+19ms)[22m 
[2m16:38:18[22m   [34m├─[39m [2m/admit-cards/sbi-clerk-prelims-admit-card-2026-release-date-exa-admit-card-2026/index.html[22m [2m(+33ms)[22m 
[2m16:38:18[22m   [34m├─[39m [2m/admit-cards/cseet-october-2026-admit-card-release-date-link-an-admit-card-2026/index.html[22m [2m(+197ms)[22m 
[2m16:38:19[22m   [34m├─[39m [2m/admit-cards/icsi-cseet-admit-card-october-2026-direct-link-to--admit-card-2026/index.html[22m [2m(+39ms)[22m 
[2m16:38:19[22m   [34m├─[39m [2m/admit-cards/rrb-ntpc-graduate-cbtst-admit-card-2026-out-downlo-admit-card-2026/index.html[22m [2m(+17ms)[22m 
[2m16:38:19[22m   [34m├─[39m [2m/admit-cards/cseet-admit-card-2026-out-download-icsi-october-ex-admit-card-2026/index.html[22m [2m(+64ms)[22m 
[2m16:38:19[22m   [34m├─[39m [2m/admit-cards/upessc-principal-admit-card-2026-released-download-admit-card-2026/index.html[22m [2m(+12ms)[22m 
[2m16:38:19[22m   [34m├─[39m [2m/admit-cards/ossc-chsl-admit-card-2026-released-at-osscgovin-do-admit-card-2026/index.html[22m [2m(+21ms)[22m 
[2m16:38:19[22m   [34m├─[39m [2m/admit-cards/ctet-new-exam-date-2026-out-september-cycle-check--admit-card-2026/index.html[22m [2m(+33ms)[22m 
[2m16:38:19[22m   [34m├─[39m [2m/admit-cards/ksp-civil-police-constable-pstpet-admit-card-2026-admit-card-2026/index.html[22m [2m(+19ms)[22m 
[2m16:38:19[22m   [34m├─[39m [2m/admit-cards/sbi-clerk-admit-card-2026-released-at-sbibankin-ch-admit-card-2026/index.html[22m [2m(+129ms)[22m 
[2m16:38:19[22m   [34m├─[39m [2m/admit-cards/indian-air-force-agniveervayu-intake-022027-airmen-admit-card-2026/index.html[22m [2m(+68ms)[22m 
[2m16:38:19[22m   [34m├─[39m [2m/admit-cards/odisha-osstet-admit-card-2026-out-today-bseodishan-admit-card-2026/index.html[22m [2m(+19ms)[22m 
[2m16:38:19[22m   [34m├─[39m [2m/admit-cards/sbi-clerk-prelims-admit-card-2026-released-exams-o-admit-card-2026/index.html[22m [2m(+47ms)[22m 
[2m16:38:19[22m   [34m├─[39m [2m/admit-cards/nfc-staff-nurse-admit-card-2026-out-download-nurse-admit-card-2026/index.html[22m [2m(+37ms)[22m 
[2m16:38:19[22m   [34m├─[39m [2m/admit-cards/sbi-clerk-admit-card-2026-hall-tickets-out-check-e-admit-card-2026/index.html[22m [2m(+16ms)[22m 
[2m16:38:19[22m   [34m├─[39m [2m/admit-cards/cseet-october-2026-admit-card-released-at-icsiedu--admit-card-2026/index.html[22m [2m(+65ms)[22m 
[2m16:38:19[22m   [34m├─[39m [2m/admit-cards/sbi-clerk-prelims-admit-card-2026-out-check-direct-admit-card-2026/index.html[22m [2m(+76ms)[22m 
[2m16:38:19[22m   [34m├─[39m [2m/admit-cards/bihar-neet-rank-card-2026-round-2-out-download-lin-admit-card-2026/index.html[22m [2m(+23ms)[22m 
[2m16:38:19[22m   [34m├─[39m [2m/admit-cards/kleee-2027-application-form-released-apply-online--admit-card-2026/index.html[22m [2m(+12ms)[22m 
[2m16:38:19[22m   [34m├─[39m [2m/admit-cards/ksp-civil-police-constable-admit-card-2026-out-dow-admit-card-2026/index.html[22m [2m(+72ms)[22m 
[2m16:38:19[22m   [34m├─[39m [2m/admit-cards/psssb-group-d-recruitment-2026-apply-online-last-d-admit-card-2026/index.html[22m [2m(+51ms)[22m 
[2m16:38:19[22m   [34m├─[39m [2m/admit-cards/kolkata-police-si-pet-admit-card-2026-download-hal-admit-card-2026/index.html[22m [2m(+48ms)[22m 
[2m16:38:19[22m   [34m├─[39m [2m/admit-cards/upessc-principal-admit-card-2026-download-link-and-admit-card-2026/index.html[22m [2m(+37ms)[22m 
[2m16:38:19[22m   [34m├─[39m [2m/admit-cards/cseet-october-2026-admit-card-release-date-downloa-admit-card-2026/index.html[22m [2m(+22ms)[22m 
[2m16:38:20[22m   [34m├─[39m [2m/admit-cards/haryana-deled-october-2026-admit-card-check-releas-admit-card-2026/index.html[22m [2m(+19ms)[22m 
[2m16:38:20[22m   [34m├─[39m [2m/admit-cards/kolkata-police-si-admit-card-2026-out-today-at-kol-admit-card-2026/index.html[22m [2m(+83ms)[22m 
[2m16:38:20[22m   [34m├─[39m [2m/admit-cards/wbpsc-miscellaneous-admit-card-2026-out-on-22-sept-admit-card-2026/index.html[22m [2m(+17ms)[22m 
[2m16:38:20[22m   [34m├─[39m [2m/admit-cards/cseet-admit-card-2026-release-date-download-steps--admit-card-2026/index.html[22m [2m(+97ms)[22m 
[2m16:38:20[22m   [34m├─[39m [2m/admit-cards/sbi-clerk-prelims-admit-card-2026-anytime-soon-exa-admit-card-2026/index.html[22m [2m(+18ms)[22m 
[2m16:38:20[22m   [34m├─[39m [2m/admit-cards/ossc-chsl-admit-card-2026-out-download-hall-ticket-admit-card-2026/index.html[22m [2m(+114ms)[22m 
[2m16:38:20[22m   [34m├─[39m [2m/admit-cards/osstet-admit-card-2026-released-today-bseodishanic-admit-card-2026/index.html[22m [2m(+17ms)[22m 
[2m16:38:20[22m   [34m├─[39m [2m/admit-cards/cseet-admit-card-2026-release-date-download-steps-admit-card-2026/index.html[22m [2m(+17ms)[22m 
[2m16:38:20[22m   [34m├─[39m [2m/admit-cards/upessc-principal-admit-card-2026-out-upesscupgovin-admit-card-2026/index.html[22m [2m(+19ms)[22m 
[2m16:38:20[22m   [34m├─[39m [2m/admit-cards/cseet-admit-card-2026-release-date-check-steps-to--admit-card-2026/index.html[22m [2m(+67ms)[22m 
[2m16:38:20[22m   [34m├─[39m [2m/admit-cards/cseet-admit-card-2026-release-date-steps-to-downlo-admit-card-2026/index.html[22m [2m(+17ms)[22m 
[2m16:38:20[22m   [34m├─[39m [2m/admit-cards/hprca-hamirpur-assistant-staff-nurse-admit-card-20-admit-card-2026/index.html[22m [2m(+27ms)[22m 
[2m16:38:20[22m   [34m├─[39m [2m/admit-cards/osstet-admit-card-2026-out-today-at-bseodishanicin-admit-card-2026/index.html[22m [2m(+17ms)[22m 
[2m16:38:20[22m   [34m├─[39m [2m/admit-cards/kolkata-police-si-pet-admit-card-2026-out-today-at-admit-card-2026/index.html[22m [2m(+201ms)[22m 
[2m16:38:20[22m   [34m├─[39m [2m/admit-cards/ksp-civil-police-constable-admit-card-2026-downloa-admit-card-2026/index.html[22m [2m(+27ms)[22m 
[2m16:38:20[22m   [34m├─[39m [2m/admit-cards/ossc-chsl-admit-card-2026-released-download-hall-t-admit-card-2026/index.html[22m [2m(+20ms)[22m 
[2m16:38:20[22m   [34m├─[39m [2m/admit-cards/ibps-rrb-recruitment-2026-apply-online-last-date-t-admit-card-2026/index.html[22m [2m(+23ms)[22m 
[2m16:38:20[22m   [34m├─[39m [2m/admit-cards/upsssc-je-agriculture-recruitment-2026-apply-onlin-admit-card-2026/index.html[22m [2m(+47ms)[22m 
[2m16:38:20[22m   [34m├─[39m [2m/admit-cards/rajasthan-police-si-answer-key-2026-out-at-rpscraj-admit-card-2026/index.html[22m [2m(+69ms)[22m 
[2m16:38:20[22m   [34m├─[39m [2m/admit-cards/rpsc-si-2026-answer-key-released-download-re-exam--admit-card-2026/index.html[22m [2m(+65ms)[22m 
[2m16:38:21[22m   [34m├─[39m [2m/admit-cards/haryana-deled-october-2026-exams-admit-cards-relea-admit-card-2026/index.html[22m [2m(+11ms)[22m 
[2m16:38:21[22m   [34m├─[39m [2m/admit-cards/wb-hs-semester-3-exam-2027-students-allowed-to-app-admit-card-2026/index.html[22m [2m(+13ms)[22m 
[2m16:38:21[22m   [34m├─[39m [2m/admit-cards/kmat-2026-exam-analysis-section-wise-difficulty-ex-admit-card-2026/index.html[22m [2m(+59ms)[22m 
[2m16:38:21[22m   [34m├─[39m [2m/admit-cards/nirf-2026-innovation-ranking-check-indias-most-inn-admit-card-2026/index.html[22m [2m(+40ms)[22m 
[2m16:38:21[22m   [34m├─[39m [2m/admit-cards/upsssc-pharmacist-question-paper-2026-download-pha-admit-card-2026/index.html[22m [2m(+11ms)[22m 
[2m16:38:21[22m   [34m├─[39m [2m/admit-cards/iaf-agniveervayu-admit-card-2026-out-at-iafrecruit-admit-card-2026/index.html[22m [2m(+30ms)[22m 
[2m16:38:21[22m   [34m├─[39m [2m/admit-cards/upsssc-pharmacist-exam-analysis-2026-check-difficu-admit-card-2026/index.html[22m [2m(+119ms)[22m 
[2m16:38:21[22m   [34m├─[39m [2m/admit-cards/upsc-ese-syllabus-2026-check-exam-pattern-download-admit-card-2026/index.html[22m [2m(+89ms)[22m 
[2m16:38:21[22m   [34m├─[39m [2m/admit-cards/dsssb-aso-admit-card-2026-out-dsssbdelhigovin-exam-admit-card-2026/index.html[22m [2m(+15ms)[22m 
[2m16:38:21[22m   [34m├─[39m [2m/admit-cards/wbjee-dcap-2026-phase-2-round-1-seat-allocation-re-admit-card-2026/index.html[22m [2m(+22ms)[22m 
[2m16:38:21[22m   [34m├─[39m [2m/admit-cards/upsssc-excise-constable-exam-analysis-2026-check-p-admit-card-2026/index.html[22m [2m(+25ms)[22m 
[2m16:38:21[22m   [34m├─[39m [2m/admit-cards/neet-pg-2026-answer-key-soon-at-natboardeduin-here-admit-card-2026/index.html[22m [2m(+65ms)[22m 
[2m16:38:21[22m   [34m├─[39m [2m/admit-cards/hprca-assistant-staff-nurse-admit-card-2026-releas-admit-card-2026/index.html[22m [2m(+34ms)[22m 
[2m16:38:21[22m   [34m├─[39m [2m/admit-cards/odisha-osstet-admit-card-2026-out-bseodishanicin-t-admit-card-2026/index.html[22m [2m(+18ms)[22m 
[2m16:38:21[22m   [34m├─[39m [2m/admit-cards/icsi-cseet-admit-card-october-2026-to-be-out-soon--admit-card-2026/index.html[22m [2m(+130ms)[22m 
[2m16:38:21[22m   [34m├─[39m [2m/admit-cards/official-notice-out-ap-eamcet-2026-round-3-seat-al-admit-card-2026/index.html[22m [2m(+37ms)[22m 
[2m16:38:21[22m   [34m├─[39m [2m/admit-cards/tnpsc-ctse-diploma-iti-exam-date-2026-and-schedule-admit-card-2026/index.html[22m [2m(+17ms)[22m 
[2m16:38:21[22m   [34m├─[39m [2m/admit-cards/mhcet-law-3-year-llb-2026-cap-round-3-seat-allotme-admit-card-2026/index.html[22m [2m(+29ms)[22m 
[2m16:38:21[22m   [34m├─[39m [2m/admit-cards/karnataka-pgcet-2026-mock-round-cutoff-out-downloa-admit-card-2026/index.html[22m [2m(+15ms)[22m 
[2m16:38:21[22m   [34m├─[39m [2m/admit-cards/iaf-agniveer-vayu-intake-022027-admit-card-out-dow-admit-card-2026/index.html[22m [2m(+41ms)[22m 
[2m16:38:21[22m   [34m├─[39m [2m/admit-cards/karnataka-pgcet-2026-provisional-seat-matrix-relea-admit-card-2026/index.html[22m [2m(+55ms)[22m 
[2m16:38:21[22m   [34m├─[39m [2m/admit-cards/interview-schedule-released-for-pcs-2025-qualified-admit-card-2026/index.html[22m [2m(+21ms)[22m 
[2m16:38:21[22m   [34m├─[39m [2m/admit-cards/ktet-final-answer-key-2026-out-at-ktetkeralagovin--admit-card-2026/index.html[22m [2m(+32ms)[22m 
[2m16:38:21[22m   [34m├─[39m [2m/admit-cards/karnataka-pgcet-2026-mock-allotment-released-at-ce-admit-card-2026/index.html[22m [2m(+203ms)[22m 
[2m16:38:22[22m   [34m├─[39m [2m/admit-cards/upsssc-fsl-exam-date-2026-out-check-schedule-pdf-o-admit-card-2026/index.html[22m [2m(+21ms)[22m 
[2m16:38:22[22m   [34m├─[39m [2m/admit-cards/tnpsc-cts-diploma-exam-date-2026-out-for-856-iti-p-admit-card-2026/index.html[22m [2m(+13ms)[22m 
[2m16:38:22[22m   [34m├─[39m [2m/admit-cards/upsssc-forest-guard-wildlife-guard-exam-city-intim-admit-card-2026/index.html[22m [2m(+12ms)[22m 
[2m16:38:22[22m   [34m├─[39m [2m/admit-cards/maharashtra-ssc-exam-date-2027-out-check-10th-boar-admit-card-2026/index.html[22m [2m(+17ms)[22m 
[2m16:38:22[22m   [34m├─[39m [2m/admit-cards/mat-cbt-2026-exam-tomorrow-september-20-check-timi-admit-card-2026/index.html[22m [2m(+41ms)[22m 
[2m16:38:22[22m   [34m├─[39m [2m/admit-cards/dsssb-aso-admit-card-2026-out-hall-ticket-link-act-admit-card-2026/index.html[22m [2m(+54ms)[22m 
[2m16:38:22[22m   [34m├─[39m [2m/admit-cards/ibps-rrb-13706-vacancies-applications-closing-in-2-admit-card-2026/index.html[22m [2m(+12ms)[22m 
[2m16:38:22[22m   [34m├─[39m [2m/admit-cards/dsssb-aso-exam-date-2026-out-at-dssbdelhigovin-che-admit-card-2026/index.html[22m [2m(+149ms)[22m 
[2m16:38:22[22m   [34m├─[39m [2m/admit-cards/maharashtra-hsc-exam-date-2027-out-check-12th-boar-admit-card-2026/index.html[22m [2m(+34ms)[22m 
[2m16:38:22[22m   [34m├─[39m [2m/admit-cards/mpesb-patwari-admit-card-2026-out-download-link-es-admit-card-2026/index.html[22m [2m(+16ms)[22m 
[2m16:38:22[22m   [34m├─[39m [2m/admit-cards/aiims-norcet-11-cutoff-2026-out-check-category-wis-admit-card-2026/index.html[22m [2m(+27ms)[22m 
[2m16:38:22[22m   [34m├─[39m [2m/admit-cards/nta-aiapget-2026-final-answer-key-released-downloa-admit-card-2026/index.html[22m [2m(+12ms)[22m 
[2m16:38:22[22m   [34m├─[39m [2m/admit-cards/ugc-net-june-2026-final-answer-key-released-for-en-admit-card-2026/index.html[22m [2m(+54ms)[22m 
[2m16:38:22[22m   [34m├─[39m [2m/admit-cards/upsssc-excise-constable-exam-2026-timing-and-guide-admit-card-2026/index.html[22m [2m(+15ms)[22m 
[2m16:38:22[22m   [34m├─[39m [2m/admit-cards/icsi-cseet-admit-card-2026-october-hall-ticket-dow-admit-card-2026/index.html[22m [2m(+21ms)[22m 
[2m16:38:22[22m   [34m├─[39m [2m/admit-cards/rssb-computer-instructor-answer-key-2026-out-downl-admit-card-2026/index.html[22m [2m(+264ms)[22m 
[2m16:38:22[22m   [34m├─[39m [2m/admit-cards/jee-mains-2027-session-1-exam-dates-clash-with-mah-admit-card-2026/index.html[22m [2m(+64ms)[22m 
[2m16:38:23[22m   [34m├─[39m [2m/admit-cards/iob-lbo-exam-date-2026-out-check-official-dates-ex-admit-card-2026/index.html[22m [2m(+19ms)[22m 
[2m16:38:23[22m   [34m├─[39m [2m/admit-cards/icsi-cseet-admit-card-2026-download-hall-ticket-at-admit-card-2026/index.html[22m [2m(+17ms)[22m 
[2m16:38:23[22m   [34m├─[39m [2m/admit-cards/ap-eamcet-2026-sports-quota-candidates-to-appear-f-admit-card-2026/index.html[22m [2m(+13ms)[22m 
[2m16:38:23[22m   [34m├─[39m [2m/admit-cards/upsssc-forest-guard-admit-card-2026-release-date-d-admit-card-2026/index.html[22m [2m(+21ms)[22m 
[2m16:38:23[22m   [34m├─[39m [2m/admit-cards/mpesb-group-2-sub-group-4-patwari-admit-card-2026--admit-card-2026/index.html[22m [2m(+43ms)[22m 
[2m16:38:23[22m   [34m├─[39m [2m/admit-cards/kmat-2026-exam-tomorrow-check-shift-timings-exam-g-admit-card-2026/index.html[22m [2m(+44ms)[22m 
[2m16:38:23[22m   [34m├─[39m [2m/admit-cards/kmat-admit-card-2026-out-download-link-kmatindiaco-admit-card-2026/index.html[22m [2m(+188ms)[22m 
[2m16:38:23[22m   [34m├─[39m [2m/admit-cards/delhi-police-pet-admit-card-2026-out-for-constable-admit-card-2026/index.html[22m [2m(+53ms)[22m 
[2m16:38:23[22m   [34m├─[39m [2m/admit-cards/apsc-ae-admit-card-2026-out-download-hall-ticket-admit-card-2026/index.html[22m [2m(+25ms)[22m 
[2m16:38:23[22m   [34m├─[39m [2m/admit-cards/cgpsc-assistant-district-public-prosecution-office-admit-card-2026/index.html[22m [2m(+22ms)[22m 
[2m16:38:23[22m   [34m├─[39m [2m/admit-cards/aiapget-2026-final-answer-key-released-get-link-st-admit-card-2026/index.html[22m [2m(+12ms)[22m 
[2m16:38:23[22m   [34m├─[39m [2m/admit-cards/ssc-cgl-2026-tier-1-exam-starts-september-30-know--admit-card-2026/index.html[22m [2m(+14ms)[22m 
[2m16:38:23[22m   [34m├─[39m [2m/admit-cards/apcob-admit-card-2026-out-download-call-letter-for-admit-card-2026/index.html[22m [2m(+30ms)[22m 
[2m16:38:23[22m   [34m├─[39m [2m/admit-cards/csir-net-dec-2026-exam-on-december-20-and-21-admit-admit-card-2026/index.html[22m [2m(+254ms)[22m 
[2m16:38:23[22m   [34m├─[39m [2m/admit-cards/ssc-cgl-tier-1-exam-date-2026-check-september-30-s-admit-card-2026/index.html[22m [2m(+49ms)[22m 
[2m16:38:23[22m   [34m├─[39m [2m/admit-cards/rssb-computer-instructor-answer-key-2026-released--admit-card-2026/index.html[22m [2m(+13ms)[22m 
[2m16:38:23[22m   [34m├─[39m [2m/admit-cards/upsssc-forest-guard-exam-date-2026-announced-mains-admit-card-2026/index.html[22m [2m(+11ms)[22m 
[2m16:38:23[22m   [34m├─[39m [2m/admit-cards/upsssc-forest-guard-exam-city-2026-check-district-admit-card-2026/index.html[22m [2m(+10ms)[22m 
[2m16:38:23[22m   [34m├─[39m [2m/admit-cards/ladakh-police-constable-admit-card-2026-download-l-admit-card-2026/index.html[22m [2m(+31ms)[22m 
[2m16:38:23[22m   [34m├─[39m [2m/admit-cards/kea-msc-nursing-mpt-msc-ah-exam-date-2026-revised--admit-card-2026/index.html[22m [2m(+16ms)[22m 
[2m16:38:23[22m   [34m├─[39m [2m/admit-cards/iob-lbo-admit-card-2026-out-download-hall-ticket-admit-card-2026/index.html[22m [2m(+18ms)[22m 
[2m16:38:23[22m   [34m├─[39m [2m/admit-cards/tnpsc-group-1-admit-card-2026-released-download-st-admit-card-2026/index.html[22m [2m(+51ms)[22m 
[2m16:38:23[22m   [34m├─[39m [2m/admit-cards/assam-psc-ae-admit-card-2026-out-at-apscnicin-down-admit-card-2026/index.html[22m [2m(+248ms)[22m 
[2m16:38:24[22m   [34m├─[39m [2m/admit-cards/breaking-ap-eamcet-counselling-round-3-seat-allotm-admit-card-2026/index.html[22m [2m(+19ms)[22m 
[2m16:38:24[22m   [34m├─[39m [2m/admit-cards/iob-local-bank-officer-lbo-admit-card-2026-out-dow-admit-card-2026/index.html[22m [2m(+12ms)[22m 
[2m16:38:24[22m   [34m├─[39m [2m/admit-cards/iocl-admit-card-2026-out-at-ioclcom-download-hall--admit-card-2026/index.html[22m [2m(+15ms)[22m 
[2m16:38:24[22m   [34m├─[39m [2m/admit-cards/tnpsc-group-1-admit-card-2026-released-check-detai-admit-card-2026/index.html[22m [2m(+30ms)[22m 
[2m16:38:24[22m   [34m├─[39m [2m/admit-cards/ladakh-police-constable-admit-card-2026-out-downlo-admit-card-2026/index.html[22m [2m(+20ms)[22m 
[2m16:38:24[22m   [34m├─[39m [2m/admit-cards/agniveervayu-admit-card-2026-released-download-hal-admit-card-2026/index.html[22m [2m(+57ms)[22m 
[2m16:38:24[22m   [34m├─[39m [2m/admit-cards/agniveer-vayu-intake-022027-admit-card-admit-card-2026/index.html[22m [2m(+148ms)[22m 
[2m16:38:24[22m   [34m├─[39m [2m/admit-cards/sbi-clerk-exam-date-2026-out-check-complete-offici-admit-card-2026/index.html[22m [2m(+100ms)[22m 
[2m16:38:24[22m   [34m├─[39m [2m/admit-cards/sbi-clerk-prelims-exam-date-2026-out-for-9766-vaca-admit-card-2026/index.html[22m [2m(+25ms)[22m 
[2m16:38:24[22m   [34m├─[39m [2m/admit-cards/iaf-agniveervayu-admit-card-2026-download-intake-0-admit-card-2026/index.html[22m [2m(+25ms)[22m 
[2m16:38:24[22m   [34m├─[39m [2m/admit-cards/psssb-clerk-exam-date-2026-out-check-official-sche-admit-card-2026/index.html[22m [2m(+16ms)[22m 
[2m16:38:24[22m   [34m├─[39m [2m/admit-cards/cseet-admit-card-october-2026-release-date-hall-ti-admit-card-2026/index.html[22m [2m(+115ms)[22m 
[2m16:38:24[22m   [34m├─[39m [2m/admit-cards/ladakh-police-constable-admit-card-2026-out-at-pol-admit-card-2026/index.html[22m [2m(+84ms)[22m 
[2m16:38:24[22m   [34m├─[39m [2m/admit-cards/iaf-agniveervayu-admit-card-2026-out-today-at-iafr-admit-card-2026/index.html[22m [2m(+15ms)[22m 
[2m16:38:24[22m   [34m├─[39m [2m/admit-cards/maharashtra-hsc-ssc-exam-dates-2027-announced-time-admit-card-2026/index.html[22m [2m(+17ms)[22m 
[2m16:38:24[22m   [34m├─[39m [2m/admit-cards/kmat-2026-expected-cutoff-for-top-karnataka-colleg-admit-card-2026/index.html[22m [2m(+86ms)[22m 
[2m16:38:25[22m   [34m├─[39m [2m/admit-cards/nios-october-2026-exams-practical-schedule-theory--admit-card-2026/index.html[22m [2m(+16ms)[22m 
[2m16:38:25[22m   [34m├─[39m [2m/admit-cards/tnpsc-group-1-prelims-hall-ticket-2026-out-at-tnps-admit-card-2026/index.html[22m [2m(+73ms)[22m 
[2m16:38:25[22m   [34m├─[39m [2m/admit-cards/tnpsc-group-1-hall-ticket-2026-out-at-tnpscgovin-e-admit-card-2026/index.html[22m [2m(+11ms)[22m 
[2m16:38:25[22m   [34m├─[39m [2m/admit-cards/tnpsc-group-1-prelims-hall-ticket-2026-released-at-admit-card-2026/index.html[22m [2m(+33ms)[22m 
[2m16:38:25[22m   [34m├─[39m [2m/admit-cards/iob-lbo-admit-card-2026-out-check-the-exam-date-di-admit-card-2026/index.html[22m [2m(+50ms)[22m 
[2m16:38:25[22m   [34m├─[39m [2m/admit-cards/karnataka-msc-ahs-mpt-hall-ticket-and-exam-timetab-admit-card-2026/index.html[22m [2m(+94ms)[22m 
[2m16:38:25[22m   [34m├─[39m [2m/admit-cards/tnpsc-group-1-admit-card-2026-out-know-steps-to-do-admit-card-2026/index.html[22m [2m(+88ms)[22m 
[2m16:38:25[22m   [34m├─[39m [2m/admit-cards/iocl-admit-card-2026-out-download-engineer-officer-admit-card-2026/index.html[22m [2m(+151ms)[22m 
[2m16:38:25[22m   [34m├─[39m [2m/admit-cards/csir-net-december-2026-exam-dates-schedule-importa-admit-card-2026/index.html[22m [2m(+14ms)[22m 
[2m16:38:25[22m   [34m├─[39m [2m/admit-cards/nta-exam-calendar-2026-27-released-check-jee-main--admit-card-2026/index.html[22m [2m(+13ms)[22m 
[2m16:38:25[22m   [34m├─[39m [2m/admit-cards/ugc-net-december-2026-exam-dates-schedule-importan-admit-card-2026/index.html[22m [2m(+38ms)[22m 
[2m16:38:25[22m   [34m├─[39m [2m/admit-cards/jee-main-admit-card-2027-hall-ticket-release-date--admit-card-2026/index.html[22m [2m(+41ms)[22m 
[2m16:38:25[22m   [34m├─[39m [2m/admit-cards/iocl-admit-card-2026-out-direct-hall-ticket-downlo-admit-card-2026/index.html[22m [2m(+40ms)[22m 
[2m16:38:25[22m   [34m├─[39m [2m/admit-cards/iocl-admit-card-2026-out-for-engineer-officer-post-admit-card-2026/index.html[22m [2m(+92ms)[22m 
[2m16:38:25[22m   [34m├─[39m [2m/admit-cards/tnpsc-group-1-admit-card-2026-released-prelims-on--admit-card-2026/index.html[22m [2m(+25ms)[22m 
[2m16:38:25[22m   [34m├─[39m [2m/admit-cards/tnpsc-group-1-admit-card-2026-out-download-hall-ti-admit-card-2026/index.html[22m [2m(+65ms)[22m 
[2m16:38:25[22m   [34m├─[39m [2m/admit-cards/rpsc-sub-inspector-admit-card-2026-download-hall-t-admit-card-2026/index.html[22m [2m(+52ms)[22m 
[2m16:38:25[22m   [34m├─[39m [2m/admit-cards/punjab-lecturer-cadre-admit-card-2026-download-lin-admit-card-2026/index.html[22m [2m(+57ms)[22m 
[2m16:38:25[22m   [34m├─[39m [2m/admit-cards/tnpsc-group-1-hall-ticket-2026-out-download-admit--admit-card-2026/index.html[22m [2m(+36ms)[22m 
[2m16:38:25[22m   [34m├─[39m [2m/admit-cards/upsc-epfo-apfc-exam-date-2026-out-check-exam-date--admit-card-2026/index.html[22m [2m(+17ms)[22m 
[2m16:38:26[22m   [34m├─[39m [2m/admit-cards/mat-september-cbt-admit-card-2026-released-exam-on-admit-card-2026/index.html[22m [2m(+56ms)[22m 
[2m16:38:26[22m   [34m├─[39m [2m/admit-cards/delhi-police-hc-physical-admit-card-2026-out-at-de-admit-card-2026/index.html[22m [2m(+251ms)[22m 
[2m16:38:26[22m   [34m├─[39m [2m/admit-cards/ossc-chsl-admit-card-2026-at-osscgovin-download-co-admit-card-2026/index.html[22m [2m(+47ms)[22m 
[2m16:38:26[22m   [34m├─[39m [2m/admit-cards/aima-mat-admit-card-2026-releases-today-at-5-pm-di-admit-card-2026/index.html[22m [2m(+32ms)[22m 
[2m16:38:26[22m   [34m├─[39m [2m/admit-cards/upsssc-pharmacist-ayurvedic-admit-card-2026-out-do-admit-card-2026/index.html[22m [2m(+28ms)[22m 
[2m16:38:26[22m   [34m├─[39m [2m/admit-cards/tnpsc-group-1-admit-card-2026-out-download-prelims-admit-card-2026/index.html[22m [2m(+24ms)[22m 
[2m16:38:26[22m   [34m├─[39m [2m/admit-cards/tnpsc-group-1-admit-card-2026-out-exam-date-admit--admit-card-2026/index.html[22m [2m(+27ms)[22m 
[2m16:38:26[22m   [34m├─[39m [2m/admit-cards/iocl-admit-card-2026-check-official-hall-ticket-li-admit-card-2026/index.html[22m [2m(+24ms)[22m 
[2m16:38:26[22m   [34m├─[39m [2m/admit-cards/osstet-admit-card-2026-at-bseodishanicin-download--admit-card-2026/index.html[22m [2m(+43ms)[22m 
[2m16:38:26[22m   [34m├─[39m [2m/admit-cards/aima-mat-september-2026-cbt-admit-card-released-at-admit-card-2026/index.html[22m [2m(+36ms)[22m 
[2m16:38:26[22m   [34m├─[39m [2m/admit-cards/rpsc-si-admit-card-out-for-re-exam-2021-download-h-admit-card-2026/index.html[22m [2m(+30ms)[22m 
[2m16:38:26[22m   [34m├─[39m [2m/admit-cards/tnpsc-group-1-hall-ticket-2026-out-download-ccse-p-admit-card-2026/index.html[22m [2m(+20ms)[22m 
[2m16:38:26[22m   [34m├─[39m [2m/admit-cards/dsssb-aso-admit-card-2026-out-at-dsssbdelhigovin-d-admit-card-2026/index.html[22m [2m(+32ms)[22m 
[2m16:38:26[22m   [34m├─[39m [2m/admit-cards/aima-releases-mat-september-cbt-admit-card-2026-ex-admit-card-2026/index.html[22m [2m(+36ms)[22m 
[2m16:38:26[22m   [34m├─[39m [2m/admit-cards/delhi-police-hc-physical-admit-card-2026-out-steps-admit-card-2026/index.html[22m [2m(+31ms)[22m 
[2m16:38:26[22m   [34m├─[39m [2m/admit-cards/mat-cbt-admit-card-2026-releasing-today-steps-to-d-admit-card-2026/index.html[22m [2m(+28ms)[22m 
[2m16:38:26[22m   [34m├─[39m [2m/admit-cards/mba-mat-admit-card-2026-out-today-check-how-to-dow-admit-card-2026/index.html[22m [2m(+219ms)[22m 
[2m16:38:26[22m   [34m├─[39m [2m/admit-cards/iocl-admit-card-2026-out-today-check-official-noti-admit-card-2026/index.html[22m [2m(+128ms)[22m 
[2m16:38:27[22m   [34m├─[39m [2m/admit-cards/iocl-admit-card-2026-out-today-download-engineer-o-admit-card-2026/index.html[22m [2m(+39ms)[22m 
[2m16:38:27[22m   [34m├─[39m [2m/admit-cards/tnpsc-group-1-hall-ticket-expected-today-check-how-admit-card-2026/index.html[22m [2m(+33ms)[22m 
[2m16:38:27[22m   [34m├─[39m [2m/admit-cards/ctet-syllabus-2026-check-exam-pattern-marking-sche-admit-card-2026/index.html[22m [2m(+141ms)[22m 
[2m16:38:27[22m   [34m├─[39m [2m/admit-cards/which-iit-built-the-most-unicorns-check-complete-c-admit-card-2026/index.html[22m [2m(+14ms)[22m 
[2m16:38:27[22m   [34m├─[39m [2m/admit-cards/jkssb-recruitment-2026-notification-out-for-2863-p-admit-card-2026/index.html[22m [2m(+93ms)[22m 
[2m16:38:27[22m   [34m├─[39m [2m/admit-cards/ssc-selection-post-phase-14-shift-3-exam-today-tim-admit-card-2026/index.html[22m [2m(+49ms)[22m 
[2m16:38:27[22m   [34m├─[39m [2m/admit-cards/mpesb-jail-prahari-assistant-jail-superintendent-p-admit-card-2026/index.html[22m [2m(+22ms)[22m 
[2m16:38:27[22m   [34m├─[39m [2m/admit-cards/rpsc-si-admit-card-2026-released-for-september-20--admit-card-2026/index.html[22m [2m(+45ms)[22m 
[2m16:38:27[22m   [34m├─[39m [2m/admit-cards/tnpsc-group-1-admit-card-2026-prelims-hall-ticket--admit-card-2026/index.html[22m [2m(+39ms)[22m 
[2m16:38:27[22m   [34m├─[39m [2m/admit-cards/rpsc-sub-inspector-admit-card-2026-out-for-re-exam-admit-card-2026/index.html[22m [2m(+143ms)[22m 
[2m16:38:27[22m   [34m├─[39m [2m/admit-cards/rpsc-si-admit-card-2026-out-at-rpscrajasthangovin--admit-card-2026/index.html[22m [2m(+22ms)[22m 
[2m16:38:27[22m   [34m├─[39m [2m/admit-cards/dsssb-aso-admit-card-2026-direct-link-to-download--admit-card-2026/index.html[22m [2m(+13ms)[22m 
[2m16:38:27[22m   [34m├─[39m [2m/admit-cards/tnpsc-group-1-admit-card-2026-download-prelims-hal-admit-card-2026/index.html[22m [2m(+16ms)[22m 
[2m16:38:27[22m   [34m├─[39m [2m/admit-cards/mat-admit-card-2026-to-be-out-today-exam-on-septem-admit-card-2026/index.html[22m [2m(+88ms)[22m 
[2m16:38:27[22m   [34m├─[39m [2m/admit-cards/rpsc-si-re-exam-admit-card-2026-out-download-hall--admit-card-2026/index.html[22m [2m(+35ms)[22m 
[2m16:38:27[22m   [34m├─[39m [2m/admit-cards/jkssb-admit-card-2026-at-jkssbnicin-check-junior-t-admit-card-2026/index.html[22m [2m(+29ms)[22m 
[2m16:38:27[22m   [34m├─[39m [2m/admit-cards/iocl-admit-card-2026-out-at-ioclcom-today-engineer-admit-card-2026/index.html[22m [2m(+30ms)[22m 
[2m16:38:27[22m   [34m├─[39m [2m/admit-cards/tnpsc-group-1-hall-ticket-2026-out-at-tnpscgovin-d-admit-card-2026/index.html[22m [2m(+71ms)[22m 
[2m16:38:28[22m   [34m├─[39m [2m/admit-cards/aima-mat-admit-card-2026-for-cbt-releasing-today-a-admit-card-2026/index.html[22m [2m(+164ms)[22m 
[2m16:38:28[22m   [34m├─[39m [2m/admit-cards/nta-jee-main-exam-date-2027-for-session-1-january--admit-card-2026/index.html[22m [2m(+21ms)[22m 
[2m16:38:28[22m   [34m├─[39m [2m/admit-cards/uksssc-scaler-recruitment-2026-notification-out-fo-admit-card-2026/index.html[22m [2m(+13ms)[22m 
[2m16:38:28[22m   [34m├─[39m [2m/admit-cards/nda-2-answer-key-2026-released-at-upscgovin-downlo-admit-card-2026/index.html[22m [2m(+36ms)[22m 
[2m16:38:28[22m   [34m├─[39m [2m/admit-cards/iim-kozhikode-nirf-ranking-2026-parameter-analysis-admit-card-2026/index.html[22m [2m(+84ms)[22m 
[2m16:38:28[22m   [34m├─[39m [2m/admit-cards/nirf-ranking-2026-soon-top-government-mba-colleges-admit-card-2026/index.html[22m [2m(+29ms)[22m 
[2m16:38:28[22m   [34m├─[39m [2m/admit-cards/coimbatore-medical-college-cutoff-2026-round-2-ope-admit-card-2026/index.html[22m [2m(+19ms)[22m 
[2m16:38:28[22m   [34m├─[39m [2m/admit-cards/tg-tet-answer-key-2026-released-at-tgtetaptonlinei-admit-card-2026/index.html[22m [2m(+207ms)[22m 
[2m16:38:28[22m   [34m├─[39m [2m/admit-cards/upsssc-excise-constable-admit-card-2026-out-direct-admit-card-2026/index.html[22m [2m(+19ms)[22m 
[2m16:38:28[22m   [34m├─[39m [2m/admit-cards/kmat-2026-mock-test-out-tomorrow-kmatindiacom-admit-card-2026/index.html[22m [2m(+75ms)[22m 
[2m16:38:28[22m   [34m├─[39m [2m/admit-cards/iocl-engineer-officer-admit-card-2026-out-today-ha-admit-card-2026/index.html[22m [2m(+44ms)[22m 
[2m16:38:28[22m   [34m├─[39m [2m/admit-cards/lady-hardinge-medical-college-cutoff-2026-check-ne-admit-card-2026/index.html[22m [2m(+20ms)[22m 
[2m16:38:28[22m   [34m├─[39m [2m/admit-cards/ashneer-grover-passed-out-of-which-institutions-ch-admit-card-2026/index.html[22m [2m(+19ms)[22m 
[2m16:38:28[22m   [34m├─[39m [2m/admit-cards/rrb-je-cbt-2-cutoff-2026-released-check-zone-wise--admit-card-2026/index.html[22m [2m(+35ms)[22m 
[2m16:38:28[22m   [34m├─[39m [2m/admit-cards/school-assembly-news-headlines-september-17-2026-t-admit-card-2026/index.html[22m [2m(+115ms)[22m 
[2m16:38:28[22m   [34m├─[39m [2m/admit-cards/rrb-je-application-status-2026-cen-042026-acceptan-admit-card-2026/index.html[22m [2m(+117ms)[22m 
[2m16:38:29[22m   [34m├─[39m [2m/admit-cards/rpsc-inspector-admit-card-2026-out-download-hall-t-admit-card-2026/index.html[22m [2m(+65ms)[22m 
[2m16:38:29[22m   [34m├─[39m [2m/admit-cards/cds-2-answer-key-2026-out-at-upscgovin-download-up-admit-card-2026/index.html[22m [2m(+30ms)[22m 
[2m16:38:29[22m   [34m├─[39m [2m/admit-cards/punjab-lecturer-cadre-admit-card-2026-out-exam-dat-admit-card-2026/index.html[22m [2m(+15ms)[22m 
[2m16:38:29[22m   [34m├─[39m [2m/admit-cards/kmat-admit-card-2026-released-download-hall-ticket-admit-card-2026/index.html[22m [2m(+19ms)[22m 
[2m16:38:29[22m   [34m├─[39m [2m/admit-cards/upsssc-excise-constable-admit-card-2026-download-h-admit-card-2026/index.html[22m [2m(+18ms)[22m 
[2m16:38:29[22m   [34m├─[39m [2m/admit-cards/upsssc-excise-constable-hall-ticket-2026-out-check-admit-card-2026/index.html[22m [2m(+19ms)[22m 
[2m16:38:29[22m   [34m├─[39m [2m/admit-cards/nirf-agriculture-ranking-2026-release-date-previou-admit-card-2026/index.html[22m [2m(+67ms)[22m 
[2m16:38:29[22m   [34m├─[39m [2m/admit-cards/upsssc-excise-constable-hall-ticket-2026-out-at-up-admit-card-2026/index.html[22m [2m(+274ms)[22m 
[2m16:38:29[22m   [34m├─[39m [2m/admit-cards/upsssc-excise-constable-admit-card-2026-out-at-ups-admit-card-2026/index.html[22m [2m(+16ms)[22m 
[2m16:38:29[22m   [34m├─[39m [2m/admit-cards/upsssc-pharmacist-admit-card-2026-released-downloa-admit-card-2026/index.html[22m [2m(+14ms)[22m 
[2m16:38:29[22m   [34m├─[39m [2m/admit-cards/upessc-up-prt-assistant-teacher-recruitment-2026-n-admit-card-2026/index.html[22m [2m(+13ms)[22m 
[2m16:38:29[22m   [34m├─[39m [2m/admit-cards/nmdc-steel-executive-trainee-exam-date-2026-out-ch-admit-card-2026/index.html[22m [2m(+28ms)[22m 
[2m16:38:29[22m   [34m├─[39m [2m/admit-cards/ssc-selection-post-phase-14-exam-2026-begins-today-admit-card-2026/index.html[22m [2m(+20ms)[22m 
[2m16:38:29[22m   [34m├─[39m [2m/admit-cards/seo-title-punjab-lecturer-cadre-admit-card-2026-re-admit-card-2026/index.html[22m [2m(+18ms)[22m 
[2m16:38:29[22m   [34m├─[39m [2m/admit-cards/iocl-admit-card-2026-release-tomorrow-check-exam-d-admit-card-2026/index.html[22m [2m(+23ms)[22m 
[2m16:38:29[22m   [34m├─[39m [2m/admit-cards/up-homeguard-physical-test-admit-card-released-for-admit-card-2026/index.html[22m [2m(+243ms)[22m 
[2m16:38:29[22m   [34m├─[39m [2m/admit-cards/kmat-2026-admit-card-direct-link-to-download-onlin-admit-card-2026/index.html[22m [2m(+44ms)[22m 
[2m16:38:29[22m   [34m├─[39m [2m/admit-cards/kmat-admit-card-2026-out-download-kppgca-hall-tick-admit-card-2026/index.html[22m [2m(+16ms)[22m 
[2m16:38:30[22m   [34m├─[39m [2m/admit-cards/upcisb-admit-card-2026-released-direct-link-to-dow-admit-card-2026/index.html[22m [2m(+73ms)[22m 
[2m16:38:30[22m   [34m├─[39m [2m/admit-cards/trti-admit-card-2026-released-download-hall-ticket-admit-card-2026/index.html[22m [2m(+45ms)[22m 
[2m16:38:30[22m   [34m├─[39m [2m/admit-cards/nmdc-admit-card-2026-out-for-executive-trainee-hal-admit-card-2026/index.html[22m [2m(+22ms)[22m 
[2m16:38:30[22m   [34m├─[39m [2m/admit-cards/nmdc-steel-executive-trainee-exam-date-2026-out-fo-admit-card-2026/index.html[22m [2m(+62ms)[22m 
[2m16:38:30[22m   [34m├─[39m [2m/admit-cards/up-pgt-exam-date-2026-out-schedule-notifications-i-admit-card-2026/index.html[22m [2m(+51ms)[22m 
[2m16:38:30[22m   [34m├─[39m [2m/admit-cards/kea-ksrp-hall-ticket-2026-out-download-admit-card--admit-card-2026/index.html[22m [2m(+145ms)[22m 
[2m16:38:30[22m   [34m├─[39m [2m/admit-cards/iocl-admit-card-2026-date-out-hall-ticket-for-engi-admit-card-2026/index.html[22m [2m(+19ms)[22m 
[2m16:38:30[22m   [34m├─[39m [2m/admit-cards/wb-neet-ug-round-2-reporting-2026-begins-know-docu-admit-card-2026/index.html[22m [2m(+18ms)[22m 
[2m16:38:30[22m   [34m├─[39m [2m/admit-cards/up-police-home-guard-pet-admit-card-2026-out-on-13-admit-card-2026/index.html[22m [2m(+84ms)[22m 
[2m16:38:30[22m   [34m├─[39m [2m/admit-cards/cbse-tentative-date-sheet-2027-big-update-board-li-admit-card-2026/index.html[22m [2m(+34ms)[22m 
[2m16:38:30[22m   [34m├─[39m [2m/admit-cards/nfc-nurse-a-exam-date-2026-out-complete-schedule-a-admit-card-2026/index.html[22m [2m(+32ms)[22m 
[2m16:38:30[22m   [34m├─[39m [2m/admit-cards/iob-lbo-exam-date-2026-out-check-exam-schedule-admit-card-2026/index.html[22m [2m(+53ms)[22m 
[2m16:38:30[22m   [34m├─[39m [2m/admit-cards/punjab-lecturer-cadre-admit-card-2026-released-exa-admit-card-2026/index.html[22m [2m(+162ms)[22m 
[2m16:38:30[22m   [34m├─[39m [2m/admit-cards/kmat-admit-card-2026-released-direct-link-to-downl-admit-card-2026/index.html[22m [2m(+119ms)[22m 
[2m16:38:30[22m   [34m├─[39m [2m/admit-cards/sbi-clerk-admit-card-2026-out-download-junior-asso-admit-card-2026/index.html[22m [2m(+21ms)[22m 
[2m16:38:30[22m   [34m├─[39m [2m/admit-cards/ssc-cgl-admit-card-2026-tier-1-hall-ticket-to-be-r-admit-card-2026/index.html[22m [2m(+19ms)[22m 
[2m16:38:30[22m   [34m├─[39m [2m/admit-cards/ruhs-college-of-medical-sciences-neet-cutoff-2026--admit-card-2026/index.html[22m [2m(+31ms)[22m 
[2m16:38:31[22m   [34m├─[39m [2m/admit-cards/osmania-medical-college-hyderabad-neet-ug-cutoff-2-admit-card-2026/index.html[22m [2m(+46ms)[22m 
[2m16:38:31[22m   [34m├─[39m [2m/admit-cards/iob-local-bank-officer-lbo-exam-date-2026-out-for--admit-card-2026/index.html[22m [2m(+37ms)[22m 
[2m16:38:31[22m   [34m├─[39m [2m/admit-cards/iocl-admit-card-2026-to-be-out-on-17-sept-for-engi-admit-card-2026/index.html[22m [2m(+266ms)[22m 
[2m16:38:31[22m   [34m├─[39m [2m/admit-cards/upcisb-admit-card-2026-out-for-je-assistant-manage-admit-card-2026/index.html[22m [2m(+34ms)[22m 
[2m16:38:31[22m   [34m├─[39m [2m/admit-cards/apsc-je-admit-card-2026-out-at-apscnicin-download--admit-card-2026/index.html[22m [2m(+31ms)[22m 
[2m16:38:31[22m   [34m├─[39m [2m/admit-cards/trti-admit-card-2026-out-at-cpetptrti-mahain-downl-admit-card-2026/index.html[22m [2m(+54ms)[22m 
[2m16:38:31[22m   [34m├─[39m [2m/admit-cards/upcatet-2026-offline-counselling-schedule-released-admit-card-2026/index.html[22m [2m(+200ms)[22m 
[2m16:38:31[22m   [34m├─[39m [2m/admit-cards/appsc-recruitment-2026-892-vacancies-group-1-posts-admit-card-2026/index.html[22m [2m(+99ms)[22m 
[2m16:38:31[22m   [34m├─[39m [2m/admit-cards/maha-tet-2026-exam-date-fresh-date-awaited-after-p-admit-card-2026/index.html[22m [2m(+66ms)[22m 
[2m16:38:31[22m   [34m├─[39m [2m/admit-cards/ctet-2026-new-exam-date-exam-on-december-12-and-13-admit-card-2026/index.html[22m [2m(+62ms)[22m 
[2m16:38:31[22m   [34m├─[39m [2m/admit-cards/ssc-cgl-tier-1-exam-date-2026-out-check-official-e-admit-card-2026/index.html[22m [2m(+53ms)[22m 
[2m16:38:31[22m   [34m├─[39m [2m/admit-cards/bhel-recruitment-exam-date-2026-check-latest-updat-admit-card-2026/index.html[22m [2m(+115ms)[22m 
[2m16:38:32[22m   [34m├─[39m [2m/admit-cards/iocl-admit-card-2026-releasing-today-download-hall-admit-card-2026/index.html[22m [2m(+170ms)[22m 
[2m16:38:32[22m   [34m├─[39m [2m/admit-cards/trti-hall-ticket-2026-out-download-cet-admit-card-admit-card-2026/index.html[22m [2m(+76ms)[22m 
[2m16:38:32[22m   [34m├─[39m [2m/admit-cards/upessc-principal-admit-card-2026-out-download-hall-admit-card-2026/index.html[22m [2m(+39ms)[22m 
[2m16:38:32[22m   [34m├─[39m [2m/admit-cards/ksrp-hall-ticket-2026-out-download-admit-card-now-admit-card-2026/index.html[22m [2m(+79ms)[22m 
[2m16:38:32[22m   [34m├─[39m [2m/admit-cards/punjab-lecturer-exam-2026-admit-card-out-check-how-admit-card-2026/index.html[22m [2m(+37ms)[22m 
[2m16:38:32[22m   [34m├─[39m [2m/admit-cards/punjab-lecturer-cadre-admit-card-2026-out-download-admit-card-2026/index.html[22m [2m(+49ms)[22m 
[2m16:38:32[22m   [34m├─[39m [2m/admit-cards/trti-hall-ticket-2026-out-at-cpetptrti-mahain-down-admit-card-2026/index.html[22m [2m(+66ms)[22m 
[2m16:38:32[22m   [34m├─[39m [2m/admit-cards/punjab-lecturer-admit-card-2026-released-download--admit-card-2026/index.html[22m [2m(+48ms)[22m 
[2m16:38:32[22m   [34m├─[39m [2m/admit-cards/punjab-lecturer-admit-card-2026-out-at-erdpunjabgo-admit-card-2026/index.html[22m [2m(+141ms)[22m 
[2m16:38:32[22m   [34m├─[39m [2m/admit-cards/nptel-hall-ticket-2026-direct-link-to-download-jul-admit-card-2026/index.html[22m [2m(+208ms)[22m 
[2m16:38:32[22m   [34m├─[39m [2m/admit-cards/nmdc-steel-executive-admit-card-2026-out-hall-tick-admit-card-2026/index.html[22m [2m(+70ms)[22m 
[2m16:38:33[22m   [34m├─[39m [2m/admit-cards/ksrp-hall-ticket-2026-out-direct-link-to-download--admit-card-2026/index.html[22m [2m(+95ms)[22m 
[2m16:38:33[22m   [34m├─[39m [2m/admit-cards/ctet-exam-dates-announced-cbse-update-on-admit-car-admit-card-2026/index.html[22m [2m(+94ms)[22m 
[2m16:38:33[22m   [34m├─[39m [2m/admit-cards/ctet-new-exam-date-2026-announced-check-revised-ex-admit-card-2026/index.html[22m [2m(+76ms)[22m 
[2m16:38:33[22m   [34m├─[39m [2m/admit-cards/trti-hall-ticket-2026-out-for-cet-exam-from-septem-admit-card-2026/index.html[22m [2m(+26ms)[22m 
[2m16:38:33[22m   [34m├─[39m [2m/admit-cards/upsssc-excise-constable-exam-city-intimation-2026--admit-card-2026/index.html[22m [2m(+18ms)[22m 
[2m16:38:33[22m   [34m├─[39m [2m/admit-cards/iocl-admit-card-2026-release-date-out-check-offici-admit-card-2026/index.html[22m [2m(+87ms)[22m 
[2m16:38:33[22m   [34m├─[39m [2m/admit-cards/punjab-lecturer-cadre-admit-card-2026-out-at-erdpu-admit-card-2026/index.html[22m [2m(+241ms)[22m 
[2m16:38:33[22m   [34m├─[39m [2m/admit-cards/trti-hall-ticket-2026-released-for-cet-exam-from-s-admit-card-2026/index.html[22m [2m(+92ms)[22m 
[2m16:38:33[22m   [34m├─[39m [2m/admit-cards/punjab-lecturer-cadre-admit-card-2026-out-hall-tic-admit-card-2026/index.html[22m [2m(+130ms)[22m 
[2m16:38:34[22m   [34m├─[39m [2m/admit-cards/hp-neet-mds-round-2-counselling-2026-schedule-date-admit-card-2026/index.html[22m [2m(+57ms)[22m 
[2m16:38:34[22m   [34m├─[39m [2m/admit-cards/tripura-neet-ug-round-2-seat-matrix-2026-released--admit-card-2026/index.html[22m [2m(+53ms)[22m 
[2m16:38:34[22m   [34m├─[39m [2m/admit-cards/rrb-paramedical-recruitment-2026-notification-out--admit-card-2026/index.html[22m [2m(+106ms)[22m 
[2m16:38:34[22m   [34m├─[39m [2m/admit-cards/top-nirf-2026-colleges-in-india-overall-rankings-p-admit-card-2026/index.html[22m [2m(+131ms)[22m 
[2m16:38:34[22m   [34m├─[39m [2m/admit-cards/aiims-neet-ug-cutoff-2026-check-round-2-and-3-open-admit-card-2026/index.html[22m [2m(+36ms)[22m 
[2m16:38:34[22m   [34m├─[39m [2m/admit-cards/ksrp-hall-ticket-2026-direct-link-to-download-karn-admit-card-2026/index.html[22m [2m(+193ms)[22m 
[2m16:38:34[22m   [34m├─[39m [2m/admit-cards/iocl-admit-card-2026-out-today-at-ioclcom-download-admit-card-2026/index.html[22m [2m(+190ms)[22m 
[2m16:38:34[22m   [34m├─[39m [2m/admit-cards/ctet-2026-exam-date-announced-check-exam-pattern-a-admit-card-2026/index.html[22m [2m(+46ms)[22m 
[2m16:38:34[22m   [34m├─[39m [2m/admit-cards/mh-set-2026-postponed-for-third-time-sppu-announce-admit-card-2026/index.html[22m [2m(+133ms)[22m 
[2m16:38:35[22m   [34m├─[39m [2m/admit-cards/neet-ug-counselling-2026-mcc-releases-round-3-stra-admit-card-2026/index.html[22m [2m(+46ms)[22m 
[2m16:38:35[22m   [34m├─[39m [2m/admit-cards/punjab-lecturer-cadre-admit-card-2026-released-hal-admit-card-2026/index.html[22m [2m(+144ms)[22m 
[2m16:38:35[22m   [34m├─[39m [2m/admit-cards/punjab-lecturer-cadre-admit-card-2026-released-at--admit-card-2026/index.html[22m [2m(+22ms)[22m 
[2m16:38:35[22m   [34m├─[39m [2m/admit-cards/iocl-exam-date-2026-out-check-official-schedule-fo-admit-card-2026/index.html[22m [2m(+308ms)[22m 
[2m16:38:35[22m   [34m├─[39m [2m/admit-cards/iocl-admit-card-2026-out-today-for-engineer-office-admit-card-2026/index.html[22m [2m(+15ms)[22m 
[2m16:38:35[22m   [34m├─[39m [2m/admit-cards/erd-punjab-lecturer-cadre-admit-card-2026-out-hall-admit-card-2026/index.html[22m [2m(+24ms)[22m 
[2m16:38:35[22m   [34m├─[39m [2m/admit-cards/nda-2-exam-2026-over-gat-maths-official-answer-key-admit-card-2026/index.html[22m [2m(+103ms)[22m 
[2m16:38:35[22m   [34m├─[39m [2m/admit-cards/cds-2-answer-key-2026-all-sets-at-upscgovin-soon-c-admit-card-2026/index.html[22m [2m(+295ms)[22m 
[2m16:38:36[22m   [34m├─[39m [2m/admit-cards/upsc-epfo-apfc-2026-last-date-extended-apply-onlin-admit-card-2026/index.html[22m [2m(+154ms)[22m 
[2m16:38:36[22m   [34m├─[39m [2m/admit-cards/gujarat-tat-secondary-mains-call-letter-2026-out-a-admit-card-2026/index.html[22m [2m(+31ms)[22m 
[2m16:38:36[22m   [34m├─[39m [2m/admit-cards/punjab-lecturer-admit-card-2026-out-hall-ticket-li-admit-card-2026/index.html[22m [2m(+32ms)[22m 
[2m16:38:36[22m   [34m├─[39m [2m/admit-cards/punjab-lecturer-cadre-admit-card-2026-out-erdpunja-admit-card-2026/index.html[22m [2m(+20ms)[22m 
[2m16:38:36[22m   [34m├─[39m [2m/admit-cards/ctet-revised-exam-date-2026-out-exam-on-december-1-admit-card-2026/index.html[22m [2m(+31ms)[22m 
[2m16:38:36[22m   [34m├─[39m [2m/admit-cards/ctet-exam-date-2026-released-at-ctetnicin-exam-on--admit-card-2026/index.html[22m [2m(+26ms)[22m 
[2m16:38:36[22m   [34m├─[39m [2m/admit-cards/upsc-nda-2-answer-key-2026-expected-soon-at-upscgo-admit-card-2026/index.html[22m [2m(+22ms)[22m 
[2m16:38:36[22m   [34m├─[39m [2m/admit-cards/mp-high-court-assistant-grade-3-admit-card-2026-up-admit-card-2026/index.html[22m [2m(+461ms)[22m 
[2m16:38:36[22m   [34m├─[39m [2m/admit-cards/ssc-selection-post-phase-14-admit-card-2026-out-do-admit-card-2026/index.html[22m [2m(+25ms)[22m 
[2m16:38:36[22m   [34m├─[39m [2m/admit-cards/rrb-ntpc-inter-level-admit-card-2026-out-cen-07202-admit-card-2026/index.html[22m [2m(+34ms)[22m 
[2m16:38:36[22m   [34m├─[39m [2m/admit-cards/andhra-pradesh-pgecet-counselling-2026-schedule-ou-admit-card-2026/index.html[22m [2m(+25ms)[22m 
[2m16:38:36[22m   [34m├─[39m [2m/admit-cards/rrb-ntpc-ug-cbt-2-admit-card-2026-download-hall-ti-admit-card-2026/index.html[22m [2m(+269ms)[22m 
[2m16:38:37[22m   [34m├─[39m [2m/admit-cards/fmge-december-2026-admit-card-release-date-time-wh-admit-card-2026/index.html[22m [2m(+150ms)[22m 
[2m16:38:37[22m   [34m├─[39m [2m/admit-cards/sbi-clerk-admit-card-2026-out-at-sbibankin-downloa-admit-card-2026/index.html[22m [2m(+309ms)[22m 
[2m16:38:37[22m   [34m├─[39m [2m/admit-cards/rajasthan-je-recruitment-2026-last-date-to-apply-o-admit-card-2026/index.html[22m [2m(+66ms)[22m 
[2m16:38:37[22m   [34m├─[39m [2m/admit-cards/isro-admit-card-2026-out-for-assistant-jpa-udc-and-admit-card-2026/index.html[22m [2m(+217ms)[22m 
[2m16:38:37[22m   [34m├─[39m [2m/admit-cards/gujarat-tat-s-mains-admit-card-2026-out-today-chec-admit-card-2026/index.html[22m [2m(+135ms)[22m 
[2m16:38:38[22m   [34m├─[39m [2m/admit-cards/gujarat-tat-s-mains-admit-card-2026-out-9download--admit-card-2026/index.html[22m [2m(+56ms)[22m 
[2m16:38:38[22m   [34m├─[39m [2m/admit-cards/kmat-admit-card-2026-download-link-and-exam-date-admit-card-2026/index.html[22m [2m(+19ms)[22m 
[2m16:38:38[22m   [34m├─[39m [2m/admit-cards/apsc-je-admit-card-2026-releasing-today-at-apscnic-admit-card-2026/index.html[22m [2m(+70ms)[22m 
[2m16:38:38[22m   [34m├─[39m [2m/admit-cards/apsc-je-hall-ticket-2026-out-download-junior-engin-admit-card-2026/index.html[22m [2m(+27ms)[22m 
[2m16:38:38[22m   [34m├─[39m [2m/admit-cards/gujarat-tat-s-mains-admit-card-2026-at-sebexamorg--admit-card-2026/index.html[22m [2m(+182ms)[22m 
[2m16:38:38[22m   [34m├─[39m [2m/admit-cards/mat-september-2026-cbt-admit-card-to-be-released-o-admit-card-2026/index.html[22m [2m(+86ms)[22m 
[2m16:38:38[22m   [34m├─[39m [2m/admit-cards/ssc-phase-14-admit-card-2026-out-direct-link-to-do-admit-card-2026/index.html[22m [2m(+54ms)[22m 
[2m16:38:38[22m   [34m├─[39m [2m/admit-cards/punjab-lecturer-admit-card-2026-hall-ticket-link-a-admit-card-2026/index.html[22m [2m(+40ms)[22m 
[2m16:38:38[22m   [34m├─[39m [2m/admit-cards/rrb-ntpc-ug-cbt-2-admit-card-2026-issued-download--admit-card-2026/index.html[22m [2m(+20ms)[22m 
[2m16:38:38[22m   [34m├─[39m [2m/admit-cards/railway-non-technical-undergraduate-cbt-2-admit-ca-admit-card-2026/index.html[22m [2m(+35ms)[22m 
[2m16:38:38[22m   [34m├─[39m [2m/admit-cards/rrb-ntpc-ug-cbt-2-admit-card-2026-released-downloa-admit-card-2026/index.html[22m [2m(+16ms)[22m 
[2m16:38:38[22m   [34m├─[39m [2m/admit-cards/rrb-ntpc-ug-admit-card-2026-out-get-cbt-2-hall-tic-admit-card-2026/index.html[22m [2m(+430ms)[22m 
[2m16:38:39[22m   [34m├─[39m [2m/admit-cards/ssc-nursing-officer-admit-card-2026-out-at-sscgovi-admit-card-2026/index.html[22m [2m(+17ms)[22m 
[2m16:38:39[22m   [34m├─[39m [2m/admit-cards/ssc-selection-post-phase-14-admit-card-2026-out-ss-admit-card-2026/index.html[22m [2m(+25ms)[22m 
[2m16:38:39[22m   [34m├─[39m [2m/admit-cards/jkssb-admit-card-2026-out-at-jkssbnicin-check-vari-admit-card-2026/index.html[22m [2m(+19ms)[22m 
[2m16:38:39[22m   [34m├─[39m [2m/admit-cards/isro-admit-card-2026-released-download-cbt-hall-ti-admit-card-2026/index.html[22m [2m(+16ms)[22m 
[2m16:38:39[22m   [34m├─[39m [2m/admit-cards/rpsc-police-si-exam-city-out-for-re-exam-2021-down-admit-card-2026/index.html[22m [2m(+229ms)[22m 
[2m16:38:39[22m   [34m├─[39m [2m/admit-cards/this-55-year-old-teacher-in-maharashtra-walks-5-km-admit-card-2026/index.html[22m [2m(+127ms)[22m 
[2m16:38:39[22m   [34m├─[39m [2m/admit-cards/feels-completely-unreasonable-iim-grad-claims-delh-admit-card-2026/index.html[22m [2m(+67ms)[22m 
[2m16:38:39[22m   [34m├─[39m [2m/admit-cards/after-more-than-20-years-of-research-iit-madras-de-admit-card-2026/index.html[22m [2m(+63ms)[22m 
[2m16:38:39[22m   [34m├─[39m [2m/admit-cards/i-fear-losing-stability-30-year-old-man-with-50-la-admit-card-2026/index.html[22m [2m(+117ms)[22m 
[2m16:38:39[22m   [34m├─[39m [2m/admit-cards/rrb-ntpc-ug-cbt-2-admit-card-2026-out-download-hal-admit-card-2026/index.html[22m [2m(+68ms)[22m 
[2m16:38:39[22m   [34m├─[39m [2m/admit-cards/rrb-ntpc-ug-admit-card-2026-out-download-cbt-2-hal-admit-card-2026/index.html[22m [2m(+26ms)[22m 
[2m16:38:39[22m   [34m├─[39m [2m/admit-cards/wbjee-decentralized-counselling-2026-new-allocatio-admit-card-2026/index.html[22m [2m(+175ms)[22m 
[2m16:38:40[22m   [34m├─[39m [2m/admit-cards/ssc-cgl-2026-exam-date-announced-exam-start-septem-admit-card-2026/index.html[22m [2m(+22ms)[22m 
[2m16:38:40[22m   [34m├─[39m [2m/admit-cards/cbse-date-sheet-2027-releasing-anytime-soon-check--admit-card-2026/index.html[22m [2m(+14ms)[22m 
[2m16:38:40[22m   [34m├─[39m [2m/admit-cards/mat-2026-exam-analysis-september-pbt-difficulty-le-admit-card-2026/index.html[22m [2m(+14ms)[22m 
[2m16:38:40[22m   [34m├─[39m [2m/admit-cards/ssc-cgl-tier-one-exam-dates-2026-announced-check-p-admit-card-2026/index.html[22m [2m(+46ms)[22m 
[2m16:38:40[22m   [34m├─[39m [2m/admit-cards/rbse-10th-compartment-admit-card-2026-out-admit-card-2026/index.html[22m [2m(+187ms)[22m 
[2m16:38:40[22m   [34m├─[39m [2m/admit-cards/rpsc-si-re-exam-2026-check-exam-city-and-admit-car-admit-card-2026/index.html[22m [2m(+106ms)[22m 
[2m16:38:40[22m   [34m├─[39m [2m/admit-cards/up-home-guard-pet-admit-card-declared-how-to-downl-admit-card-2026/index.html[22m [2m(+16ms)[22m 
[2m16:38:40[22m   [34m├─[39m [2m/admit-cards/ssc-cgl-2026-tier-1-exam-from-september-30-check-f-admit-card-2026/index.html[22m [2m(+18ms)[22m 
[2m16:38:40[22m   [34m├─[39m [2m/admit-cards/rajasthan-police-si-exam-city-2026-out-on-13-sep-f-admit-card-2026/index.html[22m [2m(+17ms)[22m 
[2m16:38:40[22m   [34m├─[39m [2m/admit-cards/rpsc-si-re-exam-city-slip-2026-released-download-e-admit-card-2026/index.html[22m [2m(+24ms)[22m 
[2m16:38:40[22m   [34m├─[39m [2m/admit-cards/ssc-cgl-exam-date-2026-out-check-tier-1-schedule-p-admit-card-2026/index.html[22m [2m(+366ms)[22m 
[2m16:38:40[22m   [34m├─[39m [2m/admit-cards/ap-eapcet-2027-eligibility-exam-date-syllabus-patt-admit-card-2026/index.html[22m [2m(+70ms)[22m 
[2m16:38:40[22m   [34m├─[39m [2m/admit-cards/ssc-cgl-exam-date-2026-out-check-tier-1-exam-sched-admit-card-2026/index.html[22m [2m(+77ms)[22m 
[2m16:38:40[22m   [34m├─[39m [2m/admit-cards/fmge-october-2026-admit-card-date-announced-check--admit-card-2026/index.html[22m [2m(+16ms)[22m 
[2m16:38:41[22m   [34m├─[39m [2m/admit-cards/up-police-home-guard-pet-admit-card-2026-out-downl-admit-card-2026/index.html[22m [2m(+22ms)[22m 
[2m16:38:41[22m   [34m├─[39m [2m/admit-cards/ssc-cgl-2026-tier-1-exam-dates-announced-check-sch-admit-card-2026/index.html[22m [2m(+18ms)[22m 
[2m16:38:41[22m   [34m├─[39m [2m/admit-cards/uppsc-gdc-assistant-professor-mains-admit-card-202-admit-card-2026/index.html[22m [2m(+10ms)[22m 
[2m16:38:41[22m   [34m├─[39m [2m/admit-cards/cat-2026-which-iims-can-you-get-at-85-percentile-i-admit-card-2026/index.html[22m [2m(+12ms)[22m 
[2m16:38:41[22m   [34m├─[39m [2m/admit-cards/cat-2026-which-iims-can-you-get-at-95-percentile-i-admit-card-2026/index.html[22m [2m(+57ms)[22m 
[2m16:38:41[22m   [34m├─[39m [2m/admit-cards/up-lekhpal-cut-off-2026-check-category-wise-pet-qu-admit-card-2026/index.html[22m [2m(+120ms)[22m 
[2m16:38:41[22m   [34m├─[39m [2m/admit-cards/rrb-je-recruitment-2026-last-date-tomorrow-apply-o-admit-card-2026/index.html[22m [2m(+17ms)[22m 
[2m16:38:41[22m   [34m├─[39m [2m/admit-cards/isc-class-12-geography-specimen-paper-2026-27-down-admit-card-2026/index.html[22m [2m(+23ms)[22m 
[2m16:38:41[22m   [34m├─[39m [2m/admit-cards/cgssb-admit-card-2026-out-download-sample-assistan-admit-card-2026/index.html[22m [2m(+284ms)[22m 
[2m16:38:41[22m   [34m├─[39m [2m/admit-cards/up-home-guard-admit-card-2026-out-direct-link-to-d-admit-card-2026/index.html[22m [2m(+82ms)[22m 
[2m16:38:41[22m   [34m├─[39m [2m/admit-cards/icsi-cseet-admit-card-october-2026-soon-at-icsiedu-admit-card-2026/index.html[22m [2m(+17ms)[22m 
[2m16:38:41[22m   [34m├─[39m [2m/admit-cards/jkssb-admit-card-2026-at-jkssbnicin-check-various--admit-card-2026/index.html[22m [2m(+18ms)[22m 
[2m16:38:41[22m   [34m├─[39m [2m/admit-cards/nbems-recruitment-admit-card-2026-out-natboardedui-admit-card-2026/index.html[22m [2m(+26ms)[22m 
[2m16:38:41[22m   [34m├─[39m [2m/admit-cards/incho-cut-off-2027-group-a-and-group-b-cutoff-mark-admit-card-2026/index.html[22m [2m(+21ms)[22m 
[2m16:38:41[22m   [34m├─[39m [2m/admit-cards/odisha-sams-pg-admission-2026-phase-2-choice-locki-admit-card-2026/index.html[22m [2m(+29ms)[22m 
[2m16:38:41[22m   [34m├─[39m [2m/admit-cards/osssc-nursing-officer-admit-card-2026-out-at-osssc-admit-card-2026/index.html[22m [2m(+64ms)[22m 
[2m16:38:41[22m   [34m├─[39m [2m/admit-cards/agniveervayu-city-slip-2026-released-check-exam-da-admit-card-2026/index.html[22m [2m(+148ms)[22m 
[2m16:38:41[22m   [34m├─[39m [2m/admit-cards/uhsr-cet-admit-card-2026-released-for-bsc-nursing--admit-card-2026/index.html[22m [2m(+57ms)[22m 
[2m16:38:42[22m   [34m├─[39m [2m/admit-cards/punjab-bed-admit-card-2026-out-direct-link-to-down-admit-card-2026/index.html[22m [2m(+19ms)[22m 
[2m16:38:42[22m   [34m├─[39m [2m/admit-cards/patna-high-court-admit-card-2026-out-download-assi-admit-card-2026/index.html[22m [2m(+19ms)[22m 
[2m16:38:42[22m   [34m├─[39m [2m/admit-cards/up-lekhpal-cut-off-2026-out-check-category-wise-cu-admit-card-2026/index.html[22m [2m(+18ms)[22m 
[2m16:38:42[22m   [34m├─[39m [2m/admit-cards/upsc-cds-2-exam-2026-check-shift-timings-reporting-admit-card-2026/index.html[22m [2m(+20ms)[22m 
[2m16:38:42[22m   [34m├─[39m [2m/admit-cards/up-homeguard-pet-admit-card-2026-check-revised-sch-admit-card-2026/index.html[22m [2m(+34ms)[22m 
[2m16:38:42[22m   [34m├─[39m [2m/admit-cards/nbems-admit-card-2026-declared-how-to-download-the-admit-card-2026/index.html[22m [2m(+31ms)[22m 
[2m16:38:42[22m   [34m├─[39m [2m/admit-cards/upsc-nda-cds-2-exam-2026-delhi-metro-to-start-serv-admit-card-2026/index.html[22m [2m(+31ms)[22m 
[2m16:38:42[22m   [34m├─[39m [2m/admit-cards/mbbs-interns-to-get-rs-25000-stipend-check-full-de-admit-card-2026/index.html[22m [2m(+30ms)[22m 
[2m16:38:42[22m   [34m├─[39m [2m/admit-cards/cbse-class-10-board-exam-date-sheet-2027-check-exp-admit-card-2026/index.html[22m [2m(+40ms)[22m 
[2m16:38:42[22m   [34m├─[39m [2m/admit-cards/rajasthan-cet-exam-date-2026-out-at-rssbrajasthang-admit-card-2026/index.html[22m [2m(+482ms)[22m 
[2m16:38:42[22m   [34m├─[39m [2m/admit-cards/indian-air-force-airmen-medical-assistant-022027-e-admit-card-2026/index.html[22m [2m(+17ms)[22m 
[2m16:38:42[22m   [34m├─[39m [2m/admit-cards/nirf-ranking-2026-release-date-expected-timeline-p-admit-card-2026/index.html[22m [2m(+14ms)[22m 
[2m16:38:42[22m   [34m├─[39m [2m/admit-cards/mat-pbt-2026-exam-tomorrow-september-13-check-repo-admit-card-2026/index.html[22m [2m(+49ms)[22m 
[2m16:38:42[22m   [34m├─[39m [2m/admit-cards/osssc-nursing-officer-admit-card-2026-out-ossscgov-admit-card-2026/index.html[22m [2m(+18ms)[22m 
[2m16:38:42[22m   [34m├─[39m [2m/admit-cards/hal-mt-dt-interview-call-letter-2026-released-down-admit-card-2026/index.html[22m [2m(+132ms)[22m 
[2m16:38:42[22m   [34m├─[39m [2m/admit-cards/nmc-releases-revised-mbbs-seat-matrix-2026-27-tota-admit-card-2026/index.html[22m [2m(+68ms)[22m 
[2m16:38:43[22m   [34m├─[39m [2m/admit-cards/iaf-agniveervayu-intake-022027-exam-city-intimatio-admit-card-2026/index.html[22m [2m(+129ms)[22m 
[2m16:38:43[22m   [34m├─[39m [2m/admit-cards/nbems-admit-card-2026-out-for-junior-assistant-ste-admit-card-2026/index.html[22m [2m(+38ms)[22m 
[2m16:38:43[22m   [34m├─[39m [2m/admit-cards/indian-air-force-agniveervayu-city-slip-2026-out-a-admit-card-2026/index.html[22m [2m(+13ms)[22m 
[2m16:38:43[22m   [34m├─[39m [2m/admit-cards/iaf-agniveervayu-city-intimation-slip-2026-release-admit-card-2026/index.html[22m [2m(+85ms)[22m 
[2m16:38:43[22m   [34m├─[39m [2m/admit-cards/up-lekhpal-cut-off-2026-out-category-wise-cut-off--admit-card-2026/index.html[22m [2m(+153ms)[22m 
[2m16:38:43[22m   [34m├─[39m [2m/admit-cards/aima-mat-2026-pbt-admit-card-released-at-mataimain-admit-card-2026/index.html[22m [2m(+49ms)[22m 
[2m16:38:43[22m   [34m├─[39m [2m/admit-cards/osssc-nursing-officer-admit-card-2026-out-hall-tic-admit-card-2026/index.html[22m [2m(+62ms)[22m 
[2m16:38:43[22m   [34m├─[39m [2m/admit-cards/osssc-nursing-officer-admit-card-2026-out-download-admit-card-2026/index.html[22m [2m(+33ms)[22m 
[2m16:38:43[22m   [34m├─[39m [2m/admit-cards/upsc-nda-cds-2-exam-2026-delhi-metro-to-run-from-6-admit-card-2026/index.html[22m [2m(+17ms)[22m 
[2m16:38:43[22m   [34m├─[39m [2m/admit-cards/up-home-guard-pet-exam-date-out-at-upssscgovin-che-admit-card-2026/index.html[22m [2m(+17ms)[22m 
[2m16:38:43[22m   [34m├─[39m [2m/admit-cards/hptet-application-form-2026-released-apply-online--admit-card-2026/index.html[22m [2m(+20ms)[22m 
[2m16:38:43[22m   [34m├─[39m [2m/admit-cards/set-2026-test-02-admit-card-out-direct-link-how-to-admit-card-2026/index.html[22m [2m(+28ms)[22m 
[2m16:38:43[22m   [34m├─[39m [2m/admit-cards/osssc-nursing-officer-admit-card-2026-out-upssscgo-admit-card-2026/index.html[22m [2m(+33ms)[22m 
[2m16:38:43[22m   [34m├─[39m [2m/admit-cards/school-assembly-news-headlines-today-11-september--admit-card-2026/index.html[22m [2m(+38ms)[22m 
[2m16:38:43[22m   [34m├─[39m [2m/admit-cards/sainik-school-ambikapur-recruitment-2026-apply-tod-admit-card-2026/index.html[22m [2m(+24ms)[22m 
[2m16:38:43[22m   [34m├─[39m [2m/admit-cards/airforce-group-y-medical-assistant-exam-city-2026--admit-card-2026/index.html[22m [2m(+21ms)[22m 
[2m16:38:43[22m   [34m├─[39m [2m/admit-cards/ugc-net-june-re-exam-answer-key-2026-out-heres-how-admit-card-2026/index.html[22m [2m(+23ms)[22m 
[2m16:38:43[22m   [34m├─[39m [2m/admit-cards/csir-net-2026-cutoff-out-check-category-wise-quali-admit-card-2026/index.html[22m [2m(+27ms)[22m 
[2m16:38:43[22m   [34m├─[39m [2m/admit-cards/csir-aso-cpt-admit-card-2026-download-today-before-admit-card-2026/index.html[22m [2m(+32ms)[22m 
[2m16:38:43[22m   [34m├─[39m [2m/admit-cards/rpsc-si-exam-city-slip-2026-check-exam-city-admit--admit-card-2026/index.html[22m [2m(+37ms)[22m 
[2m16:38:43[22m   [34m├─[39m [2m/admit-cards/icsi-cseet-admit-card-october-2026-hall-ticket-to--admit-card-2026/index.html[22m [2m(+35ms)[22m 
[2m16:38:43[22m   [34m├─[39m [2m/admit-cards/cgpsc-adpo-admit-card-2026-released-check-exam-dat-admit-card-2026/index.html[22m [2m(+296ms)[22m 
[2m16:38:44[22m   [34m├─[39m [2m/admit-cards/osssc-nursing-officer-admit-card-2026-hall-ticket--admit-card-2026/index.html[22m [2m(+26ms)[22m 
[2m16:38:44[22m   [34m├─[39m [2m/admit-cards/nbems-admit-card-2026-out-at-natboardeduin-hall-ti-admit-card-2026/index.html[22m [2m(+33ms)[22m 
[2m16:38:44[22m   [34m├─[39m [2m/admit-cards/chhattisgarh-orders-safety-audits-of-hostels-pgs-a-admit-card-2026/index.html[22m [2m(+35ms)[22m 
[2m16:38:44[22m   [34m├─[39m [2m/admit-cards/kmat-2026-mock-test-date-announced-september-17-an-admit-card-2026/index.html[22m [2m(+46ms)[22m 
[2m16:38:44[22m   [34m├─[39m [2m/admit-cards/up-home-guard-pet-postponed-2026-physical-test-def-admit-card-2026/index.html[22m [2m(+43ms)[22m 
[2m16:38:44[22m   [34m├─[39m [2m/admit-cards/iaf-agniveervayu-city-slip-2026-released-for-intak-admit-card-2026/index.html[22m [2m(+51ms)[22m 
[2m16:38:44[22m   [34m├─[39m [2m/admit-cards/up-home-guard-pet-2026-postponed-again-due-to-rain-admit-card-2026/index.html[22m [2m(+42ms)[22m 
[2m16:38:44[22m   [34m├─[39m [2m/admit-cards/rpsc-si-exam-city-slip-2026-check-release-date-adm-admit-card-2026/index.html[22m [2m(+47ms)[22m 
[2m16:38:44[22m   [34m├─[39m [2m/admit-cards/wb-12th-class-exam-dates-2027-revised-check-comple-admit-card-2026/index.html[22m [2m(+391ms)[22m 
[2m16:38:44[22m   [34m├─[39m [2m/admit-cards/aiims-norcet-11-2026-admit-card-released-admit-card-2026/index.html[22m [2m(+24ms)[22m 
[2m16:38:45[22m   [34m├─[39m [2m/admit-cards/osssc-nursing-officer-admit-card-2026-soon-check-e-admit-card-2026/index.html[22m [2m(+18ms)[22m 
[2m16:38:45[22m   [34m├─[39m [2m/admit-cards/rrb-section-controller-city-intimation-slip-2026-c-admit-card-2026/index.html[22m [2m(+25ms)[22m 
[2m16:38:45[22m   [34m├─[39m [2m/admit-cards/ayush-neet-2026-round-1-choice-filling-ongoing-las-admit-card-2026/index.html[22m [2m(+22ms)[22m 
[2m16:38:45[22m   [34m├─[39m [2m/admit-cards/isro-admit-card-2026-udc-pa-stenographer-hall-tick-admit-card-2026/index.html[22m [2m(+107ms)[22m 
[2m16:38:45[22m   [34m├─[39m [2m/admit-cards/bsf-answer-key-2026-out-hcm-asi-steno-response-she-admit-card-2026/index.html[22m [2m(+264ms)[22m 
[2m16:38:45[22m   [34m├─[39m [2m/admit-cards/sbi-po-mains-admit-card-2026-out-exam-tomorrow-on--admit-card-2026/index.html[22m [2m(+70ms)[22m 
[2m16:38:45[22m   [34m├─[39m [2m/admit-cards/aiims-norcet-11-admit-card-2026-exam-tomorrow-admit-card-2026/index.html[22m [2m(+88ms)[22m 
[2m16:38:45[22m   [34m├─[39m [2m/admit-cards/mp-raeo-admit-card-2026-out-check-hall-ticket-admit-card-2026/index.html[22m [2m(+127ms)[22m 
[2m16:38:45[22m   [34m├─[39m [2m/admit-cards/mat-admit-card-2026-out-download-link-pbt-exam-dat-admit-card-2026/index.html[22m [2m(+10ms)[22m 
[2m16:38:45[22m   [34m├─[39m [2m/admit-cards/uhsr-cet-admit-card-2026-out-download-bsc-nursing--admit-card-2026/index.html[22m [2m(+31ms)[22m 
[2m16:38:45[22m   [34m├─[39m [2m/admit-cards/icsi-cseet-admit-card-october-2026-soon-check-down-admit-card-2026/index.html[22m [2m(+42ms)[22m 
[2m16:38:45[22m   [34m├─[39m [2m/admit-cards/kmat-admit-card-2026-release-date-download-link-ex-admit-card-2026/index.html[22m [2m(+38ms)[22m 
[2m16:38:45[22m   [34m├─[39m [2m/admit-cards/mp-raeo-admit-card-2026-out-for-2784-agriculture-e-admit-card-2026/index.html[22m [2m(+18ms)[22m 
[2m16:38:45[22m   [34m├─[39m [2m/admit-cards/nbems-admit-card-2026-out-today-hall-ticket-for-53-admit-card-2026/index.html[22m [2m(+19ms)[22m 
[2m16:38:45[22m   [34m├─[39m [2m/admit-cards/six-iit-bombay-faculty-members-elected-insa-fellow-admit-card-2026/index.html[22m [2m(+22ms)[22m 
[2m16:38:45[22m   [34m├─[39m [2m/admit-cards/upsssc-senior-instructor-recruitment-2026-apply-fo-admit-card-2026/index.html[22m [2m(+18ms)[22m 
[2m16:38:45[22m   [34m├─[39m [2m/admit-cards/cat-2026-iim-indore-to-close-application-window-on-admit-card-2026/index.html[22m [2m(+28ms)[22m 
[2m16:38:45[22m   [34m├─[39m [2m/admit-cards/rrb-technician-exam-dates-2026-out-cbt-1-schedule--admit-card-2026/index.html[22m [2m(+25ms)[22m 
[2m16:38:45[22m   [34m├─[39m [2m/admit-cards/mp-raeo-admit-card-2026-declared-mpesb-hall-ticket-admit-card-2026/index.html[22m [2m(+26ms)[22m 
[2m16:38:46[22m   [34m├─[39m [2m/admit-cards/mp-raeo-admit-card-2026-released-hall-ticket-out-f-admit-card-2026/index.html[22m [2m(+26ms)[22m 
[2m16:38:46[22m   [34m├─[39m [2m/admit-cards/icsi-cseet-admit-card-october-2026-to-be-released--admit-card-2026/index.html[22m [2m(+37ms)[22m 
[2m16:38:46[22m   [34m├─[39m [2m/admit-cards/mp-raeo-admit-card-2026-out-mpesb-hall-ticket-rele-admit-card-2026/index.html[22m [2m(+45ms)[22m 
[2m16:38:46[22m   [34m├─[39m [2m/admit-cards/upsssc-pet-exam-date-2026-released-check-schedule-admit-card-2026/index.html[22m [2m(+50ms)[22m 
[2m16:38:46[22m   [34m├─[39m [2m/admit-cards/pgims-rohtak-bsc-nursing-admit-card-2026-out-uhsra-admit-card-2026/index.html[22m [2m(+51ms)[22m 
[2m16:38:46[22m   [34m├─[39m [2m/admit-cards/isro-admit-card-2026-exam-city-out-for-assistant-u-admit-card-2026/index.html[22m [2m(+47ms)[22m 
[2m16:38:46[22m   [34m├─[39m [2m/admit-cards/mht-cet-mba-admit-card-2027-admit-card-2026/index.html[22m [2m(+364ms)[22m 
[2m16:38:46[22m   [34m├─[39m [2m/admit-cards/isro-admit-card-2026-for-udc-pa-and-stenographer-h-admit-card-2026/index.html[22m [2m(+17ms)[22m 
[2m16:38:46[22m   [34m├─[39m [2m/admit-cards/delhi-police-constable-pet-admit-card-2026-admit-card-2026/index.html[22m [2m(+23ms)[22m 
[2m16:38:46[22m   [34m├─[39m [2m/admit-cards/rrb-technician-exam-date-2026-out-check-complete-e-admit-card-2026/index.html[22m [2m(+25ms)[22m 
[2m16:38:46[22m   [34m├─[39m [2m/admit-cards/mp-raeo-admit-card-2026-released-download-krishi-v-admit-card-2026/index.html[22m [2m(+426ms)[22m 
[2m16:38:47[22m   [34m├─[39m [2m/admit-cards/nda-2-exam-date-2026-and-exam-schedule-admit-card-2026/index.html[22m [2m(+34ms)[22m 
[2m16:38:47[22m   [34m├─[39m [2m/admit-cards/kmat-admit-card-2026-live-hall-ticket-soon-at-kmat-admit-card-2026/index.html[22m [2m(+33ms)[22m 
[2m16:38:47[22m   [34m├─[39m [2m/admit-cards/sbi-clerk-backlog-admit-card-2026-out-check-hall-t-admit-card-2026/index.html[22m [2m(+50ms)[22m 
[2m16:38:47[22m   [34m├─[39m [2m/admit-cards/isro-admit-card-2026-out-download-hall-ticket-and--admit-card-2026/index.html[22m [2m(+68ms)[22m 
[2m16:38:47[22m   [34m├─[39m [2m/admit-cards/delhi-police-pet-admit-card-2026-released-download-admit-card-2026/index.html[22m [2m(+180ms)[22m 
[2m16:38:47[22m   [34m├─[39m [2m/admit-cards/kmat-admit-card-2026-anytime-soon-download-hall-ti-admit-card-2026/index.html[22m [2m(+158ms)[22m 
[2m16:38:47[22m   [34m├─[39m [2m/admit-cards/kmat-admit-card-2026-kppgca-to-release-hall-ticket-admit-card-2026/index.html[22m [2m(+33ms)[22m 
[2m16:38:47[22m   [34m├─[39m [2m/admit-cards/isro-admit-card-2026-out-for-assistant-udc-jpa-ste-admit-card-2026/index.html[22m [2m(+143ms)[22m 
[2m16:38:47[22m   [34m├─[39m [2m/admit-cards/upsssc-pet-2026-exam-dates-announced-check-shift-t-admit-card-2026/index.html[22m [2m(+83ms)[22m 
[2m16:38:47[22m   [34m├─[39m [2m/admit-cards/delhi-police-pet-admit-card-2026-download-link-act-admit-card-2026/index.html[22m [2m(+50ms)[22m 
[2m16:38:47[22m   [34m├─[39m [2m/admit-cards/ctet-2026-revised-exam-date-22nd-edition-city-slip-admit-card-2026/index.html[22m [2m(+145ms)[22m 
[2m16:38:48[22m   [34m├─[39m [2m/admit-cards/pgims-rohtak-bsc-nursing-admit-card-2026-out-today-admit-card-2026/index.html[22m [2m(+36ms)[22m 
[2m16:38:48[22m   [34m├─[39m [2m/admit-cards/isro-icrb-admit-card-2026-released-assistant-jpa-u-admit-card-2026/index.html[22m [2m(+85ms)[22m 
[2m16:38:48[22m   [34m├─[39m [2m/admit-cards/kmat-2026-admit-card-expected-soon-check-hall-tick-admit-card-2026/index.html[22m [2m(+49ms)[22m 
[2m16:38:48[22m   [34m├─[39m [2m/admit-cards/nios-practical-hall-ticket-2026-class-10-12-releas-admit-card-2026/index.html[22m [2m(+46ms)[22m 
[2m16:38:48[22m   [34m├─[39m [2m/admit-cards/aima-mat-2026-pbt-admit-card-hall-ticket-expected--admit-card-2026/index.html[22m [2m(+49ms)[22m 
[2m16:38:48[22m   [34m├─[39m [2m/admit-cards/aima-mat-2026-pbt-admit-card-to-be-released-today--admit-card-2026/index.html[22m [2m(+174ms)[22m 
[2m16:38:48[22m   [34m├─[39m [2m/admit-cards/nios-hall-ticket-2026-issued-for-class-10-12-check-admit-card-2026/index.html[22m [2m(+233ms)[22m 
[2m16:38:48[22m   [34m├─[39m [2m/admit-cards/kmat-2026-admit-card-expected-soon-know-exam-date--admit-card-2026/index.html[22m [2m(+145ms)[22m 
[2m16:38:48[22m   [34m├─[39m [2m/admit-cards/isro-admit-card-2026-out-for-udc-pa-and-stenograph-admit-card-2026/index.html[22m [2m(+63ms)[22m 
[2m16:38:48[22m   [34m├─[39m [2m/admit-cards/up-home-guard-pet-2026-new-date-exam-on-september--admit-card-2026/index.html[22m [2m(+125ms)[22m 
[2m16:38:49[22m   [34m├─[39m [2m/admit-cards/up-home-guard-admit-card-2026-direct-link-to-downl-admit-card-2026/index.html[22m [2m(+399ms)[22m 
[2m16:38:49[22m   [34m├─[39m [2m/admit-cards/jalgaon-mind-spring-26-to-turn-students-innovative-admit-card-2026/index.html[22m [2m(+66ms)[22m 
[2m16:38:49[22m   [34m├─[39m [2m/admit-cards/up-home-guard-admit-card-2026-revised-pet-date-and-admit-card-2026/index.html[22m [2m(+50ms)[22m 
[2m16:38:49[22m   [34m├─[39m [2m/admit-cards/cds-2-exam-centre-2026-check-complete-city-list-an-admit-card-2026/index.html[22m [2m(+44ms)[22m 
[2m16:38:49[22m   [34m├─[39m [2m/admit-cards/cds-2-exam-date-2026-upsc-exam-on-september-13-adm-admit-card-2026/index.html[22m [2m(+40ms)[22m 
[2m16:38:49[22m   [34m├─[39m [2m/admit-cards/delhi-police-constable-pet-admit-card-2026-out-che-admit-card-2026/index.html[22m [2m(+445ms)[22m 
[2m16:38:50[22m   [34m├─[39m [2m/admit-cards/mp-police-asi-hc-practical-admit-card-2026-out-at--admit-card-2026/index.html[22m [2m(+68ms)[22m 
[2m16:38:50[22m   [34m├─[39m [2m/admit-cards/nda-2-admit-card-2026-out-download-hall-ticket-admit-card-2026/index.html[22m [2m(+32ms)[22m 
[2m16:38:50[22m   [34m├─[39m [2m/admit-cards/kmat-admit-card-2026-soon-download-hall-ticket-at--admit-card-2026/index.html[22m [2m(+37ms)[22m 
[2m16:38:50[22m   [34m├─[39m [2m/admit-cards/ssc-delhi-police-constable-admit-card-2026-release-admit-card-2026/index.html[22m [2m(+27ms)[22m 
[2m16:38:50[22m   [34m├─[39m [2m/admit-cards/cbse-teacher-eligibility-test-2026-city-slip-admit-admit-card-2026/index.html[22m [2m(+80ms)[22m 
[2m16:38:50[22m   [34m├─[39m [2m/admit-cards/aiims-norcet-11-admit-card-2026-check-how-to-downl-admit-card-2026/index.html[22m [2m(+105ms)[22m 
[2m16:38:50[22m   [34m├─[39m [2m/admit-cards/aima-mat-admit-card-2026-for-pbt-releasing-today-a-admit-card-2026/index.html[22m [2m(+36ms)[22m 
[2m16:38:50[22m   [34m├─[39m [2m/admit-cards/management-aptitude-test-pbt-admit-card-2026-relea-admit-card-2026/index.html[22m [2m(+169ms)[22m 
[2m16:38:50[22m   [34m├─[39m [2m/admit-cards/aima-mat-admit-card-2026-pbt-hall-ticket-releasing-admit-card-2026/index.html[22m [2m(+83ms)[22m 
[2m16:38:50[22m   [34m├─[39m [2m/admit-cards/mat-september-pbt-admit-card-2026-released-downloa-admit-card-2026/index.html[22m [2m(+196ms)[22m 
[2m16:38:51[22m   [34m├─[39m [2m/admit-cards/aima-mat-2026-pbt-admit-card-today-at-mataimain-do-admit-card-2026/index.html[22m [2m(+72ms)[22m 
[2m16:38:51[22m   [34m├─[39m [2m/admit-cards/aima-mat-2026-pbt-admit-card-to-be-out-today-check-admit-card-2026/index.html[22m [2m(+33ms)[22m 
[2m16:38:51[22m   [34m├─[39m [2m/admit-cards/aiims-norcet-11-admit-card-2026-out-download-exam--admit-card-2026/index.html[22m [2m(+44ms)[22m 
[2m16:38:51[22m   [34m├─[39m [2m/admit-cards/bihar-police-constable-admit-card-2026-out-at-csbc-admit-card-2026/index.html[22m [2m(+35ms)[22m 
[2m16:38:51[22m   [34m├─[39m [2m/admit-cards/upsssc-pet-2026-on-october-23-24-25-exam-to-be-hel-admit-card-2026/index.html[22m [2m(+35ms)[22m 
[2m16:38:51[22m   [34m├─[39m [2m/admit-cards/how-to-download-norcet-11-admit-card-2026-process--admit-card-2026/index.html[22m [2m(+253ms)[22m 
[2m16:38:51[22m   [34m├─[39m [2m/admit-cards/aiims-norcet-11-admit-card-2026-released-check-det-admit-card-2026/index.html[22m [2m(+146ms)[22m 
[2m16:38:51[22m   [34m├─[39m [2m/admit-cards/upessc-assistant-professor-recruitment-2026-notifi-admit-card-2026/index.html[22m [2m(+156ms)[22m 
[2m16:38:51[22m   [34m├─[39m [2m/admit-cards/hardik-pandya-injury-update-indian-all-rounder-to--admit-card-2026/index.html[22m [2m(+100ms)[22m 
[2m16:38:51[22m   [34m├─[39m [2m/admit-cards/nios-hall-ticket-2026-out-download-class-10-12-adm-admit-card-2026/index.html[22m [2m(+83ms)[22m 
[2m16:38:51[22m   [34m├─[39m [2m/admit-cards/nios-admit-card-2026-released-class-10-12-hall-tic-admit-card-2026/index.html[22m [2m(+47ms)[22m 
[2m16:38:52[22m   [34m├─[39m [2m/admit-cards/afcat-2-2026-cutoff-released-check-category-wise-c-admit-card-2026/index.html[22m [2m(+47ms)[22m 
[2m16:38:52[22m   [34m├─[39m [2m/admit-cards/ap-tet-final-answer-key-expected-today-check-direc-admit-card-2026/index.html[22m [2m(+18ms)[22m 
[2m16:38:52[22m   [34m├─[39m [2m/admit-cards/ssc-cht-tier-1-2026-exam-date-revised-check-dates-admit-card-2026/index.html[22m [2m(+303ms)[22m 
[2m16:38:52[22m   [34m├─[39m [2m/admit-cards/rajasthan-set-admit-card-2026-released-heres-how-t-admit-card-2026/index.html[22m [2m(+33ms)[22m 
[2m16:38:52[22m   [34m├─[39m [2m/admit-cards/rajasthan-set-admit-card-2026-out-check-steps-to-d-admit-card-2026/index.html[22m [2m(+64ms)[22m 
[2m16:38:52[22m   [34m├─[39m [2m/admit-cards/aiims-norcet-11-2026-admit-card-link-out-live-dire-admit-card-2026/index.html[22m [2m(+248ms)[22m 
[2m16:38:52[22m   [34m├─[39m [2m/admit-cards/aiims-norcet-11-admit-card-2026-issued-check-centr-admit-card-2026/index.html[22m [2m(+32ms)[22m 
[2m16:38:52[22m   [34m├─[39m [2m/admit-cards/aiims-nursing-officer-admit-card-2026-out-download-admit-card-2026/index.html[22m [2m(+25ms)[22m 
[2m16:38:52[22m   [34m├─[39m [2m/admit-cards/nios-admit-card-2026-out-class-10-12-hall-ticket-d-admit-card-2026/index.html[22m [2m(+148ms)[22m 
[2m16:38:52[22m   [34m├─[39m [2m/admit-cards/nios-admit-card-2026-out-class-10-12-students-can--admit-card-2026/index.html[22m [2m(+75ms)[22m 
[2m16:38:53[22m   [34m├─[39m [2m/admit-cards/sbi-clerk-admit-card-2026-out-direct-link-to-downl-admit-card-2026/index.html[22m [2m(+37ms)[22m 
[2m16:38:53[22m   [34m├─[39m [2m/admit-cards/aiims-norcet-11th-admit-card-2026-aiimsexamsacin-admit-card-2026/index.html[22m [2m(+52ms)[22m 
[2m16:38:53[22m   [34m├─[39m [2m/admit-cards/top-mba-colleges-in-delhi-2026-fees-placement-admi-admit-card-2026/index.html[22m [2m(+80ms)[22m 
[2m16:38:53[22m   [34m├─[39m [2m/admit-cards/nios-admit-card-2026-out-at-sdmisniosacin-download-admit-card-2026/index.html[22m [2m(+29ms)[22m 
[2m16:38:53[22m   [34m├─[39m [2m/admit-cards/mat-admit-card-2026-pbt-hall-ticket-today-at-matai-admit-card-2026/index.html[22m [2m(+23ms)[22m 
[2m16:38:53[22m   [34m├─[39m [2m/admit-cards/aiims-norcet-11-admit-card-2026-out-today-where-an-admit-card-2026/index.html[22m [2m(+248ms)[22m 
[2m16:38:53[22m   [34m├─[39m [2m/admit-cards/aiims-norcet-11-2026-admit-card-out-today-download-admit-card-2026/index.html[22m [2m(+112ms)[22m 
[2m16:38:53[22m   [34m├─[39m [2m/admit-cards/aiims-norcet-11-admit-card-2026-out-download-hall--admit-card-2026/index.html[22m [2m(+16ms)[22m 
[2m16:38:53[22m   [34m├─[39m [2m/admit-cards/nios-hall-ticket-2026-out-download-class-10-and-12-admit-card-2026/index.html[22m [2m(+105ms)[22m 
[2m16:38:53[22m   [34m├─[39m [2m/admit-cards/upsc-engineering-services-2026-interview-schedule--admit-card-2026/index.html[22m [2m(+18ms)[22m 
[2m16:38:53[22m   [34m├─[39m [2m/admit-cards/noida-schools-closed-today-for-guru-dronacharya-me-admit-card-2026/index.html[22m [2m(+28ms)[22m 
[2m16:38:53[22m   [34m├─[39m [2m/admit-cards/upessc-assistant-professor-notification-out-for-19-admit-card-2026/index.html[22m [2m(+21ms)[22m 
[2m16:38:53[22m   [34m├─[39m [2m/admit-cards/job-mela-at-degree-college-1290-vacancies-across-1-admit-card-2026/index.html[22m [2m(+18ms)[22m 
[2m16:38:53[22m   [34m├─[39m [2m/admit-cards/afcat-2-2026-cutoff-released-check-category-wise-e-admit-card-2026/index.html[22m [2m(+181ms)[22m 
[2m16:38:53[22m   [34m├─[39m [2m/admit-cards/ssc-jht-2026-noida-re-exam-on-sunday-cht-post-pref-admit-card-2026/index.html[22m [2m(+121ms)[22m 
[2m16:38:54[22m   [34m├─[39m [2m/admit-cards/sbi-clerk-prelims-exam-dates-2026-for-backlog-regu-admit-card-2026/index.html[22m [2m(+36ms)[22m 
[2m16:38:54[22m   [34m├─[39m [2m/admit-cards/patna-high-court-assistant-exam-date-2026-released-admit-card-2026/index.html[22m [2m(+245ms)[22m 
[2m16:38:54[22m   [34m├─[39m [2m/admit-cards/aiims-norcet-11-admit-card-2026-out-for-2218-posts-admit-card-2026/index.html[22m [2m(+109ms)[22m 
[2m16:38:54[22m   [34m├─[39m [2m/admit-cards/aiims-norcet-11-admit-card-2026-out-today-aiimsexa-admit-card-2026/index.html[22m [2m(+22ms)[22m 
[2m16:38:54[22m   [34m├─[39m [2m/admit-cards/aiims-norcet-11-2026-admit-card-link-out-today-liv-admit-card-2026/index.html[22m [2m(+39ms)[22m 
[2m16:38:54[22m   [34m├─[39m [2m/admit-cards/aiims-norcet-11-admit-card-2026-out-for-2216-posts-admit-card-2026/index.html[22m [2m(+133ms)[22m 
[2m16:38:54[22m   [34m├─[39m [2m/admit-cards/aiims-norcet-11-admit-card-2026-today-when-and-whe-admit-card-2026/index.html[22m [2m(+44ms)[22m 
[2m16:38:54[22m   [34m├─[39m [2m/admit-cards/aiims-norcet-11-admit-card-2026-released-check-ste-admit-card-2026/index.html[22m [2m(+31ms)[22m 
[2m16:38:54[22m   [34m├─[39m [2m/admit-cards/aiims-norcet-11-admit-card-2026-out-at-aiimsexamsa-admit-card-2026/index.html[22m [2m(+50ms)[22m 
[2m16:38:54[22m   [34m├─[39m [2m/admit-cards/cm-saini-announces-5-lakh-free-data-sim-cards-for--admit-card-2026/index.html[22m [2m(+66ms)[22m 
[2m16:38:54[22m   [34m├─[39m [2m/admit-cards/ssc-phase-14-selection-post-exam-city-slip-2026-re-admit-card-2026/index.html[22m [2m(+39ms)[22m 
[2m16:38:54[22m   [34m├─[39m [2m/admit-cards/tnea-2026-counselling-started-seat-allotment-certi-admit-card-2026/index.html[22m [2m(+312ms)[22m 
[2m16:38:55[22m   [34m├─[39m [2m/admit-cards/karnataka-proposes-15-rural-quota-in-government-se-admit-card-2026/index.html[22m [2m(+124ms)[22m 
[2m16:38:55[22m   [34m├─[39m [2m/admit-cards/from-iit-roorkee-student-to-professor-how-avlokita-admit-card-2026/index.html[22m [2m(+57ms)[22m 
[2m16:38:55[22m   [34m├─[39m [2m/admit-cards/want-to-study-at-iit-madras-without-jee-apply-for--admit-card-2026/index.html[22m [2m(+74ms)[22m 
[2m16:38:55[22m   [34m├─[39m [2m/admit-cards/ssc-chsl-apply-online-2026-link-live-sscgovin-chec-admit-card-2026/index.html[22m [2m(+117ms)[22m 
[2m16:38:55[22m   [34m├─[39m [2m/admit-cards/iit-mandi-director-recruitment-2026-education-mini-admit-card-2026/index.html[22m [2m(+17ms)[22m 
[2m16:38:55[22m   [34m├─[39m [2m/admit-cards/metas-chief-ai-officer-wants-13-year-olds-spending-admit-card-2026/index.html[22m [2m(+282ms)[22m 
[2m16:38:55[22m   [34m├─[39m [2m/admit-cards/patna-high-court-assistant-exam-date-2026-out-for--admit-card-2026/index.html[22m [2m(+68ms)[22m 
[2m16:38:55[22m   [34m├─[39m [2m/admit-cards/bob-lbo-recruitment-2026-last-date-extended-apply--admit-card-2026/index.html[22m [2m(+80ms)[22m 
[2m16:38:56[22m   [34m├─[39m [2m/admit-cards/ctet-2026-application-correction-window-activated--admit-card-2026/index.html[22m [2m(+161ms)[22m 
[2m16:38:56[22m   [34m├─[39m [2m/admit-cards/ganesh-shanker-vidyarthi-memorial-medical-college--admit-card-2026/index.html[22m [2m(+34ms)[22m 
[2m16:38:56[22m   [34m├─[39m [2m/admit-cards/isc-class-12-political-science-specimen-paper-2026-admit-card-2026/index.html[22m [2m(+40ms)[22m 
[2m16:38:56[22m   [34m├─[39m [2m/admit-cards/maharashtra-cet-admission-deadline-revised-to-sept-admit-card-2026/index.html[22m [2m(+81ms)[22m 
[2m16:38:56[22m   [34m├─[39m [2m/admit-cards/ssc-selection-post-phase-14-exam-2026-city-details-admit-card-2026/index.html[22m [2m(+28ms)[22m 
[2m16:38:56[22m   [34m├─[39m [2m/admit-cards/ssc-nursing-officer-city-intimation-slip-2026-out--admit-card-2026/index.html[22m [2m(+24ms)[22m 
[2m16:38:56[22m   [34m├─[39m [2m/admit-cards/incho-admit-card-2027-release-date-download-link-h-admit-card-2026/index.html[22m [2m(+182ms)[22m 
[2m16:38:56[22m   [34m├─[39m [2m/admit-cards/delhi-police-pet-admit-card-2026-physical-test-hal-admit-card-2026/index.html[22m [2m(+193ms)[22m 
[2m16:38:56[22m   [34m├─[39m [2m/admit-cards/rrb-group-d-answer-key-2026-released-response-shee-admit-card-2026/index.html[22m [2m(+16ms)[22m 
[2m16:38:56[22m   [34m├─[39m [2m/admit-cards/upsc-ese-2026-interview-schedule-released-check-pe-admit-card-2026/index.html[22m [2m(+58ms)[22m 
[2m16:38:56[22m   [34m├─[39m [2m/admit-cards/ssc-chsl-2026-notification-out-apply-by-october-7--admit-card-2026/index.html[22m [2m(+146ms)[22m 
[2m16:38:57[22m   [34m├─[39m [2m/admit-cards/king-george-medical-university-lucknow-cutoff-2026-admit-card-2026/index.html[22m [2m(+156ms)[22m 
[2m16:38:57[22m   [34m├─[39m [2m/admit-cards/upcisb-up-cooperative-bank-exam-date-2026-out-chec-admit-card-2026/index.html[22m [2m(+42ms)[22m 
[2m16:38:57[22m   [34m├─[39m [2m/admit-cards/delhi-high-court-jja-admit-card-2026-out-download--admit-card-2026/index.html[22m [2m(+147ms)[22m 
[2m16:38:57[22m   [34m├─[39m [2m/admit-cards/up-home-guard-pet-admit-card-2026-revised-hall-tic-admit-card-2026/index.html[22m [2m(+220ms)[22m 
[2m16:38:57[22m   [34m├─[39m [2m/admit-cards/aiims-norcet-11-hall-ticket-released-september-9-f-admit-card-2026/index.html[22m [2m(+92ms)[22m 
[2m16:38:57[22m   [34m├─[39m [2m/admit-cards/nios-hall-ticket-2026-download-october-session-pra-admit-card-2026/index.html[22m [2m(+17ms)[22m 
[2m16:38:57[22m   [34m├─[39m [2m/admit-cards/railway-rrb-group-d-answer-key-2026-released-check-admit-card-2026/index.html[22m [2m(+38ms)[22m 
[2m16:38:57[22m   [34m├─[39m [2m/admit-cards/uptet-certificate-2026-released-for-qualified-cand-admit-card-2026/index.html[22m [2m(+150ms)[22m 
[2m16:38:57[22m   [34m├─[39m [2m/admit-cards/itbp-medical-officer-recruitment-2026-out-for-282--admit-card-2026/index.html[22m [2m(+93ms)[22m 
[2m16:38:57[22m   [34m├─[39m [2m/admit-cards/ioqm-cutoff-2026-category-region-wise-expected-cut-admit-card-2026/index.html[22m [2m(+38ms)[22m 
[2m16:38:58[22m   [34m├─[39m [2m/admit-cards/a-bits-pilani-classroom-project-began-as-an-idea-a-admit-card-2026/index.html[22m [2m(+71ms)[22m 
[2m16:38:58[22m   [34m├─[39m [2m/admit-cards/ugc-net-2026-re-exam-nta-issues-delhi-travel-advis-admit-card-2026/index.html[22m [2m(+49ms)[22m 
[2m16:38:58[22m   [34m├─[39m [2m/admit-cards/ssc-chsl-application-form-2026-released-apply-onli-admit-card-2026/index.html[22m [2m(+83ms)[22m 
[2m16:38:58[22m   [34m├─[39m [2m/admit-cards/up-home-guard-pet-2026-postponed-to-september-14-r-admit-card-2026/index.html[22m [2m(+30ms)[22m 
[2m16:38:58[22m   [34m├─[39m [2m/admit-cards/ngel-recruitment-2026-147-engineer-executive-vacan-admit-card-2026/index.html[22m [2m(+49ms)[22m 
[2m16:38:58[22m   [34m├─[39m [2m/admit-cards/ssc-phase-14-exam-city-intimation-slip-2026-out-ch-admit-card-2026/index.html[22m [2m(+38ms)[22m 
[2m16:38:58[22m   [34m├─[39m [2m/admit-cards/rajasthan-set-admit-card-2026-out-at-uokacin-downl-admit-card-2026/index.html[22m [2m(+128ms)[22m 
[2m16:38:58[22m   [34m├─[39m [2m/admit-cards/uiic-ao-cut-off-2026-check-category-wise-section-w-admit-card-2026/index.html[22m [2m(+55ms)[22m 
[2m16:38:58[22m   [34m├─[39m [2m/admit-cards/ugc-net-re-exam-2026-exam-centre-shift-timing-chec-admit-card-2026/index.html[22m [2m(+141ms)[22m 
[2m16:38:58[22m   [34m├─[39m [2m/admit-cards/ctet-admit-card-2026-expected-soon-check-release-d-admit-card-2026/index.html[22m [2m(+68ms)[22m 
[2m16:38:58[22m   [34m├─[39m [2m/admit-cards/rajasthan-set-admit-card-2026-out-direct-link-to-d-admit-card-2026/index.html[22m [2m(+30ms)[22m 
[2m16:38:58[22m   [34m├─[39m [2m/admit-cards/aiims-norcet-11-admit-card-2026-at-aiimsexamsacin--admit-card-2026/index.html[22m [2m(+170ms)[22m 
[2m16:38:58[22m   [34m├─[39m [2m/admit-cards/rajasthan-bstc-counselling-2026-started-special-ro-admit-card-2026/index.html[22m [2m(+34ms)[22m 
[2m16:38:58[22m   [34m├─[39m [2m/admit-cards/ssc-chsl-recruitment-2026-notification-out-for-253-admit-card-2026/index.html[22m [2m(+35ms)[22m 
[2m16:38:59[22m   [34m├─[39m [2m/admit-cards/upsc-ese-2026-interview-schedule-out-at-upscgovin--admit-card-2026/index.html[22m [2m(+30ms)[22m 
[2m16:38:59[22m   [34m├─[39m [2m/admit-cards/ctet-2026-september-correction-window-opens-at-cte-admit-card-2026/index.html[22m [2m(+34ms)[22m 
[2m16:38:59[22m   [34m├─[39m [2m/admit-cards/rrb-group-d-answer-key-2026-and-response-sheet-out-admit-card-2026/index.html[22m [2m(+36ms)[22m 
[2m16:38:59[22m   [34m├─[39m [2m/admit-cards/rajasthan-set-admit-card-2026-out-check-download-l-admit-card-2026/index.html[22m [2m(+374ms)[22m 
[2m16:38:59[22m   [34m├─[39m [2m/admit-cards/rajasthan-set-admit-card-2026-released-at-uokacin--admit-card-2026/index.html[22m [2m(+208ms)[22m 
[2m16:38:59[22m   [34m├─[39m [2m/admit-cards/bj-government-medical-college-pune-cutoff-2026-rou-admit-card-2026/index.html[22m [2m(+61ms)[22m 
[2m16:38:59[22m   [34m├─[39m [2m/admit-cards/ctet-admit-card-2026-expected-soon-as-application--admit-card-2026/index.html[22m [2m(+84ms)[22m 
[2m16:38:59[22m   [34m├─[39m [2m/admit-cards/rrb-ntpc-ug-cbt-2-city-intimation-slip-2026-releas-admit-card-2026/index.html[22m [2m(+85ms)[22m 
[2m16:38:59[22m   [34m├─[39m [2m/admit-cards/uptet-certificate-2026-out-heres-how-to-download-e-admit-card-2026/index.html[22m [2m(+44ms)[22m 
[2m16:38:59[22m   [34m├─[39m [2m/admit-cards/rrb-group-d-answer-key-2026-out-heres-how-to-check-admit-card-2026/index.html[22m [2m(+57ms)[22m 
[2m16:39:00[22m   [34m├─[39m [2m/admit-cards/government-medical-college-jalgaon-round-2-cutoff--admit-card-2026/index.html[22m [2m(+329ms)[22m 
[2m16:39:00[22m   [34m├─[39m [2m/admit-cards/ugc-net-2026-english-commerce-re-exam-on-sept-9-ad-admit-card-2026/index.html[22m [2m(+31ms)[22m 
[2m16:39:00[22m   [34m├─[39m [2m/admit-cards/upsssc-pet-previous-year-question-paper-download-s-admit-card-2026/index.html[22m [2m(+83ms)[22m 
[2m16:39:00[22m   [34m├─[39m [2m/admit-cards/mh-set-2026-exam-date-out-check-official-schedule--admit-card-2026/index.html[22m [2m(+35ms)[22m 
[2m16:39:00[22m   [34m├─[39m [2m/admit-cards/up-home-guard-pet-admit-card-2026-released-revised-admit-card-2026/index.html[22m [2m(+85ms)[22m 
[2m16:39:00[22m   [34m├─[39m [2m/admit-cards/apsc-je-list-2026-out-at-apscnicin-3281-shortliste-admit-card-2026/index.html[22m [2m(+60ms)[22m 
[2m16:39:00[22m   [34m├─[39m [2m/admit-cards/kmat-2026-admit-card-expected-anytime-soon-check-r-admit-card-2026/index.html[22m [2m(+122ms)[22m 
[2m16:39:00[22m   [34m├─[39m [2m/admit-cards/delhi-police-constable-admit-card-2026-direct-link-admit-card-2026/index.html[22m [2m(+82ms)[22m 
[2m16:39:00[22m   [34m├─[39m [2m/admit-cards/up-home-guard-admit-card-2026-how-to-download-the--admit-card-2026/index.html[22m [2m(+87ms)[22m 
[2m16:39:00[22m   [34m├─[39m [2m/admit-cards/rajasthan-set-admit-card-2026-admit-card-2026/index.html[22m [2m(+180ms)[22m 
[2m16:39:01[22m   [34m├─[39m [2m/admit-cards/kerala-set-admit-card-2026-out-download-kset-july--admit-card-2026/index.html[22m [2m(+37ms)[22m 
[2m16:39:01[22m   [34m├─[39m [2m/admit-cards/gujarat-tat-s-mains-hall-ticket-2026-download-admi-admit-card-2026/index.html[22m [2m(+44ms)[22m 
[2m16:39:01[22m   [34m├─[39m [2m/admit-cards/sbi-announces-12000-new-jobs-check-full-details-admit-card-2026/index.html[22m [2m(+40ms)[22m 
[2m16:39:01[22m   [34m├─[39m [2m/admit-cards/ssc-chsl-notification-2026-out-for-2536-vacancies--admit-card-2026/index.html[22m [2m(+43ms)[22m 
[2m16:39:01[22m   [34m├─[39m [2m/admit-cards/rrb-group-d-answer-key-2026-steps-to-download-resp-admit-card-2026/index.html[22m [2m(+55ms)[22m 
[2m16:39:01[22m   [34m├─[39m [2m/admit-cards/rrb-ntpc-ug-cbt-2-city-intimation-slip-2026-out-ch-admit-card-2026/index.html[22m [2m(+114ms)[22m 
[2m16:39:01[22m   [34m├─[39m [2m/admit-cards/ctet-2026-new-exam-date-check-tentative-ctet-2026--admit-card-2026/index.html[22m [2m(+183ms)[22m 
[2m16:39:01[22m   [34m├─[39m [2m/admit-cards/rajasthan-set-admit-card-2026-issued-download-hall-admit-card-2026/index.html[22m [2m(+37ms)[22m 
[2m16:39:01[22m   [34m├─[39m [2m/admit-cards/kmat-2026-admit-card-expected-anytime-soon-at-kmat-admit-card-2026/index.html[22m [2m(+33ms)[22m 
[2m16:39:01[22m   [34m├─[39m [2m/admit-cards/neet-pg-2026-answer-key-expected-soon-check-latest-admit-card-2026/index.html[22m [2m(+32ms)[22m 
[2m16:39:01[22m   [34m├─[39m [2m/admit-cards/ugc-net-2026-english-and-commerce-re-exam-on-sept--admit-card-2026/index.html[22m [2m(+75ms)[22m 
[2m16:39:01[22m   [34m├─[39m [2m/admit-cards/gims-staff-nurse-recruitment-2026-hurry-apply-toda-admit-card-2026/index.html[22m [2m(+23ms)[22m 
[2m16:39:01[22m   [34m├─[39m [2m/admit-cards/iim-indore-recruitment-2026-apply-for-107-engineer-admit-card-2026/index.html[22m [2m(+156ms)[22m 
[2m16:39:02[22m   [34m├─[39m [2m/admit-cards/cg-vyapam-various-posts-recruitment-2026-apply-onl-admit-card-2026/index.html[22m [2m(+59ms)[22m 
[2m16:39:02[22m   [34m├─[39m [2m/admit-cards/aai-recruitment-2026-apply-today-for-389-manager-j-admit-card-2026/index.html[22m [2m(+30ms)[22m 
[2m16:39:02[22m   [34m├─[39m [2m/admit-cards/aai-recruitment-2026-apply-online-for-389-manager--admit-card-2026/index.html[22m [2m(+53ms)[22m 
[2m16:39:02[22m   [34m├─[39m [2m/admit-cards/kpsc-kas-recruitment-2026-319-vacancies-apply-onli-admit-card-2026/index.html[22m [2m(+51ms)[22m 
[2m16:39:02[22m   [34m├─[39m [2m/admit-cards/wb-hs-semester-3-exam-2027-begins-sept-21-check-gu-admit-card-2026/index.html[22m [2m(+48ms)[22m 
[2m16:39:02[22m   [34m├─[39m [2m/admit-cards/uiic-ao-recruitment-2026-notification-out-for-225--admit-card-2026/index.html[22m [2m(+31ms)[22m 
[2m16:39:02[22m   [34m├─[39m [2m/admit-cards/rajasthan-set-admit-card-2026-direct-link-admit-card-2026/index.html[22m [2m(+38ms)[22m 
[2m16:39:02[22m   [34m├─[39m [2m/admit-cards/ctet-september-2026-exam-date-changed-revised-sche-admit-card-2026/index.html[22m [2m(+34ms)[22m 
[2m16:39:02[22m   [34m├─[39m [2m/admit-cards/mp-tet-2026-exam-will-be-conducted-in-online-offli-admit-card-2026/index.html[22m [2m(+52ms)[22m 
[2m16:39:02[22m   [34m├─[39m [2m/admit-cards/kea-car-dar-answer-key-2026-at-cetonlinekarnatakag-admit-card-2026/index.html[22m [2m(+200ms)[22m 
[2m16:39:02[22m   [34m├─[39m [2m/admit-cards/ctet-2026-revised-exam-dates-soon-check-new-schedu-admit-card-2026/index.html[22m [2m(+128ms)[22m 
[2m16:39:02[22m   [34m├─[39m [2m/admit-cards/rajasthan-set-admit-card-2026-released-download-ha-admit-card-2026/index.html[22m [2m(+25ms)[22m 
[2m16:39:02[22m   [34m├─[39m [2m/admit-cards/rajasthan-set-admit-card-2026-direct-link-to-downl-admit-card-2026/index.html[22m [2m(+36ms)[22m 
[2m16:39:02[22m   [34m├─[39m [2m/admit-cards/rajasthan-bstc-counselling-2026-started-4th-allotm-admit-card-2026/index.html[22m [2m(+33ms)[22m 
[2m16:39:02[22m   [34m├─[39m [2m/admit-cards/rajasthan-bstc-pre-deled-2026-counselling-special--admit-card-2026/index.html[22m [2m(+22ms)[22m 
[2m16:39:02[22m   [34m├─[39m [2m/admit-cards/wb-hs-semester-3-exam-begins-from-sept-21-check-im-admit-card-2026/index.html[22m [2m(+83ms)[22m 
[2m16:39:02[22m   [34m├─[39m [2m/admit-cards/ctet-2026-new-exam-date-to-be-announced-soon-know--admit-card-2026/index.html[22m [2m(+47ms)[22m 
[2m16:39:02[22m   [34m├─[39m [2m/admit-cards/dsssb-warder-pet-admit-card-2026-out-check-date-sh-admit-card-2026/index.html[22m [2m(+173ms)[22m 
[2m16:39:03[22m   [34m├─[39m [2m/admit-cards/rajasthan-set-admit-card-2026-out-download-hall-ti-admit-card-2026/index.html[22m [2m(+47ms)[22m 
[2m16:39:03[22m   [34m├─[39m [2m/admit-cards/kmat-2026-admit-card-expected-anytime-soon-admit-card-2026/index.html[22m [2m(+35ms)[22m 
[2m16:39:03[22m   [34m├─[39m [2m/admit-cards/ssc-stenographer-2026-admit-card-out-direct-downlo-admit-card-2026/index.html[22m [2m(+46ms)[22m 
[2m16:39:03[22m   [34m├─[39m [2m/admit-cards/ssc-stenographer-admit-card-2026-released-at-sscgo-admit-card-2026/index.html[22m [2m(+117ms)[22m 
[2m16:39:03[22m   [34m├─[39m [2m/admit-cards/ssc-stenographer-admit-card-2026-out-sscgovin-down-admit-card-2026/index.html[22m [2m(+38ms)[22m 
[2m16:39:03[22m   [34m├─[39m [2m/admit-cards/pnb-lbo-expected-cut-off-2026-local-bank-officer-c-admit-card-2026/index.html[22m [2m(+116ms)[22m 
[2m16:39:03[22m   [34m├─[39m [2m/admit-cards/upsc-combined-geo-scientist-recruitment-2026-27-ou-admit-card-2026/index.html[22m [2m(+60ms)[22m 
[2m16:39:03[22m   [34m├─[39m [2m/admit-cards/ssc-stenographer-admit-card-2026-out-check-hall-ti-admit-card-2026/index.html[22m [2m(+61ms)[22m 
[2m16:39:03[22m   [34m├─[39m [2m/admit-cards/10000-govt-jobs-coming-in-telangana-government-pla-admit-card-2026/index.html[22m [2m(+28ms)[22m 
[2m16:39:03[22m   [34m├─[39m [2m/admit-cards/uttarakhand-set-2026-notification-check-eligibilit-admit-card-2026/index.html[22m [2m(+82ms)[22m 
[2m16:39:03[22m   [34m├─[39m [2m/admit-cards/up-teaching-recruitment-2026-36557-posts-announced-admit-card-2026/index.html[22m [2m(+68ms)[22m 
[2m16:39:03[22m   [34m├─[39m [2m/admit-cards/gpstr-recruitment-2026-notification-out-for-15000--admit-card-2026/index.html[22m [2m(+132ms)[22m 
[2m16:39:03[22m   [34m├─[39m [2m/admit-cards/assam-bed-entrance-exam-application-form-2026-out--admit-card-2026/index.html[22m [2m(+30ms)[22m 
[2m16:39:04[22m   [34m├─[39m [2m/admit-cards/meet-claire-wang-the-texas-high-schooler-whose-fre-admit-card-2026/index.html[22m [2m(+99ms)[22m 
[2m16:39:04[22m   [34m├─[39m [2m/admit-cards/ntas-high-powered-task-force-seeks-suggestions-on--admit-card-2026/index.html[22m [2m(+102ms)[22m 
[2m16:39:04[22m   [34m├─[39m [2m/admit-cards/australian-government-halts-graduate-diploma-cours-admit-card-2026/index.html[22m [2m(+34ms)[22m 
[2m16:39:04[22m   [34m├─[39m [2m/admit-cards/kcet-round-3-cutoff-2026-out-check-college-wise-cl-admit-card-2026/index.html[22m [2m(+64ms)[22m 
[2m16:39:04[22m   [34m├─[39m [2m/admit-cards/psssb-group-d-recruitment-2026-for-1401-vacancies--admit-card-2026/index.html[22m [2m(+33ms)[22m 
[2m16:39:04[22m   [34m├─[39m [2m/admit-cards/sbi-clerk-exam-date-2026-check-prelims-date-for-15-admit-card-2026/index.html[22m [2m(+36ms)[22m 
[2m16:39:04[22m   [34m├─[39m [2m/admit-cards/sbi-to-hire-12000-personnel-add-250-branches-durin-admit-card-2026/index.html[22m [2m(+193ms)[22m 
[2m16:39:04[22m   [34m├─[39m [2m/admit-cards/bank-of-baroda-recruitment-2026-notification-relea-admit-card-2026/index.html[22m [2m(+198ms)[22m 
[2m16:39:04[22m   [34m├─[39m [2m/admit-cards/will-cbse-ctet-2026-be-held-on-october-9-heres-wha-admit-card-2026/index.html[22m [2m(+16ms)[22m 
[2m16:39:04[22m   [34m├─[39m [2m/admit-cards/nirf-ranking-2026-medical-colleges-list-of-top-med-admit-card-2026/index.html[22m [2m(+17ms)[22m 
[2m16:39:04[22m   [34m├─[39m [2m/admit-cards/aiims-rishikesh-recruitment-2026-4-posts-eligibili-admit-card-2026/index.html[22m [2m(+171ms)[22m 
[2m16:39:04[22m   [34m├─[39m [2m/admit-cards/nspcl-eet-recruitment-2026-notification-eligibilit-admit-card-2026/index.html[22m [2m(+150ms)[22m 
[2m16:39:05[22m   [34m├─[39m [2m/admit-cards/apsc-veterinary-officer-recruitment-2026-137-posts-admit-card-2026/index.html[22m [2m(+87ms)[22m 
[2m16:39:05[22m   [34m├─[39m [2m/admit-cards/upsc-combined-geo-scientist-recruitment-2027-out-f-admit-card-2026/index.html[22m [2m(+137ms)[22m 
[2m16:39:05[22m   [34m├─[39m [2m/admit-cards/delhi-high-court-recruitment-2026-150-spa-pa-posts-admit-card-2026/index.html[22m [2m(+45ms)[22m 
[2m16:39:05[22m   [34m├─[39m [2m/admit-cards/dsssb-warder-physical-admit-card-2026-dsssbonlinen-admit-card-2026/index.html[22m [2m(+31ms)[22m 
[2m16:39:05[22m   [34m├─[39m [2m/admit-cards/concor-recruitment-2026-77-mt-assistant-officer-po-admit-card-2026/index.html[22m [2m(+271ms)[22m 
[2m16:39:05[22m   [34m├─[39m [2m/admit-cards/bank-job-alert-2049-vacancies-for-graduates-engine-admit-card-2026/index.html[22m [2m(+38ms)[22m 
[2m16:39:05[22m   [34m├─[39m [2m/admit-cards/ctet-exam-date-2026-cbse-announce-the-new-exam-dat-admit-card-2026/index.html[22m [2m(+148ms)[22m 
[2m16:39:05[22m   [34m├─[39m [2m/admit-cards/when-will-cbse-conduct-ctet-september-2026-exam-re-admit-card-2026/index.html[22m [2m(+99ms)[22m 
[2m16:39:06[22m   [34m├─[39m [2m/admit-cards/neet-ug-2027-nta-looks-for-computer-based-exam-cen-admit-card-2026/index.html[22m [2m(+68ms)[22m 
[2m16:39:06[22m   [34m├─[39m [2m/admit-cards/ctet-revised-exam-date-2026-announced-check-new-cb-admit-card-2026/index.html[22m [2m(+78ms)[22m 
[2m16:39:06[22m   [34m├─[39m [2m/admit-cards/seed-bdes-2027-application-form-soon-dates-eligibi-admit-card-2026/index.html[22m [2m(+130ms)[22m 
[2m16:39:06[22m   [34m├─[39m [2m/admit-cards/upessc-receives-45000-uptet-representations-on-omr-admit-card-2026/index.html[22m [2m(+40ms)[22m 
[2m16:39:06[22m   [34m├─[39m [2m/admit-cards/jtet-exam-date-2026-out-check-jac-schedule-admit-c-admit-card-2026/index.html[22m [2m(+29ms)[22m 
[2m16:39:06[22m   [34m├─[39m [2m/admit-cards/sbi-po-mains-admit-card-2026-out-at-sbibankin-know-admit-card-2026/index.html[22m [2m(+28ms)[22m 
[2m16:39:06[22m   [34m├─[39m [2m/admit-cards/ugc-net-june-admit-card-2026-out-for-september-9-1-admit-card-2026/index.html[22m [2m(+142ms)[22m 
[2m16:39:06[22m   [34m├─[39m [2m/admit-cards/dsssb-warder-pet-admit-card-2026-out-physical-test-admit-card-2026/index.html[22m [2m(+70ms)[22m 
[2m16:39:06[22m   [34m├─[39m [2m/admit-cards/ctet-september-exam-date-2026-revised-schedule-adm-admit-card-2026/index.html[22m [2m(+233ms)[22m 
[2m16:39:06[22m   [34m├─[39m [2m/admit-cards/delhi-high-court-recruitment-2026-notification-out-admit-card-2026/index.html[22m [2m(+45ms)[22m 
[2m16:39:06[22m   [34m├─[39m [2m/admit-cards/ugc-net-june-2026-re-exam-admit-card-out-check-how-admit-card-2026/index.html[22m [2m(+21ms)[22m 
[2m16:39:06[22m   [34m├─[39m [2m/admit-cards/bpcl-exam-date-2026-out-154-technician-operator-po-admit-card-2026/index.html[22m [2m(+45ms)[22m 
[2m16:39:06[22m   [34m├─[39m [2m/admit-cards/upsc-releases-nda-cds-2-admit-cards-2026-exam-on-s-admit-card-2026/index.html[22m [2m(+171ms)[22m 
[2m16:39:07[22m   [34m├─[39m [2m/admit-cards/bpcl-non-management-admit-card-2026-out-download-h-admit-card-2026/index.html[22m [2m(+184ms)[22m 
[2m16:39:07[22m   [34m├─[39m [2m/admit-cards/ssc-jht-admit-card-2026-download-hall-ticket-at-ss-admit-card-2026/index.html[22m [2m(+27ms)[22m 
[2m16:39:07[22m   [34m├─[39m [2m/admit-cards/ugc-net-june-2026-admit-card-out-download-hall-tic-admit-card-2026/index.html[22m [2m(+35ms)[22m 
[2m16:39:07[22m   [34m├─[39m [2m/admit-cards/up-cooperative-bank-admit-card-2026-released-downl-admit-card-2026/index.html[22m [2m(+31ms)[22m 
[2m16:39:07[22m   [34m├─[39m [2m/admit-cards/ugc-net-re-exam-admit-card-2026-direct-link-to-dow-admit-card-2026/index.html[22m [2m(+30ms)[22m 
[2m16:39:07[22m   [34m├─[39m [2m/admit-cards/csbc-constable-admit-card-2026-released-at-csbcbih-admit-card-2026/index.html[22m [2m(+233ms)[22m 
[2m16:39:07[22m   [34m├─[39m [2m/admit-cards/ugc-net-admit-card-2026-out-at-ugcnetntanicin-chec-admit-card-2026/index.html[22m [2m(+154ms)[22m 
[2m16:39:07[22m   [34m├─[39m [2m/admit-cards/bpcl-admit-card-2026-out-for-process-technician-op-admit-card-2026/index.html[22m [2m(+27ms)[22m 
[2m16:39:07[22m   [34m├─[39m [2m/admit-cards/ssc-jht-admit-card-2026-releasing-soon-download-ha-admit-card-2026/index.html[22m [2m(+20ms)[22m 
[2m16:39:07[22m   [34m├─[39m [2m/admit-cards/bpcl-non-management-admit-card-2026-out-download-t-admit-card-2026/index.html[22m [2m(+106ms)[22m 
[2m16:39:07[22m   [34m├─[39m [2m/admit-cards/up-cooperative-bank-admit-card-2026-out-download-c-admit-card-2026/index.html[22m [2m(+13ms)[22m 
[2m16:39:07[22m   [34m├─[39m [2m/admit-cards/how-to-download-up-cooperative-bank-admit-card-202-admit-card-2026/index.html[22m [2m(+130ms)[22m 
[2m16:39:08[22m   [34m├─[39m [2m/admit-cards/ugc-net-june-2026-re-exam-admit-cards-released-for-admit-card-2026/index.html[22m [2m(+35ms)[22m 
[2m16:39:08[22m   [34m├─[39m [2m/admit-cards/up-cooperative-bank-admit-card-2026-released-at-ib-admit-card-2026/index.html[22m [2m(+33ms)[22m 
[2m16:39:08[22m   [34m├─[39m [2m/admit-cards/dsssb-warder-pet-admit-card-2026-released-download-admit-card-2026/index.html[22m [2m(+53ms)[22m 
[2m16:39:08[22m   [34m├─[39m [2m/admit-cards/upcisb-up-cooperative-bank-admit-card-2026-out-dow-admit-card-2026/index.html[22m [2m(+17ms)[22m 
[2m16:39:08[22m   [34m├─[39m [2m/admit-cards/ugc-net-june-2026-re-exam-admit-card-issued-for-al-admit-card-2026/index.html[22m [2m(+211ms)[22m 
[2m16:39:08[22m   [34m├─[39m [2m/admit-cards/ugc-net-june-2026-admit-card-out-for-september-9-a-admit-card-2026/index.html[22m [2m(+90ms)[22m 
[2m16:39:08[22m   [34m├─[39m [2m/admit-cards/dsssb-warder-physical-admit-card-2026-released-at--admit-card-2026/index.html[22m [2m(+48ms)[22m 
[2m16:39:08[22m   [34m├─[39m [2m/admit-cards/bpcl-admit-card-2026-out-hall-ticket-released-for--admit-card-2026/index.html[22m [2m(+69ms)[22m 
[2m16:39:08[22m   [34m├─[39m [2m/admit-cards/ugc-net-2026-admit-card-out-for-re-exam-steps-to-d-admit-card-2026/index.html[22m [2m(+168ms)[22m 
[2m16:39:08[22m   [34m├─[39m [2m/admit-cards/ugc-net-june-2026-admit-card-released-for-septembe-admit-card-2026/index.html[22m [2m(+40ms)[22m 
[2m16:39:08[22m   [34m├─[39m [2m/admit-cards/deled-tet-mandatory-for-up-affiliated-primary-teac-admit-card-2026/index.html[22m [2m(+133ms)[22m 
[2m16:39:09[22m   [34m├─[39m [2m/admit-cards/upsc-cds-ii-2026-e-admit-card-released-at-upsconli-admit-card-2026/index.html[22m [2m(+52ms)[22m 
[2m16:39:09[22m   [34m├─[39m [2m/admit-cards/upsc-nda-admit-card-2026-declared-how-to-download--admit-card-2026/index.html[22m [2m(+90ms)[22m 
[2m16:39:09[22m   [34m├─[39m [2m/admit-cards/ugc-net-admit-card-out-for-english-commerce-sociol-admit-card-2026/index.html[22m [2m(+26ms)[22m 
[2m16:39:09[22m   [34m├─[39m [2m/admit-cards/sbi-so-wealth-management-recruitment-2026-257-post-admit-card-2026/index.html[22m [2m(+139ms)[22m 
[2m16:39:09[22m   [34m├─[39m [2m/admit-cards/sbi-so-recruitment-2026-notification-out-apply-now-admit-card-2026/index.html[22m [2m(+40ms)[22m 
[2m16:39:09[22m   [34m├─[39m [2m/admit-cards/kerala-llm-admission-2026-final-category-list-rele-admit-card-2026/index.html[22m [2m(+204ms)[22m 
[2m16:39:09[22m   [34m├─[39m [2m/admit-cards/rcfl-apprentice-recruitment-2026-notification-out--admit-card-2026/index.html[22m [2m(+197ms)[22m 
[2m16:39:09[22m   [34m├─[39m [2m/admit-cards/upsc-nda-na-exam-ii-2026-e-admit-card-released-at--admit-card-2026/index.html[22m [2m(+107ms)[22m 
[2m16:39:09[22m   [34m├─[39m [2m/admit-cards/ugc-net-re-exam-admit-card-2026-release-date-today-admit-card-2026/index.html[22m [2m(+44ms)[22m 
[2m16:39:09[22m   [34m├─[39m [2m/admit-cards/how-to-download-upsc-nda-cds-2-admit-card-2026-admit-card-2026/index.html[22m [2m(+28ms)[22m 
[2m16:39:09[22m   [34m├─[39m [2m/admit-cards/wbpsc-miscellaneous-service-admit-card-2026-releas-admit-card-2026/index.html[22m [2m(+26ms)[22m 
[2m16:39:09[22m   [34m├─[39m [2m/admit-cards/wbpsc-miscellaneous-admit-card-2026-date-out-hall--admit-card-2026/index.html[22m [2m(+48ms)[22m 
[2m16:39:10[22m   [34m├─[39m [2m/admit-cards/aiapget-2026-answer-key-released-at-examsntaacin-d-admit-card-2026/index.html[22m [2m(+114ms)[22m 
[2m16:39:10[22m   [34m├─[39m [2m/admit-cards/ugc-net-re-exam-admit-card-2026-expected-soon-chec-admit-card-2026/index.html[22m [2m(+176ms)[22m 
[2m16:39:10[22m   [34m├─[39m [2m/admit-cards/upsc-cds-2-admit-card-2026-released-admit-card-2026/index.html[22m [2m(+21ms)[22m 
[2m16:39:10[22m   [34m├─[39m [2m/admit-cards/ugc-net-re-exam-2026-admit-card-expected-soon-chec-admit-card-2026/index.html[22m [2m(+147ms)[22m 
[2m16:39:10[22m   [34m├─[39m [2m/admit-cards/ugc-net-re-exam-2026-admit-card-expected-soon-here-admit-card-2026/index.html[22m [2m(+16ms)[22m 
[2m16:39:10[22m   [34m├─[39m [2m/admit-cards/bihar-police-constable-admit-card-2026-download-li-admit-card-2026/index.html[22m [2m(+26ms)[22m 
[2m16:39:10[22m   [34m├─[39m [2m/admit-cards/ossc-chsl-admit-card-2026-out-soon-download-hall-t-admit-card-2026/index.html[22m [2m(+33ms)[22m 
[2m16:39:10[22m   [34m├─[39m [2m/admit-cards/upsc-nda-ii-admit-card-2026-out-heres-how-to-downl-admit-card-2026/index.html[22m [2m(+161ms)[22m 
[2m16:39:10[22m   [34m├─[39m [2m/admit-cards/nda-admit-card-2026-out-upsc-nda-2-hall-ticket-dow-admit-card-2026/index.html[22m [2m(+89ms)[22m 
[2m16:39:10[22m   [34m├─[39m [2m/admit-cards/upsc-cds-2-admit-card-2026-out-download-cds-ii-hal-admit-card-2026/index.html[22m [2m(+195ms)[22m 
[2m16:39:11[22m   [34m├─[39m [2m/admit-cards/upsc-cds-2-admit-card-2026-out-download-hall-ticke-admit-card-2026/index.html[22m [2m(+31ms)[22m 
[2m16:39:11[22m   [34m├─[39m [2m/admit-cards/upsc-nda-na-ii-admit-card-2026-released-exam-on-se-admit-card-2026/index.html[22m [2m(+181ms)[22m 
[2m16:39:11[22m   [34m├─[39m [2m/admit-cards/upsc-nda-2-admit-card-at-upsconlinenicin-soon-know-admit-card-2026/index.html[22m [2m(+68ms)[22m 
[2m16:39:11[22m   [34m├─[39m [2m/admit-cards/ossc-chsl-prelims-admit-card-2026-at-osscgovin-soo-admit-card-2026/index.html[22m [2m(+50ms)[22m 
[2m16:39:11[22m   [34m├─[39m [2m/admit-cards/ugc-net-re-exam-admit-card-2026-hall-ticket-for-en-admit-card-2026/index.html[22m [2m(+89ms)[22m 
[2m16:39:11[22m   [34m├─[39m [2m/admit-cards/bihar-police-constable-admit-card-2026-releasing-t-admit-card-2026/index.html[22m [2m(+24ms)[22m 
[2m16:39:11[22m   [34m├─[39m [2m/admit-cards/nda-2-admit-card-2026-released-download-hall-ticke-admit-card-2026/index.html[22m [2m(+18ms)[22m 
[2m16:39:11[22m   [34m├─[39m [2m/admit-cards/sbi-po-mains-admit-card-2026-out-download-link-exa-admit-card-2026/index.html[22m [2m(+24ms)[22m 
[2m16:39:11[22m   [34m├─[39m [2m/admit-cards/upsc-nda-2-admit-card-out-direct-link-to-download--admit-card-2026/index.html[22m [2m(+26ms)[22m 
[2m16:39:11[22m   [34m├─[39m [2m/admit-cards/upsc-nda-admit-card-2026-out-upscgovin-get-direct--admit-card-2026/index.html[22m [2m(+174ms)[22m 
[2m16:39:11[22m   [34m├─[39m [2m/admit-cards/ugc-net-re-exam-admit-card-2026-release-date-check-admit-card-2026/index.html[22m [2m(+30ms)[22m 
[2m16:39:11[22m   [34m├─[39m [2m/admit-cards/upsc-nda-admit-card-2026-out-get-direct-hall-ticke-admit-card-2026/index.html[22m [2m(+154ms)[22m 
[2m16:39:11[22m   [34m├─[39m [2m/admit-cards/upsc-nda-2-admit-card-2026-out-for-september-13-ex-admit-card-2026/index.html[22m [2m(+41ms)[22m 
[2m16:39:11[22m   [34m├─[39m [2m/admit-cards/upsc-nda-cds-2-admit-card-2026-released-at-upscgov-admit-card-2026/index.html[22m [2m(+19ms)[22m 
[2m16:39:11[22m   [34m├─[39m [2m/admit-cards/neet-pg-2026-admit-card-out-today-revised-hall-tic-admit-card-2026/index.html[22m [2m(+16ms)[22m 
[2m16:39:11[22m   [34m├─[39m [2m/admit-cards/aiims-norcet-11-city-intimation-slip-2026-out-chec-admit-card-2026/index.html[22m [2m(+17ms)[22m 
[2m16:39:11[22m   [34m├─[39m [2m/admit-cards/neet-pg-2026-re-exam-admit-card-out-direct-link-to-admit-card-2026/index.html[22m [2m(+16ms)[22m 
[2m16:39:12[22m   [34m├─[39m [2m/admit-cards/pnb-local-bank-officer-exam-2026-on-september-6-ad-admit-card-2026/index.html[22m [2m(+19ms)[22m 
[2m16:39:12[22m   [34m├─[39m [2m/admit-cards/apsc-junior-engineer-exam-2026-date-admit-card-sch-admit-card-2026/index.html[22m [2m(+22ms)[22m 
[2m16:39:12[22m   [34m├─[39m [2m/admit-cards/ugc-net-re-exam-admit-card-2026-soon-check-expecte-admit-card-2026/index.html[22m [2m(+197ms)[22m 
[2m16:39:12[22m   [34m├─[39m [2m/admit-cards/ntpc-assistant-chemist-trainee-admit-card-2026-rel-admit-card-2026/index.html[22m [2m(+25ms)[22m 
[2m16:39:12[22m   [34m├─[39m [2m/admit-cards/nda-admit-card-2026-upsc-to-release-nda-2-hall-tic-admit-card-2026/index.html[22m [2m(+19ms)[22m 
[2m16:39:12[22m   [34m├─[39m [2m/admit-cards/neet-pg-admit-card-2026-nbems-likely-to-release-re-admit-card-2026/index.html[22m [2m(+272ms)[22m 
[2m16:39:12[22m   [34m├─[39m [2m/admit-cards/neet-pg-2026-admit-card-out-today-for-affected-stu-admit-card-2026/index.html[22m [2m(+134ms)[22m 
[2m16:39:12[22m   [34m├─[39m [2m/admit-cards/nda-2-admit-card-2026-released-today-check-upsc-ha-admit-card-2026/index.html[22m [2m(+52ms)[22m 
[2m16:39:12[22m   [34m├─[39m [2m/admit-cards/kvs-nvs-non-teaching-interview-call-letter-2026-ou-admit-card-2026/index.html[22m [2m(+42ms)[22m 
[2m16:39:12[22m   [34m├─[39m [2m/admit-cards/bpsc-bihar-teacher-recruitment-exam-2026-exam-date-admit-card-2026/index.html[22m [2m(+26ms)[22m 
[2m16:39:12[22m   [34m├─[39m [2m/admit-cards/uksssc-livestock-extension-officer-exam-date-2026--admit-card-2026/index.html[22m [2m(+29ms)[22m 
[2m16:39:12[22m   [34m├─[39m [2m/admit-cards/kerala-psc-recruitment-exams-september-2026-exam-d-admit-card-2026/index.html[22m [2m(+63ms)[22m 
[2m16:39:12[22m   [34m├─[39m [2m/admit-cards/hal-management-trainee-exam-2026-september-10-exam-admit-card-2026/index.html[22m [2m(+185ms)[22m 
[2m16:39:13[22m   [34m├─[39m [2m/admit-cards/dsssb-aso-exam-date-2026-schedule-shift-timings-ad-admit-card-2026/index.html[22m [2m(+150ms)[22m 
[2m16:39:13[22m   [34m├─[39m [2m/admit-cards/osssc-nursing-officer-exam-date-2026-out-schedule--admit-card-2026/index.html[22m [2m(+68ms)[22m 
[2m16:39:13[22m   [34m├─[39m [2m/admit-cards/neet-pg-2026-postponed-exam-admit-card-today-downl-admit-card-2026/index.html[22m [2m(+54ms)[22m 
[2m16:39:13[22m   [34m├─[39m [2m/admit-cards/ssc-stenographer-exam-date-2026-revised-check-sept-admit-card-2026/index.html[22m [2m(+31ms)[22m 
[2m16:39:13[22m   [34m├─[39m [2m/admit-cards/osstet-2026-exam-date-admit-card-pattern-official--admit-card-2026/index.html[22m [2m(+83ms)[22m 
[2m16:39:13[22m   [34m├─[39m [2m/admit-cards/nda-2-admit-card-2026-expected-release-date-exam-d-admit-card-2026/index.html[22m [2m(+63ms)[22m 
[2m16:39:13[22m   [34m├─[39m [2m/admit-cards/neet-pg-admit-card-2026-re-exam-releasing-today-do-admit-card-2026/index.html[22m [2m(+68ms)[22m 
[2m16:39:13[22m   [34m├─[39m [2m/admit-cards/cci-various-post-admit-card-2026-out-download-cci--admit-card-2026/index.html[22m [2m(+123ms)[22m 
[2m16:39:13[22m   [34m├─[39m [2m/admit-cards/nbems-releases-neet-pg-2026-re-exam-admit-cards-na-admit-card-2026/index.html[22m [2m(+40ms)[22m 
[2m16:39:13[22m   [34m├─[39m [2m/admit-cards/upsc-nda-2-admit-card-2026-released-exam-on-septem-admit-card-2026/index.html[22m [2m(+23ms)[22m 
[2m16:39:13[22m   [34m├─[39m [2m/admit-cards/ugc-net-re-exam-admit-card-2026-for-english-commer-admit-card-2026/index.html[22m [2m(+114ms)[22m 
[2m16:39:13[22m   [34m├─[39m [2m/admit-cards/nda-2-admit-card-2026-out-at-upscgovin-steps-to-do-admit-card-2026/index.html[22m [2m(+34ms)[22m 
[2m16:39:13[22m   [34m├─[39m [2m/admit-cards/mpsc-group-c-admit-card-2026-out-at-mpscgovin-chec-admit-card-2026/index.html[22m [2m(+105ms)[22m 
[2m16:39:14[22m   [34m├─[39m [2m/admit-cards/cds-2-admit-card-2026-out-direct-link-to-download--admit-card-2026/index.html[22m [2m(+33ms)[22m 
[2m16:39:14[22m   [34m├─[39m [2m/admit-cards/bio-nivesh-platform-links-early-stage-research-ven-admit-card-2026/index.html[22m [2m(+145ms)[22m 
[2m16:39:14[22m   [34m├─[39m [2m/admit-cards/know-your-legal-protections-ncw-head-vijaya-rahatk-admit-card-2026/index.html[22m [2m(+19ms)[22m 
[2m16:39:14[22m   [34m├─[39m [2m/admit-cards/aiims-norcet-11-city-intimation-notification-2026--admit-card-2026/index.html[22m [2m(+19ms)[22m 
[2m16:39:14[22m   [34m├─[39m [2m/admit-cards/bseb-bihar-board-half-yearly-exam-2026-dates-annou-admit-card-2026/index.html[22m [2m(+49ms)[22m 
[2m16:39:14[22m   [34m├─[39m [2m/admit-cards/aiims-norcet-11-city-slip-2026-released-at-aiimsex-admit-card-2026/index.html[22m [2m(+178ms)[22m 
[2m16:39:14[22m   [34m├─[39m [2m/admit-cards/neet-pg-2026-re-exam-admit-card-released-for-septe-admit-card-2026/index.html[22m [2m(+16ms)[22m 
[2m16:39:14[22m   [34m├─[39m [2m/admit-cards/nda-admit-card-2026-today-download-upsc-nda-2-hall-admit-card-2026/index.html[22m [2m(+12ms)[22m 
[2m16:39:14[22m   [34m├─[39m [2m/admit-cards/neet-pg-admit-card-2026-re-exam-hall-ticket-to-be--admit-card-2026/index.html[22m [2m(+25ms)[22m 
[2m16:39:14[22m   [34m├─[39m [2m/admit-cards/nda-2-admit-card-2026-soon-check-download-steps-ex-admit-card-2026/index.html[22m [2m(+169ms)[22m 
[2m16:39:14[22m   [34m├─[39m [2m/admit-cards/ugc-net-re-exam-admit-card-2026-soon-check-detaile-admit-card-2026/index.html[22m [2m(+29ms)[22m 
[2m16:39:14[22m   [34m├─[39m [2m/admit-cards/neet-pg-re-exam-2026-admit-card-today-steps-to-dow-admit-card-2026/index.html[22m [2m(+52ms)[22m 
[2m16:39:14[22m   [34m├─[39m [2m/admit-cards/when-will-upsc-nda-2-exam-admit-card-2026-be-relea-admit-card-2026/index.html[22m [2m(+209ms)[22m 
[2m16:39:14[22m   [34m├─[39m [2m/admit-cards/neet-pg-2026-re-exam-admit-card-today-to-release-t-admit-card-2026/index.html[22m [2m(+91ms)[22m 
[2m16:39:15[22m   [34m├─[39m [2m/admit-cards/sbi-po-mains-admit-card-2026-out-download-hall-tic-admit-card-2026/index.html[22m [2m(+103ms)[22m 
[2m16:39:15[22m   [34m├─[39m [2m/admit-cards/neet-pg-2026-re-exam-admit-card-released-check-ste-admit-card-2026/index.html[22m [2m(+24ms)[22m 
[2m16:39:15[22m   [34m├─[39m [2m/admit-cards/snap-admit-card-2026-release-date-download-link-st-admit-card-2026/index.html[22m [2m(+78ms)[22m 
[2m16:39:15[22m   [34m├─[39m [2m/admit-cards/neet-pg-2026-re-exam-admit-card-out-check-how-to-d-admit-card-2026/index.html[22m [2m(+20ms)[22m 
[2m16:39:15[22m   [34m├─[39m [2m/admit-cards/neet-pg-2026-re-exam-admit-cards-issued-at-natboar-admit-card-2026/index.html[22m [2m(+22ms)[22m 
[2m16:39:15[22m   [34m├─[39m [2m/admit-cards/iocl-executive-recruitment-2026-470-posts-apply-on-admit-card-2026/index.html[22m [2m(+44ms)[22m 
[2m16:39:15[22m   [34m├─[39m [2m/admit-cards/hal-design-trainee-exam-2026-on-sept-5-6-admit-car-admit-card-2026/index.html[22m [2m(+66ms)[22m 
[2m16:39:15[22m   [34m├─[39m [2m/admit-cards/aiims-norcet-11-city-slip-2026-releasing-today-at--admit-card-2026/index.html[22m [2m(+86ms)[22m 
[2m16:39:15[22m   [34m├─[39m [2m/admit-cards/nda-2-admit-card-2026-expected-soon-download-hall--admit-card-2026/index.html[22m [2m(+184ms)[22m 
[2m16:39:15[22m   [34m├─[39m [2m/admit-cards/uppsc-polytechnic-lecturer-admit-card-2026-out-exa-admit-card-2026/index.html[22m [2m(+63ms)[22m 
[2m16:39:15[22m   [34m├─[39m [2m/admit-cards/nda-2-admit-card-2026-today-live-upsc-hall-ticket--admit-card-2026/index.html[22m [2m(+50ms)[22m 
[2m16:39:15[22m   [34m├─[39m [2m/admit-cards/sbi-po-mains-admit-card-2026-released-for-septembe-admit-card-2026/index.html[22m [2m(+102ms)[22m 
[2m16:39:15[22m   [34m├─[39m [2m/admit-cards/neet-pg-2026-re-exam-admit-card-direct-link-to-dow-admit-card-2026/index.html[22m [2m(+123ms)[22m 
[2m16:39:16[22m   [34m├─[39m [2m/admit-cards/neet-pg-2026-re-exam-admit-card-released-check-dow-admit-card-2026/index.html[22m [2m(+13ms)[22m 
[2m16:39:16[22m   [34m├─[39m [2m/admit-cards/sbi-po-mains-admit-card-2026-out-download-call-let-admit-card-2026/index.html[22m [2m(+49ms)[22m 
[2m16:39:16[22m   [34m├─[39m [2m/admit-cards/sbi-po-mains-admit-card-2026-released-at-sbicoin-d-admit-card-2026/index.html[22m [2m(+50ms)[22m 
[2m16:39:16[22m   [34m├─[39m [2m/admit-cards/neet-pg-2026-re-exam-admit-card-to-be-out-soon-at--admit-card-2026/index.html[22m [2m(+13ms)[22m 
[2m16:39:16[22m   [34m├─[39m [2m/admit-cards/sbi-po-mains-admit-card-2026-out-sbicoin-check-dir-admit-card-2026/index.html[22m [2m(+152ms)[22m 
[2m16:39:16[22m   [34m├─[39m [2m/admit-cards/defence-exam-admit-card-2026-releasing-soon-check--admit-card-2026/index.html[22m [2m(+111ms)[22m 
[2m16:39:16[22m   [34m├─[39m [2m/admit-cards/mp-police-si-recruitment-2026-notification-out-tod-admit-card-2026/index.html[22m [2m(+27ms)[22m 
[2m16:39:16[22m   [34m├─[39m [2m/admit-cards/tnpsc-group-2-recruitment-2026-apply-online-for-82-admit-card-2026/index.html[22m [2m(+11ms)[22m 
[2m16:39:16[22m   [34m├─[39m [2m/admit-cards/telangana-tet-in-service-teachers-2026-hall-ticket-admit-card-2026/index.html[22m [2m(+30ms)[22m 
[2m16:39:16[22m   [34m├─[39m [2m/admit-cards/kvs-nvs-tier-3-interview-call-letter-2026-out-sche-admit-card-2026/index.html[22m [2m(+18ms)[22m 
[2m16:39:16[22m   [34m├─[39m [2m/admit-cards/nielit-ccc-exam-2026-september-exam-cycle-admit-ca-admit-card-2026/index.html[22m [2m(+15ms)[22m 
[2m16:39:16[22m   [34m├─[39m [2m/admit-cards/kashmir-crime-branch-books-five-persons-for-fake-a-admit-card-2026/index.html[22m [2m(+32ms)[22m 
[2m16:39:16[22m   [34m├─[39m [2m/admit-cards/tenzing-norgay-adventure-honours-announced-as-cent-admit-card-2026/index.html[22m [2m(+133ms)[22m 
[2m16:39:16[22m   [34m├─[39m [2m/admit-cards/bihar-stet-2026-application-last-date-extended-to--admit-card-2026/index.html[22m [2m(+18ms)[22m 
[2m16:39:16[22m   [34m├─[39m [2m/admit-cards/upsc-nda-2-admit-card-2026-expected-release-date-e-admit-card-2026/index.html[22m [2m(+19ms)[22m 
[2m16:39:16[22m   [34m├─[39m [2m/admit-cards/ignou-passing-marks-2026-check-passing-marks-requi-admit-card-2026/index.html[22m [2m(+23ms)[22m 
[2m16:39:16[22m   [34m├─[39m [2m/admit-cards/upsc-nda-2-admit-card-2026-soon-at-upscgovin-check-admit-card-2026/index.html[22m [2m(+258ms)[22m 
[2m16:39:17[22m   [34m├─[39m [2m/admit-cards/nda-2-2026-admit-card-release-date-check-expected--admit-card-2026/index.html[22m [2m(+121ms)[22m 
[2m16:39:17[22m   [34m├─[39m [2m/admit-cards/sbi-trade-finance-officer-recruitment-2026-35-post-admit-card-2026/index.html[22m [2m(+81ms)[22m 
[2m16:39:17[22m   [34m├─[39m [2m/admit-cards/army-aoc-group-c-recruitment-2026-2615-vacancies-a-admit-card-2026/index.html[22m [2m(+16ms)[22m 
[2m16:39:17[22m   [34m├─[39m [2m/admit-cards/mdu-rohtak-admit-card-2026-out-download-special-ch-admit-card-2026/index.html[22m [2m(+10ms)[22m 
[2m16:39:17[22m   [34m├─[39m [2m/admit-cards/tg-tet-admit-card-2026-released-at-tgtetaptonlinei-admit-card-2026/index.html[22m [2m(+39ms)[22m 
[2m16:39:17[22m   [34m├─[39m [2m/admit-cards/ncsc-seeks-action-taken-report-from-jadavpur-unive-admit-card-2026/index.html[22m [2m(+15ms)[22m 
[2m16:39:17[22m   [34m├─[39m [2m/admit-cards/30458-gender-segregated-toilets-constructed-in-sch-admit-card-2026/index.html[22m [2m(+18ms)[22m 
[2m16:39:17[22m   [34m├─[39m [2m/admit-cards/nest-fest-to-showcase-northeasts-culture-youth-tal-admit-card-2026/index.html[22m [2m(+17ms)[22m 
[2m16:39:17[22m   [34m├─[39m [2m/admit-cards/gate-2027-application-form-to-open-by-7-pm-today-i-admit-card-2026/index.html[22m [2m(+19ms)[22m 
[2m16:39:17[22m   [34m├─[39m [2m/admit-cards/ugc-net-2026-city-intimation-slip-released-for-sep-admit-card-2026/index.html[22m [2m(+40ms)[22m 
[2m16:39:17[22m   [34m├─[39m [2m/admit-cards/aiapget-answer-key-2026-anytime-soon-examsntanicin-admit-card-2026/index.html[22m [2m(+37ms)[22m 
[2m16:39:17[22m   [34m├─[39m [2m/admit-cards/bsf-hcm-asi-exam-2026-jaipur-shift-cancelled-resch-admit-card-2026/index.html[22m [2m(+33ms)[22m 
[2m16:39:17[22m   [34m├─[39m [2m/admit-cards/arunachal-pradesh-govt-drafts-inclusive-roadmap-to-admit-card-2026/index.html[22m [2m(+44ms)[22m 
[2m16:39:17[22m   [34m├─[39m [2m/admit-cards/tg-tet-admit-card-2026-released-teachers-can-downl-admit-card-2026/index.html[22m [2m(+100ms)[22m 
[2m16:39:17[22m   [34m├─[39m [2m/admit-cards/kmat-admit-card-2026-soon-check-exam-date-download-admit-card-2026/index.html[22m [2m(+346ms)[22m 
[2m16:39:17[22m   [34m├─[39m [2m/admit-cards/uttarakhand-neet-ug-counselling-2026-round-1-colle-admit-card-2026/index.html[22m [2m(+18ms)[22m 
[2m16:39:18[22m   [34m├─[39m [2m/admit-cards/nmmss-application-2026-last-date-extended-to-septe-admit-card-2026/index.html[22m [2m(+14ms)[22m 
[2m16:39:18[22m   [34m├─[39m [2m/admit-cards/nda-2-admit-card-2026-release-date-hall-ticket-exp-admit-card-2026/index.html[22m [2m(+16ms)[22m 
[2m16:39:18[22m   [34m├─[39m [2m/admit-cards/neet-pg-hall-ticket-2026-awaited-for-september-5-r-admit-card-2026/index.html[22m [2m(+15ms)[22m 
[2m16:39:18[22m   [34m├─[39m [2m/admit-cards/nbems-admit-card-2026-hall-ticket-for-53-group-a-b-admit-card-2026/index.html[22m [2m(+113ms)[22m 
[2m16:39:18[22m   [34m├─[39m [2m/admit-cards/iit-mandi-research-raises-alarm-over-expansion-of--admit-card-2026/index.html[22m [2m(+184ms)[22m 
[2m16:39:18[22m   [34m├─[39m [2m/admit-cards/bihar-govt-delays-bpsc-exam-to-ensure-single-test--admit-card-2026/index.html[22m [2m(+60ms)[22m 
[2m16:39:18[22m   [34m├─[39m [2m/admit-cards/india-post-office-gds-application-form-2026-releas-admit-card-2026/index.html[22m [2m(+16ms)[22m 
[2m16:39:18[22m   [34m├─[39m [2m/admit-cards/bjp-mp-laxman-urges-youth-to-lead-nutrition-awaren-admit-card-2026/index.html[22m [2m(+16ms)[22m 
[2m16:39:18[22m   [34m├─[39m [2m/admit-cards/punjab-bed-round-1-cutoff-2026-science-commerce-se-admit-card-2026/index.html[22m [2m(+23ms)[22m 
[2m16:39:18[22m   [34m├─[39m [2m/admit-cards/kmat-admit-card-2026-soon-download-link-steps-exam-admit-card-2026/index.html[22m [2m(+68ms)[22m 
[2m16:39:18[22m   [34m├─[39m [2m/admit-cards/up-neet-ug-2026-choice-filling-opens-today-four-da-admit-card-2026/index.html[22m [2m(+32ms)[22m 
[2m16:39:18[22m   [34m├─[39m [2m/admit-cards/knruhs-telangana-neet-ug-seat-allotment-2026-for-p-admit-card-2026/index.html[22m [2m(+152ms)[22m 
[2m16:39:18[22m   [34m├─[39m [2m/admit-cards/cisf-asi-paramedical-admit-card-2026-released-pst--admit-card-2026/index.html[22m [2m(+65ms)[22m 
[2m16:39:18[22m   [34m├─[39m [2m/admit-cards/bsf-hcm-asi-exam-2026-jaipur-shift-cancelled-revis-admit-card-2026/index.html[22m [2m(+14ms)[22m 
[2m16:39:18[22m   [34m├─[39m [2m/admit-cards/norcet-11-admit-card-release-date-2026-stage-1-2-r-admit-card-2026/index.html[22m [2m(+19ms)[22m 
[2m16:39:18[22m   [34m├─[39m [2m/admit-cards/tg-tet-admit-card-2026-out-download-telangana-tet--admit-card-2026/index.html[22m [2m(+51ms)[22m 
[2m16:39:18[22m   [34m├─[39m [2m/admit-cards/nda-2-admit-card-2026-release-date-exam-on-septemb-admit-card-2026/index.html[22m [2m(+21ms)[22m 
[2m16:39:18[22m   [34m├─[39m [2m/admit-cards/tnea-government-quota-vs-management-quota-admissio-admit-card-2026/index.html[22m [2m(+85ms)[22m 
[2m16:39:18[22m   [34m├─[39m [2m/admit-cards/bihar-bed-9th-seat-allotment-2026-september-7-allo-admit-card-2026/index.html[22m [2m(+44ms)[22m 
[2m16:39:19[22m   [34m├─[39m [2m/admit-cards/cg-vyapam-teacher-recruitment-2026-apply-online-la-admit-card-2026/index.html[22m [2m(+121ms)[22m 
[2m16:39:19[22m   [34m├─[39m [2m/admit-cards/up-home-guard-pet-admit-card-2026-released-downloa-admit-card-2026/index.html[22m [2m(+32ms)[22m 
[2m16:39:19[22m   [34m├─[39m [2m/admit-cards/kcet-2026-vacant-seats-after-round-2-out-check-col-admit-card-2026/index.html[22m [2m(+19ms)[22m 
[2m16:39:19[22m   [34m├─[39m [2m/admit-cards/norcet-11-mains-subject-wise-weightage-check-quest-admit-card-2026/index.html[22m [2m(+21ms)[22m 
[2m16:39:19[22m   [34m├─[39m [2m/admit-cards/rajasthan-set-admit-card-2026-to-be-released-soon--admit-card-2026/index.html[22m [2m(+32ms)[22m 
[2m16:39:19[22m   [34m├─[39m [2m/admit-cards/bihar-bed-counselling-2026-started-editing-college-admit-card-2026/index.html[22m [2m(+47ms)[22m 
[2m16:39:19[22m   [34m├─[39m [2m/admit-cards/india-post-gds-recruitment-2026-notification-out-f-admit-card-2026/index.html[22m [2m(+167ms)[22m 
[2m16:39:19[22m   [34m├─[39m [2m/admit-cards/punjab-bed-entrance-exam-2026-counselling-seat-all-admit-card-2026/index.html[22m [2m(+53ms)[22m 
[2m16:39:19[22m   [34m├─[39m [2m/admit-cards/college-of-medicine-and-jnm-hospital-cutoff-2026-c-admit-card-2026/index.html[22m [2m(+77ms)[22m 
[2m16:39:19[22m   [34m├─[39m [2m/admit-cards/rrb-ntpc-cbt-2-exam-date-2026-out-check-september--admit-card-2026/index.html[22m [2m(+20ms)[22m 
[2m16:39:19[22m   [34m├─[39m [2m/admit-cards/ibps-regional-rural-banks-participating-list-recru-admit-card-2026/index.html[22m [2m(+18ms)[22m 
[2m16:39:19[22m   [34m├─[39m [2m/admit-cards/jagannath-gupta-institute-of-medical-sciences-cuto-admit-card-2026/index.html[22m [2m(+24ms)[22m 
[2m16:39:19[22m   [34m├─[39m [2m/admit-cards/ibps-rrb-apply-online-2026-register-now-for-13706--admit-card-2026/index.html[22m [2m(+21ms)[22m 
[2m16:39:19[22m   [34m├─[39m [2m/admit-cards/isc-class-12-physics-specimen-paper-2026-27-downlo-admit-card-2026/index.html[22m [2m(+89ms)[22m 
[2m16:39:19[22m   [34m├─[39m [2m/admit-cards/ugc-net-re-exam-city-slip-2026-out-check-june-exam-admit-card-2026/index.html[22m [2m(+145ms)[22m 
[2m16:39:19[22m   [34m├─[39m [2m/admit-cards/ssc-stenographer-exam-date-2026-check-revised-exam-admit-card-2026/index.html[22m [2m(+65ms)[22m 
[2m16:39:19[22m   [34m├─[39m [2m/admit-cards/nbems-admit-card-2026-at-natboardeduin-exam-date-r-admit-card-2026/index.html[22m [2m(+24ms)[22m 
[2m16:39:20[22m   [34m├─[39m [2m/admit-cards/bpssc-si-candidates-protest-over-delay-seek-physic-admit-card-2026/index.html[22m [2m(+44ms)[22m 
[2m16:39:20[22m   [34m├─[39m [2m/admit-cards/du-cuet-pg-spot-round-cutoff-2026-out-for-south-ca-admit-card-2026/index.html[22m [2m(+16ms)[22m 
[2m16:39:20[22m   [34m├─[39m [2m/admit-cards/du-cuet-pg-cut-off-2026-spot-round-2-august-19-for-admit-card-2026/index.html[22m [2m(+33ms)[22m 
[2m16:39:20[22m   [34m├─[39m [2m/admit-cards/dehradun-schools-anganwadi-centres-closed-today-am-admit-card-2026/index.html[22m [2m(+20ms)[22m 
[2m16:39:20[22m   [34m├─[39m [2m/admit-cards/du-pg-spot-round-3-cutoff-2026-out-for-north-campu-admit-card-2026/index.html[22m [2m(+164ms)[22m 
[2m16:39:20[22m   [34m├─[39m [2m/admit-cards/india-post-gds-recruitment-2026-applications-open--admit-card-2026/index.html[22m [2m(+51ms)[22m 
[2m16:39:20[22m   [34m├─[39m [2m/admit-cards/google-antigravity-explained-how-it-differs-from-g-admit-card-2026/index.html[22m [2m(+37ms)[22m 
[2m16:39:20[22m   [34m├─[39m [2m/admit-cards/inbo-eligibility-2027-age-limit-qualification-and--admit-card-2026/index.html[22m [2m(+50ms)[22m 
[2m16:39:20[22m   [34m├─[39m [2m/admit-cards/studying-in-canada-gets-costlier-new-proof-of-fund-admit-card-2026/index.html[22m [2m(+50ms)[22m 
[2m16:39:20[22m   [34m├─[39m [2m/admit-cards/nbems-exam-date-2026-revised-check-post-wise-exam--admit-card-2026/index.html[22m [2m(+29ms)[22m 
[2m16:39:20[22m   [34m├─[39m [2m/admit-cards/ibo-exam-date-2027-international-biology-olympiad--admit-card-2026/index.html[22m [2m(+34ms)[22m 
[2m16:39:20[22m   [34m├─[39m [2m/admit-cards/neet-ug-2026-haryana-releases-revised-mbbs-bds-sea-admit-card-2026/index.html[22m [2m(+52ms)[22m 
[2m16:39:20[22m   [34m├─[39m [2m/admit-cards/kcet-3rd-round-counselling-date-2026-out-check-rou-admit-card-2026/index.html[22m [2m(+111ms)[22m 
[2m16:39:20[22m   [34m├─[39m [2m/admit-cards/ugc-net-june-2026-re-exam-city-intimation-slip-rel-admit-card-2026/index.html[22m [2m(+55ms)[22m 
[2m16:39:20[22m   [34m├─[39m [2m/admit-cards/upsc-releases-cms-2026-admit-cards-for-1358-medica-admit-card-2026/index.html[22m [2m(+59ms)[22m 
[2m16:39:20[22m   [34m├─[39m [2m/admit-cards/inbo-admit-card-2027-release-date-and-hall-ticket--admit-card-2026/index.html[22m [2m(+51ms)[22m 
[2m16:39:20[22m   [34m├─[39m [2m/admit-cards/uksssc-inter-level-recruitment-2026-notification-o-admit-card-2026/index.html[22m [2m(+137ms)[22m 
[2m16:39:21[22m   [34m├─[39m [2m/admit-cards/cgssb-exam-calendar-2027-released-at-vyapamcgcgsta-admit-card-2026/index.html[22m [2m(+70ms)[22m 
[2m16:39:21[22m   [34m├─[39m [2m/admit-cards/jkssb-pet-admit-card-2026-to-be-released-tomorrow--admit-card-2026/index.html[22m [2m(+26ms)[22m 
[2m16:39:21[22m   [34m├─[39m [2m/admit-cards/kea-car-dar-hall-ticket-2026-out-download-written--admit-card-2026/index.html[22m [2m(+73ms)[22m 
[2m16:39:21[22m   [34m├─[39m [2m/admit-cards/jkssb-pet-admit-card-2026-at-jkssbnicin-download-i-admit-card-2026/index.html[22m [2m(+24ms)[22m 
[2m16:39:21[22m   [34m├─[39m [2m/admit-cards/jkssb-pet-admit-card-2026-download-hall-ticket-at--admit-card-2026/index.html[22m [2m(+108ms)[22m 
[2m16:39:21[22m   [34m├─[39m [2m/admit-cards/union-bank-so-exam-admit-card-2026-released-downlo-admit-card-2026/index.html[22m [2m(+66ms)[22m 
[2m16:39:21[22m   [34m├─[39m [2m/admit-cards/major-changes-impacting-iim-bangalore-ug-admission-admit-card-2026/index.html[22m [2m(+124ms)[22m 
[2m16:39:21[22m   [34m├─[39m [2m/admit-cards/bank-of-india-so-recruitment-2026-notification-out-admit-card-2026/index.html[22m [2m(+23ms)[22m 
[2m16:39:21[22m   [34m├─[39m [2m/admit-cards/national-jute-board-njb-recruitment-2026-apply-onl-admit-card-2026/index.html[22m [2m(+16ms)[22m 
[2m16:39:21[22m   [34m├─[39m [2m/admit-cards/bgssl-recruitment-2026-notification-out-2049-vacan-admit-card-2026/index.html[22m [2m(+16ms)[22m 
[2m16:39:21[22m   [34m├─[39m [2m/admit-cards/cpct-admit-card-2026-out-at-cpctmpgovin-download-h-admit-card-2026/index.html[22m [2m(+19ms)[22m 
[2m16:39:21[22m   [34m├─[39m [2m/admit-cards/iit-jam-2027-information-bulletin-today-applicatio-admit-card-2026/index.html[22m [2m(+38ms)[22m 
[2m16:39:21[22m   [34m├─[39m [2m/admit-cards/erd-punjab-lecturer-exam-date-2026-out-check-subje-admit-card-2026/index.html[22m [2m(+147ms)[22m 
[2m16:39:21[22m   [34m├─[39m [2m/admit-cards/rvunl-recruitment-2026-apply-online-last-date-toda-admit-card-2026/index.html[22m [2m(+16ms)[22m 
[2m16:39:21[22m   [34m├─[39m [2m/admit-cards/rrb-group-d-physical-admit-card-cen-082024-out-pet-admit-card-2026/index.html[22m [2m(+18ms)[22m 
[2m16:39:21[22m   [34m├─[39m [2m/admit-cards/union-bank-of-india-so-admit-card-2026-out-call-le-admit-card-2026/index.html[22m [2m(+19ms)[22m 
[2m16:39:21[22m   [34m├─[39m [2m/admit-cards/ssc-stenographer-city-intimation-slip-2026-out-che-admit-card-2026/index.html[22m [2m(+299ms)[22m 
[2m16:39:22[22m   [34m├─[39m [2m/admit-cards/rrb-je-recruitment-2026-4029-vacancies-last-date-s-admit-card-2026/index.html[22m [2m(+60ms)[22m 
[2m16:39:22[22m   [34m├─[39m [2m/admit-cards/uttarakhand-school-holiday-tomorrow-are-schools-re-admit-card-2026/index.html[22m [2m(+33ms)[22m 
[2m16:39:22[22m   [34m├─[39m [2m/admit-cards/apsc-forest-ranger-answer-key-2026-out-at-apscnici-admit-card-2026/index.html[22m [2m(+20ms)[22m 
[2m16:39:22[22m   [34m├─[39m [2m/admit-cards/apssb-cgl-answer-key-2026-out-download-response-sh-admit-card-2026/index.html[22m [2m(+15ms)[22m 
[2m16:39:22[22m   [34m├─[39m [2m/admit-cards/punjab-lecturer-cadre-exam-date-2026-out-check-off-admit-card-2026/index.html[22m [2m(+67ms)[22m 
[2m16:39:22[22m   [34m├─[39m [2m/admit-cards/iocl-recruitment-2026-470-executive-posts-apply-on-admit-card-2026/index.html[22m [2m(+64ms)[22m 
[2m16:39:22[22m   [34m├─[39m [2m/admit-cards/ssc-stenographer-exam-city-slip-2026-out-at-sscgov-admit-card-2026/index.html[22m [2m(+34ms)[22m 
[2m16:39:22[22m   [34m├─[39m [2m/admit-cards/aiims-to-re-conduct-cre-5-exam-on-september-7-foll-admit-card-2026/index.html[22m [2m(+166ms)[22m 
[2m16:39:22[22m   [34m├─[39m [2m/admit-cards/up-cooperative-bank-exam-city-intimation-2026-out--admit-card-2026/index.html[22m [2m(+67ms)[22m 
[2m16:39:22[22m   [34m├─[39m [2m/admit-cards/rpsc-apo-admit-card-2026-released-download-link-ex-admit-card-2026/index.html[22m [2m(+65ms)[22m 
[2m16:39:22[22m   [34m├─[39m [2m/admit-cards/ssc-stenographer-city-slip-2026-out-download-group-admit-card-2026/index.html[22m [2m(+45ms)[22m 
[2m16:39:22[22m   [34m├─[39m [2m/admit-cards/ssc-jht-city-intimation-slip-2026-out-check-exam-c-admit-card-2026/index.html[22m [2m(+134ms)[22m 
[2m16:39:22[22m   [34m├─[39m [2m/admit-cards/neet-pg-re-exam-on-september-5-for-2445-affected-c-admit-card-2026/index.html[22m [2m(+104ms)[22m 
[2m16:39:23[22m   [34m├─[39m [2m/admit-cards/up-cooperative-bank-admit-card-2026-call-letter-do-admit-card-2026/index.html[22m [2m(+33ms)[22m 
[2m16:39:23[22m   [34m├─[39m [2m/admit-cards/nbems-admit-card-2026-out-on-1-sept-hall-ticket-fo-admit-card-2026/index.html[22m [2m(+18ms)[22m 
[2m16:39:23[22m   [34m├─[39m [2m/admit-cards/ignou-grade-card-june-2026-upgraded-link-out-check-admit-card-2026/index.html[22m [2m(+36ms)[22m 
[2m16:39:23[22m   [34m├─[39m [2m/admit-cards/punjab-bed-entrance-exam-2026-counselling-choice-f-admit-card-2026/index.html[22m [2m(+62ms)[22m 
[2m16:39:23[22m   [34m├─[39m [2m/admit-cards/mh-set-2026-admit-card-postponed-revised-release-d-admit-card-2026/index.html[22m [2m(+38ms)[22m 
[2m16:39:23[22m   [34m├─[39m [2m/admit-cards/neet-pg-admit-card-2026-today-live-updates-downloa-admit-card-2026/index.html[22m [2m(+132ms)[22m 
[2m16:39:23[22m   [34m├─[39m [2m/admit-cards/union-bank-of-india-so-admit-card-2026-out-downloa-admit-card-2026/index.html[22m [2m(+114ms)[22m 
[2m16:39:23[22m   [34m├─[39m [2m/admit-cards/union-bank-so-admit-card-2026-out-download-hall-ti-admit-card-2026/index.html[22m [2m(+14ms)[22m 
[2m16:39:23[22m   [34m├─[39m [2m/admit-cards/ibps-rrb-short-notification-2026-out-12000-vacanci-admit-card-2026/index.html[22m [2m(+17ms)[22m 
[2m16:39:23[22m   [34m├─[39m [2m/admit-cards/india-post-gds-recruitment-2026-otr-starts-today-f-admit-card-2026/index.html[22m [2m(+23ms)[22m 
[2m16:39:23[22m   [34m├─[39m [2m/admit-cards/hudco-recruitment-2026-apply-for-various-manageria-admit-card-2026/index.html[22m [2m(+29ms)[22m 
[2m16:39:23[22m   [34m├─[39m [2m/admit-cards/apsc-je-admit-card-2026-at-apscnicin-soon-check-ex-admit-card-2026/index.html[22m [2m(+16ms)[22m 
[2m16:39:23[22m   [34m├─[39m [2m/admit-cards/rpsc-apo-admit-card-2026-out-download-assistant-pr-admit-card-2026/index.html[22m [2m(+188ms)[22m 
[2m16:39:23[22m   [34m├─[39m [2m/admit-cards/rvunl-recruitment-2026-last-date-today-to-apply-fo-admit-card-2026/index.html[22m [2m(+64ms)[22m 
[2m16:39:23[22m   [34m├─[39m [2m/admit-cards/maharashtra-neet-ug-2026-round-1-offers-mbbs-and-b-admit-card-2026/index.html[22m [2m(+49ms)[22m 
[2m16:39:23[22m   [34m├─[39m [2m/admit-cards/1338-delhi-teacher-vacancy-2026-sanctioned-check-s-admit-card-2026/index.html[22m [2m(+14ms)[22m 
[2m16:39:23[22m   [34m├─[39m [2m/admit-cards/ibps-rrb-notification-2026-out-apply-online-for-po-admit-card-2026/index.html[22m [2m(+44ms)[22m 
[2m16:39:24[22m   [34m├─[39m [2m/admit-cards/neet-pg-2026-cut-off-for-government-colleges-branc-admit-card-2026/index.html[22m [2m(+11ms)[22m 
[2m16:39:24[22m   [34m├─[39m [2m/admit-cards/maharashtra-3-year-llb-second-list-2026-released-9-admit-card-2026/index.html[22m [2m(+14ms)[22m 
[2m16:39:24[22m   [34m├─[39m [2m/admit-cards/karnataka-forest-department-recruitment-2026-out-f-admit-card-2026/index.html[22m [2m(+181ms)[22m 
[2m16:39:24[22m   [34m├─[39m [2m/admit-cards/neet-pg-2026-answer-key-direct-answer-key-pdf-down-admit-card-2026/index.html[22m [2m(+19ms)[22m 
[2m16:39:24[22m   [34m├─[39m [2m/admit-cards/aiapget-2026-re-test-tomorrow-admit-card-out-nta-i-admit-card-2026/index.html[22m [2m(+171ms)[22m 
[2m16:39:24[22m   [34m├─[39m [2m/admit-cards/rajasthan-apo-admit-card-2026-out-at-rpscrajasthan-admit-card-2026/index.html[22m [2m(+22ms)[22m 
[2m16:39:24[22m   [34m├─[39m [2m/admit-cards/top-jobs-recruitment-for-25000-posts-in-india-post-admit-card-2026/index.html[22m [2m(+69ms)[22m 
[2m16:39:24[22m   [34m├─[39m [2m/admit-cards/neet-pg-2026-exam-difficulty-level-was-the-paper-e-admit-card-2026/index.html[22m [2m(+31ms)[22m 
[2m16:39:24[22m   [34m├─[39m [2m/admit-cards/list-of-documents-required-for-ailet-application-f-admit-card-2026/index.html[22m [2m(+53ms)[22m 
[2m16:39:24[22m   [34m├─[39m [2m/admit-cards/ap-aee-answer-key-2026-out-check-response-sheet-an-admit-card-2026/index.html[22m [2m(+22ms)[22m 
[2m16:39:24[22m   [34m├─[39m [2m/admit-cards/mht-cet-2026-cap-round-4-option-entry-begins-for-b-admit-card-2026/index.html[22m [2m(+84ms)[22m 
[2m16:39:24[22m   [34m├─[39m [2m/admit-cards/neet-pg-2026-answer-key-expected-soon-check-markin-admit-card-2026/index.html[22m [2m(+212ms)[22m 
[2m16:39:24[22m   [34m├─[39m [2m/admit-cards/rrb-ntpc-undergraduate-cbt-2-exam-date-2026-out-do-admit-card-2026/index.html[22m [2m(+18ms)[22m 
[2m16:39:24[22m   [34m├─[39m [2m/admit-cards/ap-aee-answer-key-2026-out-download-response-sheet-admit-card-2026/index.html[22m [2m(+13ms)[22m 
[2m16:39:24[22m   [34m├─[39m [2m/admit-cards/ssc-jht-exam-city-slip-2026-direct-link-exam-city--admit-card-2026/index.html[22m [2m(+18ms)[22m 
[2m16:39:24[22m   [34m├─[39m [2m/admit-cards/neet-pg-2026-exam-analysis-out-difficulty-level-go-admit-card-2026/index.html[22m [2m(+51ms)[22m 
[2m16:39:25[22m   [34m├─[39m [2m/admit-cards/ap-lawcet-seat-allotment-2026-process-dates-key-po-admit-card-2026/index.html[22m [2m(+90ms)[22m 
[2m16:39:25[22m   [34m├─[39m [2m/admit-cards/kcet-3rd-round-counselling-date-2026-check-round-3-admit-card-2026/index.html[22m [2m(+66ms)[22m 
[2m16:39:25[22m   [34m├─[39m [2m/admit-cards/neet-pg-2026-exam-concludes-check-analysis-difficu-admit-card-2026/index.html[22m [2m(+253ms)[22m 
[2m16:39:25[22m   [34m├─[39m [2m/admit-cards/neet-pg-2026-on-aug-30-exam-timing-dress-code-guid-admit-card-2026/index.html[22m [2m(+32ms)[22m 
[2m16:39:25[22m   [34m├─[39m [2m/admit-cards/neet-pg-2026-question-paper-with-solutions-check-a-admit-card-2026/index.html[22m [2m(+49ms)[22m 
[2m16:39:25[22m   [34m├─[39m [2m/admit-cards/list-of-documents-required-for-ailet-2027-applicat-admit-card-2026/index.html[22m [2m(+35ms)[22m 
[2m16:39:25[22m   [34m├─[39m [2m/admit-cards/coal-india-mt-answer-key-2026-out-download-respons-admit-card-2026/index.html[22m [2m(+208ms)[22m 
[2m16:39:25[22m   [34m├─[39m [2m/admit-cards/rssb-mahila-supervisor-answer-key-2026-check-expec-admit-card-2026/index.html[22m [2m(+146ms)[22m 
[2m16:39:25[22m   [34m├─[39m [2m/admit-cards/rpsc-apo-admit-card-2026-out-rajasthan-apo-hall-ti-admit-card-2026/index.html[22m [2m(+44ms)[22m 
[2m16:39:25[22m   [34m├─[39m [2m/admit-cards/ts-lawcet-2026-round-2-seat-allotment-list-release-admit-card-2026/index.html[22m [2m(+62ms)[22m 
[2m16:39:26[22m   [34m├─[39m [2m/admit-cards/neet-pg-2026-postponed-jaipur-ion-digital-zone-exa-admit-card-2026/index.html[22m [2m(+104ms)[22m 
[2m16:39:26[22m   [34m├─[39m [2m/admit-cards/isro-exam-date-2026-out-check-complete-exam-schedu-admit-card-2026/index.html[22m [2m(+48ms)[22m 
[2m16:39:26[22m   [34m├─[39m [2m/admit-cards/neet-pg-2026-last-minute-revision-tips-admit-card-2026/index.html[22m [2m(+174ms)[22m 
[2m16:39:26[22m   [34m├─[39m [2m/admit-cards/bsnl-jto-answer-key-2026-released-download-pdf-res-admit-card-2026/index.html[22m [2m(+26ms)[22m 
[2m16:39:26[22m   [34m├─[39m [2m/admit-cards/mh-set-admit-card-2026-download-link-to-be-activat-admit-card-2026/index.html[22m [2m(+17ms)[22m 
[2m16:39:26[22m   [34m├─[39m [2m/admit-cards/rpsc-apo-admit-card-2026-out-download-rajasthan-as-admit-card-2026/index.html[22m [2m(+14ms)[22m 
[2m16:39:26[22m   [34m├─[39m [2m/admit-cards/csir-net-final-answer-key-2026-out-download-pdf-at-admit-card-2026/index.html[22m [2m(+192ms)[22m 
[2m16:39:26[22m   [34m├─[39m [2m/admit-cards/sbi-po-prelims-cut-off-2026-official-cut-off-marks-admit-card-2026/index.html[22m [2m(+17ms)[22m 
[2m16:39:26[22m   [34m├─[39m [2m/admit-cards/rpsc-apo-admit-card-2026-rajasthan-apo-hall-ticket-admit-card-2026/index.html[22m [2m(+202ms)[22m 
[2m16:39:26[22m   [34m├─[39m [2m/admit-cards/upcisb-up-cooperative-bank-recruitment-2026-exam-d-admit-card-2026/index.html[22m [2m(+123ms)[22m 
[2m16:39:26[22m   [34m├─[39m [2m/admit-cards/csbc-special-branch-constable-dv-schedule-2026-rel-admit-card-2026/index.html[22m [2m(+81ms)[22m 
[2m16:39:27[22m   [34m├─[39m [2m/admit-cards/ssc-stenographer-2026-exam-date-cbt-from-september-admit-card-2026/index.html[22m [2m(+147ms)[22m 
[2m16:39:27[22m   [34m├─[39m [2m/admit-cards/ssc-nursing-officer-exam-2026-exam-from-september--admit-card-2026/index.html[22m [2m(+97ms)[22m 
[2m16:39:27[22m   [34m├─[39m [2m/admit-cards/union-bank-so-exam-date-2026-out-exam-on-september-admit-card-2026/index.html[22m [2m(+21ms)[22m 
[2m16:39:27[22m   [34m├─[39m [2m/admit-cards/ugc-net-june-cutoff-2026-highest-cutoff-surprises--admit-card-2026/index.html[22m [2m(+43ms)[22m 
[2m16:39:27[22m   [34m├─[39m [2m/admit-cards/institute-of-postgraduate-medical-education-resear-admit-card-2026/index.html[22m [2m(+58ms)[22m 
[2m16:39:27[22m   [34m├─[39m [2m/admit-cards/indian-overseas-bank-so-recruitment-2026-notificat-admit-card-2026/index.html[22m [2m(+169ms)[22m 
[2m16:39:27[22m   [34m├─[39m [2m/admit-cards/telangana-neet-ug-2026-web-options-link-activated--admit-card-2026/index.html[22m [2m(+55ms)[22m 
[2m16:39:27[22m   [34m├─[39m [2m/admit-cards/uppsc-polytechnic-lecturer-admit-card-2026-out-che-admit-card-2026/index.html[22m [2m(+60ms)[22m 
[2m16:39:27[22m   [34m├─[39m [2m/admit-cards/nmc-releases-list-of-pg-medical-students-admitted--admit-card-2026/index.html[22m [2m(+33ms)[22m 
[2m16:39:27[22m   [34m├─[39m [2m/admit-cards/aiapget-re-exam-admit-cards-2026-released-exam-on--admit-card-2026/index.html[22m [2m(+61ms)[22m 
[2m16:39:27[22m   [34m├─[39m [2m/admit-cards/uppsc-admit-card-2026-hall-ticket-released-at-upps-admit-card-2026/index.html[22m [2m(+46ms)[22m 
[2m16:39:27[22m   [34m├─[39m [2m/admit-cards/aiapget-re-exam-admit-card-2026-announced-download-admit-card-2026/index.html[22m [2m(+22ms)[22m 
[2m16:39:27[22m   [34m├─[39m [2m/admit-cards/karnataka-pg-mds-2026-kea-activates-verification-s-admit-card-2026/index.html[22m [2m(+110ms)[22m 
[2m16:39:27[22m   [34m├─[39m [2m/admit-cards/aiapget-re-exam-admit-cards-2026-out-exam-to-be-he-admit-card-2026/index.html[22m [2m(+97ms)[22m 
[2m16:39:28[22m   [34m├─[39m [2m/admit-cards/aiapget-2026-re-exam-admit-card-out-for-49-candida-admit-card-2026/index.html[22m [2m(+78ms)[22m 
[2m16:39:28[22m   [34m├─[39m [2m/admit-cards/aiapget-2026-re-exam-admit-card-released-for-49-ca-admit-card-2026/index.html[22m [2m(+17ms)[22m 
[2m16:39:28[22m   [34m├─[39m [2m/admit-cards/sbi-clerk-recruitment-2026-apply-for-9766-posts-by-admit-card-2026/index.html[22m [2m(+18ms)[22m 
[2m16:39:28[22m   [34m├─[39m [2m/admit-cards/rcf-kapurthala-apprentice-recruitment-2026-apply-f-admit-card-2026/index.html[22m [2m(+70ms)[22m 
[2m16:39:28[22m   [34m├─[39m [2m/admit-cards/ibps-so-exam-analysis-2026-august-29-paper-difficu-admit-card-2026/index.html[22m [2m(+57ms)[22m 
[2m16:39:28[22m   [34m├─[39m [2m/admit-cards/bankura-sammilani-medical-college-neet-ug-2026-ope-admit-card-2026/index.html[22m [2m(+69ms)[22m 
[2m16:39:28[22m   [34m├─[39m [2m/admit-cards/ugc-net-cutoff-2026-top-5-subjects-with-highest-cu-admit-card-2026/index.html[22m [2m(+111ms)[22m 
[2m16:39:28[22m   [34m├─[39m [2m/admit-cards/ugc-net-june-2026-re-exam-dates-out-for-english-co-admit-card-2026/index.html[22m [2m(+34ms)[22m 
[2m16:39:28[22m   [34m├─[39m [2m/admit-cards/mpesb-sub-engineer-notification-2026-out-apply-onl-admit-card-2026/index.html[22m [2m(+70ms)[22m 
[2m16:39:28[22m   [34m├─[39m [2m/admit-cards/upsc-recruitment-2026-80-apfc-posts-last-date-sept-admit-card-2026/index.html[22m [2m(+62ms)[22m 
[2m16:39:28[22m   [34m├─[39m [2m/admit-cards/wbpsc-icds-recruitment-2026-notification-soon-for--admit-card-2026/index.html[22m [2m(+60ms)[22m 
[2m16:39:28[22m   [34m├─[39m [2m/admit-cards/rpsc-apo-exam-city-2026-out-check-exam-district-ci-admit-card-2026/index.html[22m [2m(+67ms)[22m 
[2m16:39:28[22m   [34m├─[39m [2m/admit-cards/uco-bank-so-recruitment-2026-notification-out-for--admit-card-2026/index.html[22m [2m(+108ms)[22m 
[2m16:39:28[22m   [34m├─[39m [2m/admit-cards/ugc-net-june-2026-cutoff-released-download-subject-admit-card-2026/index.html[22m [2m(+36ms)[22m 
[2m16:39:28[22m   [34m├─[39m [2m/admit-cards/ctet-september-2026-exam-postponed-application-win-admit-card-2026/index.html[22m [2m(+43ms)[22m 
[2m16:39:28[22m   [34m├─[39m [2m/admit-cards/ssc-stenographer-2026-exam-from-september-9-check--admit-card-2026/index.html[22m [2m(+21ms)[22m 
[2m16:39:28[22m   [34m├─[39m [2m/admit-cards/csbc-special-branch-constable-admit-card-2026-pst--admit-card-2026/index.html[22m [2m(+26ms)[22m 
[2m16:39:29[22m   [34m├─[39m [2m/admit-cards/pnb-lbo-admit-card-2026-out-download-hall-ticket-f-admit-card-2026/index.html[22m [2m(+284ms)[22m 
[2m16:39:29[22m   [34m├─[39m [2m/admit-cards/ap-eapcet-2026-bipc-stream-phase-1-seat-allotment--admit-card-2026/index.html[22m [2m(+25ms)[22m 
[2m16:39:29[22m   [34m├─[39m [2m/admit-cards/neet-pg-2026-tomorrow-exam-day-timings-dress-code--admit-card-2026/index.html[22m [2m(+24ms)[22m 
[2m16:39:29[22m   [34m├─[39m [2m/admit-cards/punjab-lecturer-admit-card-2026-to-be-out-soon-che-admit-card-2026/index.html[22m [2m(+33ms)[22m 
[2m16:39:29[22m   [34m├─[39m [2m/admit-cards/du-spot-round-1-cutoff-2026-out-check-delhi-univer-admit-card-2026/index.html[22m [2m(+48ms)[22m 
[2m16:39:29[22m   [34m├─[39m [2m/admit-cards/ctet-city-intimation-slip-2026-soon-download-link--admit-card-2026/index.html[22m [2m(+39ms)[22m 
[2m16:39:29[22m   [34m├─[39m [2m/admit-cards/csbc-special-branch-constable-admit-card-2026-out--admit-card-2026/index.html[22m [2m(+29ms)[22m 
[2m16:39:29[22m   [34m├─[39m [2m/admit-cards/andhra-pradesh-to-get-indias-first-quantum-ai-univ-admit-card-2026/index.html[22m [2m(+202ms)[22m 
[2m16:39:29[22m   [34m├─[39m [2m/admit-cards/punjab-lecturer-admit-card-2026-hall-ticket-date-s-admit-card-2026/index.html[22m [2m(+80ms)[22m 
[2m16:39:29[22m   [34m├─[39m [2m/admit-cards/uppsc-gic-lecturer-application-form-2026-out-check-admit-card-2026/index.html[22m [2m(+39ms)[22m 
[2m16:39:29[22m   [34m├─[39m [2m/admit-cards/wbcs-answer-key-2026-out-at-pscwbgovin-download-pr-admit-card-2026/index.html[22m [2m(+23ms)[22m 
[2m16:39:29[22m   [34m├─[39m [2m/admit-cards/osssc-radiographer-recruitment-2026-notification-o-admit-card-2026/index.html[22m [2m(+22ms)[22m 
[2m16:39:29[22m   [34m├─[39m [2m/admit-cards/ugc-net-final-answer-key-2026-released-download-pd-admit-card-2026/index.html[22m [2m(+71ms)[22m 
[2m16:39:29[22m   [34m├─[39m [2m/admit-cards/ossc-cre-mock-test-link-2026-out-osscgovin-check-p-admit-card-2026/index.html[22m [2m(+89ms)[22m 
[2m16:39:30[22m   [34m├─[39m [2m/admit-cards/isro-recruitment-2026-exam-date-released-check-com-admit-card-2026/index.html[22m [2m(+22ms)[22m 
[2m16:39:30[22m   [34m├─[39m [2m/admit-cards/punjab-lbo-admit-card-2026-out-download-hall-ticke-admit-card-2026/index.html[22m [2m(+33ms)[22m 
[2m16:39:30[22m   [34m├─[39m [2m/admit-cards/jkssb-skill-test-admit-card-2026-at-jkssbnicin-dow-admit-card-2026/index.html[22m [2m(+144ms)[22m 
[2m16:39:30[22m   [34m├─[39m [2m/admit-cards/pnb-lbo-admit-card-2026-out-at-pnbbankin-call-lett-admit-card-2026/index.html[22m [2m(+67ms)[22m 
[2m16:39:30[22m   [34m├─[39m [2m/admit-cards/punjab-neet-ug-counselling-2026-bfuhs-announces-ro-admit-card-2026/index.html[22m [2m(+25ms)[22m 
[2m16:39:30[22m   [34m├─[39m [2m/admit-cards/mah-bba-cap-2026-round-3-seat-allotment-list-relea-admit-card-2026/index.html[22m [2m(+18ms)[22m 
[2m16:39:30[22m   [34m├─[39m [2m/admit-cards/wbcs-prelims-final-answer-key-2026-released-at-wbp-admit-card-2026/index.html[22m [2m(+21ms)[22m 
[2m16:39:30[22m   [34m├─[39m [2m/admit-cards/pnb-lbo-admit-card-2026-released-for-545-posts-che-admit-card-2026/index.html[22m [2m(+18ms)[22m 
[2m16:39:30[22m   [34m├─[39m [2m/admit-cards/pnb-lbo-admit-card-2026-out-for-545-vacancies-dire-admit-card-2026/index.html[22m [2m(+274ms)[22m 
[2m16:39:30[22m   [34m├─[39m [2m/admit-cards/pnb-lbo-admit-card-2026-released-get-hall-ticket-d-admit-card-2026/index.html[22m [2m(+50ms)[22m 
[2m16:39:30[22m   [34m├─[39m [2m/admit-cards/pnb-lbo-admit-card-2026-out-at-pnbbankin-get-direc-admit-card-2026/index.html[22m [2m(+78ms)[22m 
[2m16:39:30[22m   [34m├─[39m [2m/admit-cards/avnl-admit-card-2026-out-cbt-exam-on-september-10--admit-card-2026/index.html[22m [2m(+47ms)[22m 
[2m16:39:30[22m   [34m├─[39m [2m/admit-cards/indian-army-agniveer-admit-card-2026-check-steps-t-admit-card-2026/index.html[22m [2m(+28ms)[22m 
[2m16:39:30[22m   [34m├─[39m [2m/admit-cards/avnl-admit-card-2026-released-for-1213-posts-at-av-admit-card-2026/index.html[22m [2m(+49ms)[22m 
[2m16:39:30[22m   [34m├─[39m [2m/admit-cards/ap-eamcet-seat-allotment-2026-phase-2-out-at-capap-admit-card-2026/index.html[22m [2m(+66ms)[22m 
[2m16:39:30[22m   [34m├─[39m [2m/admit-cards/hprca-assistant-staff-nurse-recruitment-2026-vacan-admit-card-2026/index.html[22m [2m(+215ms)[22m 
[2m16:39:31[22m   [34m├─[39m [2m/admit-cards/punjab-pti-teacher-recruitment-2026-apply-online-f-admit-card-2026/index.html[22m [2m(+38ms)[22m 
[2m16:39:31[22m   [34m├─[39m [2m/admit-cards/lokmanya-tilak-medical-college-mumbai-round-2-cuto-admit-card-2026/index.html[22m [2m(+48ms)[22m 
[2m16:39:31[22m   [34m├─[39m [2m/admit-cards/rrb-ntpc-graduate-cbt-2-cut-off-2026-released-chec-admit-card-2026/index.html[22m [2m(+36ms)[22m 
[2m16:39:31[22m   [34m├─[39m [2m/admit-cards/isc-class-12-maths-specimen-paper-2026-27-download-admit-card-2026/index.html[22m [2m(+27ms)[22m 
[2m16:39:31[22m   [34m├─[39m [2m/admit-cards/btsc-bihar-staff-nurse-cutoff-2026-check-category--admit-card-2026/index.html[22m [2m(+19ms)[22m 
[2m16:39:31[22m   [34m├─[39m [2m/admit-cards/jawahar-lal-nehru-medical-college-ajmer-round-2-cu-admit-card-2026/index.html[22m [2m(+78ms)[22m 
[2m16:39:31[22m   [34m├─[39m [2m/admit-cards/uptet-certificate-2026-know-when-and-where-to-down-admit-card-2026/index.html[22m [2m(+223ms)[22m 
[2m16:39:31[22m   [34m├─[39m [2m/admit-cards/rbi-bank-assistant-pre-exam-marks-2026-out-check-m-admit-card-2026/index.html[22m [2m(+41ms)[22m 
[2m16:39:31[22m   [34m├─[39m [2m/admit-cards/neet-pg-2026-exam-day-guidelines-dress-code-report-admit-card-2026/index.html[22m [2m(+23ms)[22m 
[2m16:39:31[22m   [34m├─[39m [2m/admit-cards/isro-scientist-recruitment-2026-notification-out-a-admit-card-2026/index.html[22m [2m(+30ms)[22m 
[2m16:39:31[22m   [34m├─[39m [2m/admit-cards/wbchse-hs-semester-iii-admit-card-2027-released-to-admit-card-2026/index.html[22m [2m(+25ms)[22m 
[2m16:39:31[22m   [34m├─[39m [2m/admit-cards/ap-eamcet-2026-seat-allotment-final-phase-link-out-admit-card-2026/index.html[22m [2m(+47ms)[22m 
[2m16:39:31[22m   [34m├─[39m [2m/admit-cards/avnl-admit-card-2026-out-for-executive-and-non-exe-admit-card-2026/index.html[22m [2m(+84ms)[22m 
[2m16:39:31[22m   [34m├─[39m [2m/admit-cards/wbchse-hs-semester-iii-admit-card-2027-released-do-admit-card-2026/index.html[22m [2m(+18ms)[22m 
[2m16:39:31[22m   [34m├─[39m [2m/admit-cards/dsssb-admit-card-2026-out-for-september-exam-hall--admit-card-2026/index.html[22m [2m(+16ms)[22m 
[2m16:39:31[22m   [34m├─[39m [2m/admit-cards/avnl-admit-card-2026-released-download-hall-ticket-admit-card-2026/index.html[22m [2m(+39ms)[22m 
[2m16:39:31[22m   [34m├─[39m [2m/admit-cards/neet-pg-2026-on-august-30-check-exam-timing-dress--admit-card-2026/index.html[22m [2m(+249ms)[22m 
[2m16:39:32[22m   [34m├─[39m [2m/admit-cards/opsc-app-admit-card-2026-release-date-download-lin-admit-card-2026/index.html[22m [2m(+29ms)[22m 
[2m16:39:32[22m   [34m├─[39m [2m/admit-cards/wbchse-hs-semester-iii-admit-card-2027-released-ch-admit-card-2026/index.html[22m [2m(+11ms)[22m 
[2m16:39:32[22m   [34m├─[39m [2m/admit-cards/iob-security-guard-recruitment-2026-apply-online-f-admit-card-2026/index.html[22m [2m(+17ms)[22m 
[2m16:39:32[22m   [34m├─[39m [2m/admit-cards/east-coast-railway-apprentice-recruitment-2026-159-admit-card-2026/index.html[22m [2m(+178ms)[22m 
[2m16:39:32[22m   [34m├─[39m [2m/admit-cards/iob-lbo-recruitment-2026-250-posts-application-clo-admit-card-2026/index.html[22m [2m(+21ms)[22m 
[2m16:39:32[22m   [34m├─[39m [2m/admit-cards/sahitya-akademi-recruitment-2026-30-posts-apply-by-admit-card-2026/index.html[22m [2m(+32ms)[22m 
[2m16:39:32[22m   [34m├─[39m [2m/admit-cards/up-special-tet-2026-upessc-submits-action-plan-see-admit-card-2026/index.html[22m [2m(+153ms)[22m 
[2m16:39:32[22m   [34m├─[39m [2m/admit-cards/hppsc-hpas-recruitment-2026-apply-online-for-bdo-t-admit-card-2026/index.html[22m [2m(+79ms)[22m 
[2m16:39:32[22m   [34m├─[39m [2m/admit-cards/rrb-group-d-answer-key-2026-download-cen-092025-re-admit-card-2026/index.html[22m [2m(+26ms)[22m 
[2m16:39:32[22m   [34m├─[39m [2m/admit-cards/nhm-maharashtra-cho-answer-key-2026-at-nhmmaharash-admit-card-2026/index.html[22m [2m(+25ms)[22m 
[2m16:39:32[22m   [34m├─[39m [2m/admit-cards/cci-admit-card-2026-out-download-hall-ticket-for-s-admit-card-2026/index.html[22m [2m(+35ms)[22m 
[2m16:39:32[22m   [34m├─[39m [2m/admit-cards/when-will-rrb-ntpc-ug-cbt-2-exam-2026-be-held-deta-admit-card-2026/index.html[22m [2m(+139ms)[22m 
[2m16:39:32[22m   [34m├─[39m [2m/admit-cards/aoc-recruitment-2026-notification-out-for-2615-pos-admit-card-2026/index.html[22m [2m(+25ms)[22m 
[2m16:39:33[22m   [34m├─[39m [2m/admit-cards/wbchse-hs-semester-3-admit-card-2027-releasing-tod-admit-card-2026/index.html[22m [2m(+200ms)[22m 
[2m16:39:33[22m   [34m├─[39m [2m/admit-cards/rrb-ntpc-ug-cbt-2-exam-on-september-17-check-city--admit-card-2026/index.html[22m [2m(+67ms)[22m 
[2m16:39:33[22m   [34m├─[39m [2m/admit-cards/neet-pg-2026-exam-timings-marking-scheme-admit-car-admit-card-2026/index.html[22m [2m(+29ms)[22m 
[2m16:39:33[22m   [34m├─[39m [2m/admit-cards/delhi-police-physical-test-dates-2026-postponed-fo-admit-card-2026/index.html[22m [2m(+42ms)[22m 
[2m16:39:33[22m   [34m├─[39m [2m/admit-cards/delhi-police-constable-pet-admit-card-2026-downloa-admit-card-2026/index.html[22m [2m(+20ms)[22m 
[2m16:39:33[22m   [34m├─[39m [2m/admit-cards/du-spot-round-1-cutoff-2026-out-live-check-delhi-u-admit-card-2026/index.html[22m [2m(+19ms)[22m 
[2m16:39:33[22m   [34m├─[39m [2m/admit-cards/ap-lawcet-seat-allotment-2026-check-round-1-date-d-admit-card-2026/index.html[22m [2m(+41ms)[22m 
[2m16:39:33[22m   [34m├─[39m [2m/admit-cards/bihar-bed-counselling-2026-started-8th-seat-alloca-admit-card-2026/index.html[22m [2m(+31ms)[22m 
[2m16:39:33[22m   [34m├─[39m [2m/admit-cards/cci-admit-card-2026-released-hall-ticket-download--admit-card-2026/index.html[22m [2m(+25ms)[22m 
[2m16:39:33[22m   [34m├─[39m [2m/admit-cards/rpsc-apo-city-slip-2026-out-check-exam-district-di-admit-card-2026/index.html[22m [2m(+19ms)[22m 
[2m16:39:33[22m   [34m├─[39m [2m/admit-cards/neet-pg-2026-nbems-admit-card-release-delayed-new--admit-card-2026/index.html[22m [2m(+28ms)[22m 
[2m16:39:33[22m   [34m├─[39m [2m/admit-cards/bsf-hcm-admit-card-2026-released-download-hall-tic-admit-card-2026/index.html[22m [2m(+27ms)[22m 
[2m16:39:33[22m   [34m├─[39m [2m/admit-cards/upsssc-stenographer-skill-test-admit-card-2026-out-admit-card-2026/index.html[22m [2m(+67ms)[22m 
[2m16:39:33[22m   [34m├─[39m [2m/admit-cards/bihar-neet-round-1-cut-off-for-mbbs-bds-admission--admit-card-2026/index.html[22m [2m(+346ms)[22m 
[2m16:39:33[22m   [34m├─[39m [2m/admit-cards/ap-special-tet-2026-application-form-released-appl-admit-card-2026/index.html[22m [2m(+23ms)[22m 
[2m16:39:34[22m   [34m├─[39m [2m/admit-cards/neet-pg-2026-admit-card-out-exam-on-august-30-admit-card-2026/index.html[22m [2m(+23ms)[22m 
[2m16:39:34[22m   [34m├─[39m [2m/admit-cards/uppsc-polytechnic-lecturer-admit-card-released-che-admit-card-2026/index.html[22m [2m(+20ms)[22m 
[2m16:39:34[22m   [34m├─[39m [2m/admit-cards/bsf-hcm-admit-card-2026-out-download-cbt-hall-tick-admit-card-2026/index.html[22m [2m(+236ms)[22m 
[2m16:39:34[22m   [34m├─[39m [2m/admit-cards/upsssc-stenographer-admit-card-2026-out-download-s-admit-card-2026/index.html[22m [2m(+38ms)[22m 
[2m16:39:34[22m   [34m├─[39m [2m/admit-cards/neet-pg-admit-card-2026-hall-ticket-release-date-d-admit-card-2026/index.html[22m [2m(+33ms)[22m 
[2m16:39:34[22m   [34m├─[39m [2m/admit-cards/neet-pg-admit-card-2026-out-on-27-august-live-upda-admit-card-2026/index.html[22m [2m(+45ms)[22m 
[2m16:39:34[22m   [34m├─[39m [2m/admit-cards/rpsc-apo-city-slip-2026-out-download-exam-district-admit-card-2026/index.html[22m [2m(+16ms)[22m 
[2m16:39:34[22m   [34m├─[39m [2m/admit-cards/neet-pg-admit-card-2026-released-at-natboardeduin--admit-card-2026/index.html[22m [2m(+36ms)[22m 
[2m16:39:34[22m   [34m├─[39m [2m/admit-cards/neet-pg-2026-admit-card-released-heres-what-studen-admit-card-2026/index.html[22m [2m(+46ms)[22m 
[2m16:39:34[22m   [34m├─[39m [2m/admit-cards/neet-pg-2026-admit-card-released-at-nbeeduin-check-admit-card-2026/index.html[22m [2m(+111ms)[22m 
[2m16:39:34[22m   [34m├─[39m [2m/admit-cards/neet-pg-2026-admit-card-out-check-direct-link-exam-admit-card-2026/index.html[22m [2m(+65ms)[22m 
[2m16:39:34[22m   [34m├─[39m [2m/admit-cards/neet-pg-admit-card-2026-out-download-and-verify-th-admit-card-2026/index.html[22m [2m(+136ms)[22m 
[2m16:39:34[22m   [34m├─[39m [2m/admit-cards/neet-pg-admit-card-2026-out-download-link-at-natbo-admit-card-2026/index.html[22m [2m(+66ms)[22m 
[2m16:39:34[22m   [34m├─[39m [2m/admit-cards/neet-pg-2026-admit-card-out-download-hall-ticket-p-admit-card-2026/index.html[22m [2m(+19ms)[22m 
[2m16:39:34[22m   [34m├─[39m [2m/admit-cards/neet-pg-admit-card-2026-out-at-natboardeduin-know--admit-card-2026/index.html[22m [2m(+25ms)[22m 
[2m16:39:34[22m   [34m├─[39m [2m/admit-cards/neet-pg-2026-hall-ticket-link-active-at-nbeeduin-a-admit-card-2026/index.html[22m [2m(+82ms)[22m 
[2m16:39:35[22m   [34m├─[39m [2m/admit-cards/neet-pg-2026-admit-card-to-be-released-tomorrow-au-admit-card-2026/index.html[22m [2m(+82ms)[22m 
[2m16:39:35[22m   [34m├─[39m [2m/admit-cards/neet-pg-2026-admit-card-out-step-by-step-guide-to--admit-card-2026/index.html[22m [2m(+59ms)[22m 
[2m16:39:35[22m   [34m├─[39m [2m/admit-cards/neet-pg-admit-card-2026-out-nbems-activates-downlo-admit-card-2026/index.html[22m [2m(+68ms)[22m 
[2m16:39:35[22m   [34m├─[39m [2m/admit-cards/neet-pg-2026-admit-card-released-check-details-her-admit-card-2026/index.html[22m [2m(+48ms)[22m 
[2m16:39:35[22m   [34m├─[39m [2m/admit-cards/neet-pg-2026-admit-card-released-exam-on-august-30-admit-card-2026/index.html[22m [2m(+54ms)[22m 
[2m16:39:35[22m   [34m├─[39m [2m/admit-cards/neet-pg-2026-admit-card-out-nbems-releases-hall-ti-admit-card-2026/index.html[22m [2m(+41ms)[22m 
[2m16:39:35[22m   [34m├─[39m [2m/admit-cards/neet-pg-2026-admit-card-out-at-natboardeduin-exam--admit-card-2026/index.html[22m [2m(+23ms)[22m 
[2m16:39:35[22m   [34m├─[39m [2m/admit-cards/nearly-16-lakh-candidates-download-neet-ug-2026-re-admit-card-2026/index.html[22m [2m(+18ms)[22m 
[2m16:39:35[22m   [34m├─[39m [2m/admit-cards/neet-pg-2026-admit-card-out-at-nbeeduin-direct-dow-admit-card-2026/index.html[22m [2m(+18ms)[22m 
[2m16:39:35[22m   [34m├─[39m [2m/admit-cards/uppsc-polytechnic-lecturer-admit-card-2026-out-at--admit-card-2026/index.html[22m [2m(+197ms)[22m 
[2m16:39:35[22m   [34m├─[39m [2m/admit-cards/nbems-confirmed-neet-pg-2026-admit-card-released-t-admit-card-2026/index.html[22m [2m(+133ms)[22m 
[2m16:39:35[22m   [34m├─[39m [2m/admit-cards/uppsc-polytechnic-lecturer-admit-card-2026-out-dir-admit-card-2026/index.html[22m [2m(+68ms)[22m 
[2m16:39:35[22m   [34m├─[39m [2m/admit-cards/raja-shankarshah-university-admit-card-2026-direct-admit-card-2026/index.html[22m [2m(+53ms)[22m 
[2m16:39:35[22m   [34m├─[39m [2m/admit-cards/rpsc-so-city-slip-2026-released-at-recruitmentraja-admit-card-2026/index.html[22m [2m(+53ms)[22m 
[2m16:39:35[22m   [34m├─[39m [2m/admit-cards/nbems-has-extended-the-release-date-for-neet-pg-20-admit-card-2026/index.html[22m [2m(+80ms)[22m 
[2m16:39:36[22m   [34m├─[39m [2m/admit-cards/wbjee-board-2026-bpharm-round-3-seat-allotment-rel-admit-card-2026/index.html[22m [2m(+151ms)[22m 
[2m16:39:36[22m   [34m├─[39m [2m/admit-cards/neet-pg-2026-admit-card-release-date-revised-hall--admit-card-2026/index.html[22m [2m(+67ms)[22m 
[2m16:39:36[22m   [34m├─[39m [2m/admit-cards/neet-pg-admit-card-2026-releasing-on-aug-27-heres--admit-card-2026/index.html[22m [2m(+48ms)[22m 
[2m16:39:36[22m   [34m├─[39m [2m/admit-cards/neet-pg-2026-admit-card-today-link-download-steps--admit-card-2026/index.html[22m [2m(+32ms)[22m 
[2m16:39:36[22m   [34m├─[39m [2m/admit-cards/neet-pg-2026-admit-card-out-over-273-lakh-candidat-admit-card-2026/index.html[22m [2m(+18ms)[22m 
[2m16:39:36[22m   [34m├─[39m [2m/admit-cards/neet-pg-admit-card-2026-download-nbems-neet-pg-exa-admit-card-2026/index.html[22m [2m(+193ms)[22m 
[2m16:39:36[22m   [34m├─[39m [2m/admit-cards/rrb-ntpc-ug-cbt-2-exam-date-2026-released-check-ex-admit-card-2026/index.html[22m [2m(+72ms)[22m 
[2m16:39:36[22m   [34m├─[39m [2m/admit-cards/neet-pg-2026-admit-card-out-download-hall-ticket-e-admit-card-2026/index.html[22m [2m(+86ms)[22m 
[2m16:39:36[22m   [34m├─[39m [2m/admit-cards/neet-pg-2026-admit-card-will-be-announced-today-at-admit-card-2026/index.html[22m [2m(+31ms)[22m 
[2m16:39:36[22m   [34m├─[39m [2m/admit-cards/cci-admit-card-2026-released-check-exam-date-and-s-admit-card-2026/index.html[22m [2m(+69ms)[22m 
[2m16:39:36[22m   [34m├─[39m [2m/admit-cards/nbems-advises-students-against-neet-pg-postponemen-admit-card-2026/index.html[22m [2m(+109ms)[22m 
[2m16:39:36[22m   [34m├─[39m [2m/admit-cards/dsssb-aso-admit-card-2026-at-dsssbdelhigovin-soon--admit-card-2026/index.html[22m [2m(+103ms)[22m 
[2m16:39:37[22m   [34m├─[39m [2m/admit-cards/uppsc-polytechnic-lecturer-admit-card-2026-to-be-o-admit-card-2026/index.html[22m [2m(+50ms)[22m 
[2m16:39:37[22m   [34m├─[39m [2m/admit-cards/neet-pg-admit-card-2026-hall-ticket-expected-today-admit-card-2026/index.html[22m [2m(+19ms)[22m 
[2m16:39:37[22m   [34m├─[39m [2m/admit-cards/neet-pg-2026-admit-card-releasing-anytime-soon-rel-admit-card-2026/index.html[22m [2m(+118ms)[22m 
[2m16:39:37[22m   [34m├─[39m [2m/admit-cards/cci-admit-card-2026-out-download-hall-ticket-pdf-a-admit-card-2026/index.html[22m [2m(+31ms)[22m 
[2m16:39:37[22m   [34m├─[39m [2m/admit-cards/rrb-group-d-admit-card-2026-out-for-all-candidates-admit-card-2026/index.html[22m [2m(+15ms)[22m 
[2m16:39:37[22m   [34m├─[39m [2m/admit-cards/neet-pg-admit-card-2026-download-link-to-be-activa-admit-card-2026/index.html[22m [2m(+32ms)[22m 
[2m16:39:37[22m   [34m├─[39m [2m/admit-cards/neet-pg-2026-admit-cards-out-check-exact-release-d-admit-card-2026/index.html[22m [2m(+15ms)[22m 
[2m16:39:37[22m   [34m├─[39m [2m/admit-cards/rpsc-apo-admit-card-2026-on-30-aug-download-link-a-admit-card-2026/index.html[22m [2m(+255ms)[22m 
[2m16:39:37[22m   [34m├─[39m [2m/admit-cards/neet-pg-admit-card-2026-shortly-today-at-natboarde-admit-card-2026/index.html[22m [2m(+141ms)[22m 
[2m16:39:37[22m   [34m├─[39m [2m/admit-cards/nbems-to-release-neet-pg-2026-admit-cards-today-ex-admit-card-2026/index.html[22m [2m(+41ms)[22m 
[2m16:39:37[22m   [34m├─[39m [2m/admit-cards/neet-pg-2026-admit-card-released-today-download-ha-admit-card-2026/index.html[22m [2m(+42ms)[22m 
[2m16:39:37[22m   [34m├─[39m [2m/admit-cards/neet-pg-admit-card-2026-to-be-out-today-check-how--admit-card-2026/index.html[22m [2m(+36ms)[22m 
[2m16:39:37[22m   [34m├─[39m [2m/admit-cards/neet-admit-card-2026-out-today-check-expected-rele-admit-card-2026/index.html[22m [2m(+14ms)[22m 
[2m16:39:37[22m   [34m├─[39m [2m/admit-cards/neet-pg-admit-card-2026-to-be-out-today-check-dire-admit-card-2026/index.html[22m [2m(+182ms)[22m 
[2m16:39:38[22m   [34m├─[39m [2m/admit-cards/neet-pg-admit-card-2026-release-date-download-hall-admit-card-2026/index.html[22m [2m(+83ms)[22m 
[2m16:39:38[22m   [34m├─[39m [2m/admit-cards/neet-pg-admit-card-2026-today-heres-how-to-downloa-admit-card-2026/index.html[22m [2m(+125ms)[22m 
[2m16:39:38[22m   [34m├─[39m [2m/admit-cards/neet-pg-2026-admit-card-hall-ticket-likely-today-d-admit-card-2026/index.html[22m [2m(+42ms)[22m 
[2m16:39:38[22m   [34m├─[39m [2m/admit-cards/neet-pg-admit-card-2026-out-on-25-august-live-upda-admit-card-2026/index.html[22m [2m(+57ms)[22m 
[2m16:39:38[22m   [34m├─[39m [2m/admit-cards/ibps-so-xvi-2026/index.html[22m [2m(+169ms)[22m 
[2m16:39:38[22m   [34m├─[39m [2m/admit-cards/rrb-alp-2025-status/index.html[22m [2m(+70ms)[22m 
[2m16:39:38[22m   [34m├─[39m [2m/admit-cards/nta-aiapget-2026/index.html[22m [2m(+81ms)[22m 
[2m16:39:38[22m   [34m├─[39m [2m/admit-cards/ssc-selection-post-14th-2026/index.html[22m [2m(+46ms)[22m 
[2m16:39:38[22m   [34m├─[39m [2m/admit-cards/upsssc-lower-pcs-2026/index.html[22m [2m(+39ms)[22m 
[2m16:39:38[22m   [34m├─[39m [2m/admit-cards/ugc-net-reexam-2026/index.html[22m [2m(+27ms)[22m 
[2m16:39:38[22m   [34m├─[39m [2m/admit-cards/coal-india-mt-2026/index.html[22m [2m(+30ms)[22m 
[2m16:39:38[22m   [34m├─[39m [2m/admit-cards/nicl-assistant-2026/index.html[22m [2m(+15ms)[22m 
[2m16:39:38[22m   [34m├─[39m [2m/admit-cards/upsc-cs-mains-2026/index.html[22m [2m(+18ms)[22m 
[2m16:39:38[22m   [34m├─[39m [2m/admit-cards/rssb-computer-instructor-2026/index.html[22m [2m(+20ms)[22m 
[2m16:39:38[22m   [34m├─[39m [2m/admit-cards/rrb-group-d-2025/index.html[22m [2m(+26ms)[22m 
[2m16:39:38[22m   [34m├─[39m [2m/admit-cards/ibps-po-2026/index.html[22m [2m(+262ms)[22m 
[2m16:39:39[22m   [34m├─[39m [2m/admit-cards/ssc-cgl-2025-tier2/index.html[22m [2m(+52ms)[22m 
[2m16:39:39[22m   [34m├─[39m [2m/admit-cards/upsc-nda-2026-admit/index.html[22m [2m(+16ms)[22m 
[2m16:39:39[22m   [34m├─[39m [2m/admit-cards/ibps-po-xvii-pre-admit/index.html[22m [2m(+18ms)[22m 
[2m16:39:39[22m   [34m├─[39m [2m/admit-cards/rrb-ntpc-ug-admit-2026/index.html[22m [2m(+28ms)[22m 
[2m16:39:39[22m   [34m├─[39m [2m/admit-cards/ssc-gd-2026-admit/index.html[22m [2m(+23ms)[22m 
[2m16:39:39[22m   [34m├─[39m [2m/admit-cards/delhi-police-2026-admit/index.html[22m [2m(+200ms)[22m 
[2m16:39:39[22m   [34m├─[39m [2m/admit-cards/bpsc-73-pre-admit/index.html[22m [2m(+52ms)[22m 
[2m16:39:39[22m   [34m├─[39m [2m/admit-cards/upsc-ese-2026-admit/index.html[22m [2m(+16ms)[22m 
[2m16:39:39[22m   [34m├─[39m [2m/admit-cards/rpsc-ras-pre-admit-2026/index.html[22m [2m(+11ms)[22m 
[2m16:39:39[22m   [34m├─[39m [2m/admit-cards/ctet-july-2026-admit/index.html[22m [2m(+10ms)[22m 
[2m16:39:39[22m   [34m├─[39m [2m/admit-cards/neet-pg-2026-admit/index.html[22m [2m(+12ms)[22m 
[2m16:39:39[22m   [34m├─[39m [2m/admit-cards/uppsc-pcs-pre-admit-2026/index.html[22m [2m(+28ms)[22m 
[2m16:39:39[22m   [34m├─[39m [2m/admit-cards/raj-police-constable-admit-2026/index.html[22m [2m(+131ms)[22m 
[2m16:39:39[22m   [34m├─[39m [2m/admit-cards/nta-cuet-ug-admit-2026/index.html[22m [2m(+188ms)[22m 
[2m16:39:39[22m   [34m├─[39m [2m/admit-cards/crpf-asi-hc-admit-2026/index.html[22m [2m(+29ms)[22m 
[2m16:39:39[22m   [34m├─[39m [2m/admit-cards/uppsc-lecturer-2026/index.html[22m [2m(+35ms)[22m 
[2m16:39:39[22m   [34m├─[39m [2m/admit-cards/ibps-so-2026/index.html[22m [2m(+15ms)[22m 
[2m16:39:40[22m   [34m├─[39m [2m/admit-cards/nicl-assistant-2026/index.html[22m [2m(+15ms)[22m 
[2m16:39:40[22m   [34m├─[39m [2m/admit-cards/phhc-clerk-2026/index.html[22m [2m(+59ms)[22m 
[2m16:39:40[22m   [34m├─[39m [2m/admit-cards/tnpsc-group2-2026/index.html[22m [2m(+82ms)[22m 
[2m16:39:40[22m   [34m├─[39m [2m/admit-cards/upsc-cs-prelims-2026/index.html[22m [2m(+127ms)[22m 
[2m16:39:40[22m   [34m├─[39m [2m/admit-cards/upsc-capf-2026/index.html[22m [2m(+52ms)[22m 
[2m16:39:40[22m   [34m├─[39m [2m/admit-cards/upsc-nda-1-2026/index.html[22m [2m(+12ms)[22m 
[2m16:39:40[22m   [34m├─[39m [2m/admit-cards/upsc-cds-1-2026/index.html[22m [2m(+18ms)[22m 
[2m16:39:40[22m   [34m├─[39m [2m/admit-cards/upsc-ifs-mains-2026/index.html[22m [2m(+16ms)[22m 
[2m16:39:40[22m   [34m├─[39m [2m/admit-cards/upsc-cisf-ac-2026/index.html[22m [2m(+20ms)[22m 
[2m16:39:40[22m   [34m├─[39m [2m/admit-cards/upsc-engineering-services-2026/index.html[22m [2m(+20ms)[22m 
[2m16:39:40[22m   [34m├─[39m [2m/admit-cards/ssc-cgl-2025-tier1/index.html[22m [2m(+17ms)[22m 
[2m16:39:40[22m   [34m├─[39m [2m/admit-cards/ssc-chsl-2025-tier1/index.html[22m [2m(+25ms)[22m 
[2m16:39:40[22m   [34m├─[39m [2m/admit-cards/ssc-mts-2025/index.html[22m [2m(+167ms)[22m 
[2m16:39:40[22m   [34m├─[39m [2m/admit-cards/ssc-cpo-2025-paper1/index.html[22m [2m(+29ms)[22m 
[2m16:39:40[22m   [34m├─[39m [2m/admit-cards/ssc-je-2025-paper1/index.html[22m [2m(+19ms)[22m 
[2m16:39:40[22m   [34m├─[39m [2m/admit-cards/ssc-gd-2025/index.html[22m [2m(+21ms)[22m 
[2m16:39:40[22m   [34m├─[39m [2m/admit-cards/ssc-stenographer-2025/index.html[22m [2m(+335ms)[22m 
[2m16:39:41[22m   [34m├─[39m [2m/admit-cards/ssc-selection-post-phase13/index.html[22m [2m(+35ms)[22m 
[2m16:39:41[22m   [34m├─[39m [2m/admit-cards/ssc-cpo-2025-paper2/index.html[22m [2m(+79ms)[22m 
[2m16:39:41[22m   [34m├─[39m [2m/admit-cards/rrb-ntpc-cbt1-2026/index.html[22m [2m(+64ms)[22m 
[2m16:39:41[22m   [34m├─[39m [2m/admit-cards/rrb-ntpc-cbt2-2025/index.html[22m [2m(+45ms)[22m 
[2m16:39:41[22m   [34m├─[39m [2m/admit-cards/rrb-group-d-cbt-2025/index.html[22m [2m(+19ms)[22m 
[2m16:39:41[22m   [34m├─[39m [2m/admit-cards/rrb-alp-cbt1-2026/index.html[22m [2m(+11ms)[22m 
[2m16:39:41[22m   [34m├─[39m [2m/admit-cards/rrb-je-cbt1-2026/index.html[22m [2m(+25ms)[22m 
[2m16:39:41[22m   [34m├─[39m [2m/admit-cards/rrb-ntpc-10plus2-2026/index.html[22m [2m(+126ms)[22m 
[2m16:39:41[22m   [34m├─[39m [2m/admit-cards/rrb-paramedical-2025/index.html[22m [2m(+41ms)[22m 
[2m16:39:41[22m   [34m├─[39m [2m/admit-cards/rrb-apprentice-2025/index.html[22m [2m(+18ms)[22m 
[2m16:39:41[22m   [34m├─[39m [2m/admit-cards/ibps-po-xv/index.html[22m [2m(+81ms)[22m 
[2m16:39:41[22m   [34m├─[39m [2m/admit-cards/ibps-clerk-xv/index.html[22m [2m(+21ms)[22m 
[2m16:39:41[22m   [34m├─[39m [2m/admit-cards/ibps-so-xvi/index.html[22m [2m(+31ms)[22m 
[2m16:39:41[22m   [34m├─[39m [2m/admit-cards/ibps-rrb-po-xv/index.html[22m [2m(+15ms)[22m 
[2m16:39:41[22m   [34m├─[39m [2m/admit-cards/ibps-rrb-clerk-xv/index.html[22m [2m(+150ms)[22m 
[2m16:39:41[22m   [34m├─[39m [2m/admit-cards/ibps-po-mains-2025/index.html[22m [2m(+16ms)[22m 
[2m16:39:41[22m   [34m├─[39m [2m/admit-cards/ibps-clerk-mains-2025/index.html[22m [2m(+24ms)[22m 
[2m16:39:41[22m   [34m├─[39m [2m/admit-cards/ibps-so-mains-2025/index.html[22m [2m(+34ms)[22m 
[2m16:39:41[22m   [34m├─[39m [2m/admit-cards/sbi-po-2025-prelims/index.html[22m [2m(+180ms)[22m 
[2m16:39:42[22m   [34m├─[39m [2m/admit-cards/sbi-po-2025-mains/index.html[22m [2m(+61ms)[22m 
[2m16:39:42[22m   [34m├─[39m [2m/admit-cards/sbi-clerk-2025-prelims/index.html[22m [2m(+66ms)[22m 
[2m16:39:42[22m   [34m├─[39m [2m/admit-cards/sbi-clerk-2025-mains/index.html[22m [2m(+17ms)[22m 
[2m16:39:42[22m   [34m├─[39m [2m/admit-cards/sbi-apprentice-2025/index.html[22m [2m(+100ms)[22m 
[2m16:39:42[22m   [34m├─[39m [2m/admit-cards/uppsc-pcs-prelims-2026/index.html[22m [2m(+49ms)[22m 
[2m16:39:42[22m   [34m├─[39m [2m/admit-cards/bpsc-71st-prelims/index.html[22m [2m(+35ms)[22m 
[2m16:39:42[22m   [34m├─[39m [2m/admit-cards/mppsc-state-service-prelims-2026/index.html[22m [2m(+35ms)[22m 
[2m16:39:42[22m   [34m├─[39m [2m/admit-cards/rpsc-ras-prelims-2026/index.html[22m [2m(+46ms)[22m 
[2m16:39:42[22m   [34m├─[39m [2m/admit-cards/wbpsc-civil-services-prelims-2026/index.html[22m [2m(+83ms)[22m 
[2m16:39:42[22m   [34m├─[39m [2m/admit-cards/tnpsc-group1-prelims-2026/index.html[22m [2m(+128ms)[22m 
[2m16:39:42[22m   [34m├─[39m [2m/admit-cards/delhi-police-constable-2025/index.html[22m [2m(+17ms)[22m 
[2m16:39:42[22m   [34m├─[39m [2m/admit-cards/up-police-constable-2025/index.html[22m [2m(+9ms)[22m 
[2m16:39:42[22m   [34m├─[39m [2m/admit-cards/bihar-police-constable-2025/index.html[22m [2m(+81ms)[22m 
[2m16:39:42[22m   [34m├─[39m [2m/admit-cards/crpf-hc-2025/index.html[22m [2m(+79ms)[22m 
[2m16:39:42[22m   [34m├─[39m [2m/admit-cards/bsf-head-constable-2025/index.html[22m [2m(+22ms)[22m 
[2m16:39:42[22m   [34m├─[39m [2m/admit-cards/itbp-head-constable-2025/index.html[22m [2m(+10ms)[22m 
[2m16:39:42[22m   [34m├─[39m [2m/admit-cards/indian-army-agniveer-gd/index.html[22m [2m(+140ms)[22m 
[2m16:39:43[22m   [34m├─[39m [2m/admit-cards/delhi-police-head-constable-2025/index.html[22m [2m(+22ms)[22m 
[2m16:39:43[22m   [34m├─[39m [2m/admit-cards/kvs-pgt-2025/index.html[22m [2m(+36ms)[22m 
[2m16:39:43[22m   [34m├─[39m [2m/admit-cards/ctet-december-2025/index.html[22m [2m(+13ms)[22m 
[2m16:39:43[22m   [34m├─[39m [2m/admit-cards/dsssb-pgt-2025/index.html[22m [2m(+117ms)[22m 
[2m16:39:43[22m   [34m└─[39m [2m/admit-cards/nvs-pgt-2025/index.html[22m [2m(+30ms)[22m 
[2m16:39:43[22m [32m▶[39m src/pages/admit-cards/index.astro
[2m16:39:43[22m   [34m└─[39m [2m/admit-cards/index.html[22m [2m(+70ms)[22m 
[2m16:39:43[22m [32m▶[39m src/pages/answer-keys/[slug].astro
[2m16:39:43[22m   [34m├─[39m [2m/answer-keys/gujarat-anganwadi-recruitment-2026-out-apply-onlin-answer-key-2026/index.html[22m [2m(+28ms)[22m 
[2m16:39:43[22m   [34m├─[39m [2m/answer-keys/sbi-clerk-prelims-2026-important-questions-check-q-answer-key-2026/index.html[22m [2m(+11ms)[22m 
[2m16:39:43[22m   [34m├─[39m [2m/answer-keys/mpsc-rajyaseva-main-examination-2026-commission-to-answer-key-2026/index.html[22m [2m(+10ms)[22m 
[2m16:39:43[22m   [34m├─[39m [2m/answer-keys/up-pharmacist-cutoff-2026-check-category-wise-expe-answer-key-2026/index.html[22m [2m(+13ms)[22m 
[2m16:39:43[22m   [34m├─[39m [2m/answer-keys/apsc-je-answer-key-2026-at-apscnicin-download-juni-answer-key-2026/index.html[22m [2m(+22ms)[22m 
[2m16:39:43[22m   [34m├─[39m [2m/answer-keys/kea-ksrp-police-constable-answer-key-2026-out-at-c-answer-key-2026/index.html[22m [2m(+132ms)[22m 
[2m16:39:43[22m   [34m├─[39m [2m/answer-keys/ssc-jht-answer-key-2026-released-at-sscgovin-downl-answer-key-2026/index.html[22m [2m(+195ms)[22m 
[2m16:39:43[22m   [34m├─[39m [2m/answer-keys/bsf-hcm-answer-key-2026-out-ministerial-asi-link-answer-key-2026/index.html[22m [2m(+13ms)[22m 
[2m16:39:43[22m   [34m├─[39m [2m/answer-keys/up-pgt-syllabus-2026-check-new-exam-pattern-downlo-answer-key-2026/index.html[22m [2m(+24ms)[22m 
[2m16:39:43[22m   [34m├─[39m [2m/answer-keys/osssc-nursing-officer-exam-2026-check-shift-timing-answer-key-2026/index.html[22m [2m(+20ms)[22m 
[2m16:39:43[22m   [34m├─[39m [2m/answer-keys/ssc-cgl-city-intimation-slip-2026-direct-link-answer-key-2026/index.html[22m [2m(+159ms)[22m 
[2m16:39:44[22m   [34m├─[39m [2m/answer-keys/mp-aeo-answer-key-2026-answer-key-2026/index.html[22m [2m(+35ms)[22m 
[2m16:39:44[22m   [34m├─[39m [2m/answer-keys/upsssc-pharmacist-question-paper-2026-download-pha-answer-key-2026/index.html[22m [2m(+109ms)[22m 
[2m16:39:44[22m   [34m├─[39m [2m/answer-keys/upsssc-excise-constable-question-paper-2026-downlo-answer-key-2026/index.html[22m [2m(+20ms)[22m 
[2m16:39:44[22m   [34m├─[39m [2m/answer-keys/rrb-alp-exam-date-2026-out-check-complete-cbt-1-ex-answer-key-2026/index.html[22m [2m(+21ms)[22m 
[2m16:39:44[22m   [34m├─[39m [2m/answer-keys/nirf-ranking-2026-from-engineering-to-medical-chec-answer-key-2026/index.html[22m [2m(+36ms)[22m 
[2m16:39:44[22m   [34m├─[39m [2m/answer-keys/psssb-group-d-recruitment-2026-apply-online-last-d-answer-key-2026/index.html[22m [2m(+30ms)[22m 
[2m16:39:44[22m   [34m├─[39m [2m/answer-keys/iim-ahmedabad-vs-iim-bangalore-which-is-better-che-answer-key-2026/index.html[22m [2m(+220ms)[22m 
[2m16:39:44[22m   [34m├─[39m [2m/answer-keys/gujarat-tat-s-answer-key-2026-releasing-shortly-at-answer-key-2026/index.html[22m [2m(+26ms)[22m 
[2m16:39:44[22m   [34m├─[39m [2m/answer-keys/bsf-hcm-answer-key-2026-out-for-asi-and-others-dow-answer-key-2026/index.html[22m [2m(+42ms)[22m 
[2m16:39:44[22m   [34m├─[39m [2m/answer-keys/mpesb-aeo-answer-key-2026-released-at-esbmpgovin-d-answer-key-2026/index.html[22m [2m(+34ms)[22m 
[2m16:39:44[22m   [34m├─[39m [2m/answer-keys/upsssc-je-agriculture-recruitment-2026-apply-onlin-answer-key-2026/index.html[22m [2m(+59ms)[22m 
[2m16:39:44[22m   [34m├─[39m [2m/answer-keys/up-excise-constable-cutoff-2026-check-category-wis-answer-key-2026/index.html[22m [2m(+23ms)[22m 
[2m16:39:44[22m   [34m├─[39m [2m/answer-keys/ibps-rrb-recruitment-2026-apply-online-last-date-t-answer-key-2026/index.html[22m [2m(+130ms)[22m 
[2m16:39:44[22m   [34m├─[39m [2m/answer-keys/upsssc-pharmacist-exam-2026-check-shift-timings-re-answer-key-2026/index.html[22m [2m(+33ms)[22m 
[2m16:39:44[22m   [34m├─[39m [2m/answer-keys/ktet-cutoff-2026-check-kerala-tet-category-1-2-3-4-answer-key-2026/index.html[22m [2m(+40ms)[22m 
[2m16:39:44[22m   [34m├─[39m [2m/answer-keys/nirf-2026-innovation-ranking-check-indias-most-inn-answer-key-2026/index.html[22m [2m(+55ms)[22m 
[2m16:39:44[22m   [34m├─[39m [2m/answer-keys/rpsc-si-2026-answer-key-released-download-re-exam--answer-key-2026/index.html[22m [2m(+62ms)[22m 
[2m16:39:45[22m   [34m├─[39m [2m/answer-keys/upsc-ese-syllabus-2026-check-exam-pattern-download-answer-key-2026/index.html[22m [2m(+34ms)[22m 
[2m16:39:45[22m   [34m├─[39m [2m/answer-keys/upsssc-excise-constable-exam-analysis-2026-check-p-answer-key-2026/index.html[22m [2m(+66ms)[22m 
[2m16:39:45[22m   [34m├─[39m [2m/answer-keys/upsssc-pharmacist-exam-analysis-2026-check-difficu-answer-key-2026/index.html[22m [2m(+67ms)[22m 
[2m16:39:45[22m   [34m├─[39m [2m/answer-keys/cpri-recruitment-2026-apply-online-for-110-enginee-answer-key-2026/index.html[22m [2m(+30ms)[22m 
[2m16:39:45[22m   [34m├─[39m [2m/answer-keys/hppsc-medical-officer-recruitment-2026-notificatio-answer-key-2026/index.html[22m [2m(+10ms)[22m 
[2m16:39:45[22m   [34m├─[39m [2m/answer-keys/eil-recruitment-2026-notification-out-for-various--answer-key-2026/index.html[22m [2m(+11ms)[22m 
[2m16:39:45[22m   [34m├─[39m [2m/answer-keys/mp-police-asi-subedar-salary-2026-check-pay-scale--answer-key-2026/index.html[22m [2m(+15ms)[22m 
[2m16:39:45[22m   [34m├─[39m [2m/answer-keys/ignou-recruitment-2026-notification-out-for-variou-answer-key-2026/index.html[22m [2m(+50ms)[22m 
[2m16:39:45[22m   [34m├─[39m [2m/answer-keys/kerala-tet-september-notification-2026-out-apply-o-answer-key-2026/index.html[22m [2m(+40ms)[22m 
[2m16:39:45[22m   [34m├─[39m [2m/answer-keys/cbse-date-sheet-2027-check-here-board-exam-schedul-answer-key-2026/index.html[22m [2m(+28ms)[22m 
[2m16:39:45[22m   [34m├─[39m [2m/answer-keys/ktet-final-answer-key-2026-out-at-ktetkeralagovin--answer-key-2026/index.html[22m [2m(+27ms)[22m 
[2m16:39:45[22m   [34m├─[39m [2m/answer-keys/dsssb-aso-exam-date-2026-out-at-dssbdelhigovin-che-answer-key-2026/index.html[22m [2m(+38ms)[22m 
[2m16:39:45[22m   [34m├─[39m [2m/answer-keys/mba-in-artificial-intelligence-2026-eligibility-to-answer-key-2026/index.html[22m [2m(+36ms)[22m 
[2m16:39:45[22m   [34m├─[39m [2m/answer-keys/upsssc-je-recruitment-2026-apply-online-begins-for-answer-key-2026/index.html[22m [2m(+375ms)[22m 
[2m16:39:45[22m   [34m├─[39m [2m/answer-keys/mpesb-subedar-steno-asi-recruitment-2026-notificat-answer-key-2026/index.html[22m [2m(+43ms)[22m 
[2m16:39:45[22m   [34m├─[39m [2m/answer-keys/sarkari-naukri-this-week-2026-india-post-gds-to-ss-answer-key-2026/index.html[22m [2m(+45ms)[22m 
[2m16:39:45[22m   [34m├─[39m [2m/answer-keys/hppsc-mo-recruitment-2026-apply-online-for-282-med-answer-key-2026/index.html[22m [2m(+28ms)[22m 
[2m16:39:45[22m   [34m├─[39m [2m/answer-keys/uwa-launches-first-offshore-campus-in-mumbai-offer-answer-key-2026/index.html[22m [2m(+22ms)[22m 
[2m16:39:45[22m   [34m├─[39m [2m/answer-keys/hpbose-diploma-in-elementary-education-datesheet-2-answer-key-2026/index.html[22m [2m(+33ms)[22m 
[2m16:39:46[22m   [34m├─[39m [2m/answer-keys/sarkari-jobs-ssc-grade-c-stenographers-ldce-2025-f-answer-key-2026/index.html[22m [2m(+34ms)[22m 
[2m16:39:46[22m   [34m├─[39m [2m/answer-keys/india-post-gds-maharashtra-vacancy-2026-check-divi-answer-key-2026/index.html[22m [2m(+177ms)[22m 
[2m16:39:46[22m   [34m├─[39m [2m/answer-keys/cgpsc-state-services-exam-2025-dv-interview-postpo-answer-key-2026/index.html[22m [2m(+24ms)[22m 
[2m16:39:46[22m   [34m├─[39m [2m/answer-keys/thanjavur-medical-college-cutoff-2026-round-2-open-answer-key-2026/index.html[22m [2m(+91ms)[22m 
[2m16:39:46[22m   [34m├─[39m [2m/answer-keys/madurai-medical-college-madurai-cutoff-2026-round--answer-key-2026/index.html[22m [2m(+22ms)[22m 
[2m16:39:46[22m   [34m├─[39m [2m/answer-keys/ugc-net-re-exam-cutoff-2026-out-check-english-comm-answer-key-2026/index.html[22m [2m(+44ms)[22m 
[2m16:39:46[22m   [34m├─[39m [2m/answer-keys/gandhi-medical-college-neet-ug-cutoff-2026-round-2-answer-key-2026/index.html[22m [2m(+74ms)[22m 
[2m16:39:46[22m   [34m├─[39m [2m/answer-keys/tagore-medical-college-cutoff-2026-round-2-opening-answer-key-2026/index.html[22m [2m(+17ms)[22m 
[2m16:39:46[22m   [34m├─[39m [2m/answer-keys/aiims-norcet-11-cutoff-2026-out-check-category-wis-answer-key-2026/index.html[22m [2m(+65ms)[22m 
[2m16:39:46[22m   [34m├─[39m [2m/answer-keys/bob-lbo-2026-apply-online-last-date-today-for-2582-answer-key-2026/index.html[22m [2m(+87ms)[22m 
[2m16:39:46[22m   [34m├─[39m [2m/answer-keys/osmania-medical-college-neet-ug-cutoff-2026-round--answer-key-2026/index.html[22m [2m(+22ms)[22m 
[2m16:39:46[22m   [34m├─[39m [2m/answer-keys/upsssc-forest-guard-exam-date-2026-announced-mains-answer-key-2026/index.html[22m [2m(+17ms)[22m 
[2m16:39:46[22m   [34m├─[39m [2m/answer-keys/rssb-computer-instructor-answer-key-2026-released--answer-key-2026/index.html[22m [2m(+21ms)[22m 
[2m16:39:46[22m   [34m├─[39m [2m/answer-keys/rrb-ntpc-ug-answer-key-2026-pdf-soon-check-list-of-answer-key-2026/index.html[22m [2m(+17ms)[22m 
[2m16:39:46[22m   [34m├─[39m [2m/answer-keys/upsssc-junior-assistant-typing-test-date-2026-chec-answer-key-2026/index.html[22m [2m(+38ms)[22m 
[2m16:39:46[22m   [34m├─[39m [2m/answer-keys/bihar-bed-exam-date-2026-round-10-seat-allotment-o-answer-key-2026/index.html[22m [2m(+125ms)[22m 
[2m16:39:46[22m   [34m├─[39m [2m/answer-keys/bihar-deled-answer-key-2026-out-bsebdeledcom-steps-answer-key-2026/index.html[22m [2m(+198ms)[22m 
[2m16:39:47[22m   [34m├─[39m [2m/answer-keys/chatgpt-prompts-to-find-government-jobs-you-are-el-answer-key-2026/index.html[22m [2m(+22ms)[22m 
[2m16:39:47[22m   [34m├─[39m [2m/answer-keys/mpesb-jail-prahari-assistant-jail-superintendent-p-answer-key-2026/index.html[22m [2m(+19ms)[22m 
[2m16:39:47[22m   [34m├─[39m [2m/answer-keys/rrb-paramedical-salary-2026-check-post-wise-pay-sc-answer-key-2026/index.html[22m [2m(+16ms)[22m 
[2m16:39:47[22m   [34m├─[39m [2m/answer-keys/upessc-rejects-candidates-demand-for-omr-errors-an-answer-key-2026/index.html[22m [2m(+49ms)[22m 
[2m16:39:47[22m   [34m├─[39m [2m/answer-keys/tg-tet-answer-key-2026-released-at-tgtetaptonlinei-answer-key-2026/index.html[22m [2m(+19ms)[22m 
[2m16:39:47[22m   [34m├─[39m [2m/answer-keys/upsc-ese-notification-2026-released-apply-online-b-answer-key-2026/index.html[22m [2m(+184ms)[22m 
[2m16:39:47[22m   [34m├─[39m [2m/answer-keys/lady-hardinge-medical-college-cutoff-2026-check-ne-answer-key-2026/index.html[22m [2m(+64ms)[22m 
[2m16:39:47[22m   [34m├─[39m [2m/answer-keys/osmania-medical-college-hyderabad-neet-ug-cutoff-2-answer-key-2026/index.html[22m [2m(+16ms)[22m 
[2m16:39:47[22m   [34m├─[39m [2m/answer-keys/rpsc-si-cutoff-2026-check-the-category-wise-sub-in-answer-key-2026/index.html[22m [2m(+19ms)[22m 
[2m16:39:47[22m   [34m├─[39m [2m/answer-keys/iob-so-syllabus-2026-check-complete-topic-wise-syl-answer-key-2026/index.html[22m [2m(+14ms)[22m 
[2m16:39:47[22m   [34m├─[39m [2m/answer-keys/jkssb-answer-key-2026-out-for-x-ray-technician-bar-answer-key-2026/index.html[22m [2m(+16ms)[22m 
[2m16:39:47[22m   [34m├─[39m [2m/answer-keys/nda-2-exam-analysis-2026-out-sept-13-check-difficu-answer-key-2026/index.html[22m [2m(+96ms)[22m 
[2m16:39:47[22m   [34m├─[39m [2m/answer-keys/ctet-syllabus-2026-check-exam-pattern-marking-sche-answer-key-2026/index.html[22m [2m(+18ms)[22m 
[2m16:39:47[22m   [34m├─[39m [2m/answer-keys/tslprb-notification-2026-apply-online-last-date-to-answer-key-2026/index.html[22m [2m(+31ms)[22m 
[2m16:39:47[22m   [34m├─[39m [2m/answer-keys/uksssc-scaler-recruitment-2026-notification-out-fo-answer-key-2026/index.html[22m [2m(+168ms)[22m 
[2m16:39:47[22m   [34m├─[39m [2m/answer-keys/appsc-job-calendar-2026-new-released-at-portal-psc-answer-key-2026/index.html[22m [2m(+16ms)[22m 
[2m16:39:47[22m   [34m├─[39m [2m/answer-keys/iim-kozhikode-nirf-ranking-2026-parameter-analysis-answer-key-2026/index.html[22m [2m(+10ms)[22m 
[2m16:39:47[22m   [34m├─[39m [2m/answer-keys/coimbatore-medical-college-cutoff-2026-round-2-ope-answer-key-2026/index.html[22m [2m(+11ms)[22m 
[2m16:39:47[22m   [34m├─[39m [2m/answer-keys/nirf-ranking-2026-soon-top-government-mba-colleges-answer-key-2026/index.html[22m [2m(+16ms)[22m 
[2m16:39:47[22m   [34m├─[39m [2m/answer-keys/school-assembly-news-headlines-september-17-2026-t-answer-key-2026/index.html[22m [2m(+17ms)[22m 
[2m16:39:47[22m   [34m├─[39m [2m/answer-keys/upsc-cds-2-answer-key-2026-gk-upscgovin-answer-key-2026/index.html[22m [2m(+46ms)[22m 
[2m16:39:47[22m   [34m├─[39m [2m/answer-keys/nda-2-answer-key-2026-answer-key-2026/index.html[22m [2m(+134ms)[22m 
[2m16:39:48[22m   [34m├─[39m [2m/answer-keys/upcbl-recruitment-2026-apply-online-for-cooperativ-answer-key-2026/index.html[22m [2m(+103ms)[22m 
[2m16:39:48[22m   [34m├─[39m [2m/answer-keys/sms-medical-college-neet-ug-cutoff-2026-round-2-an-answer-key-2026/index.html[22m [2m(+76ms)[22m 
[2m16:39:48[22m   [34m├─[39m [2m/answer-keys/upsssc-senior-instructor-recruitment-2026-apply-on-answer-key-2026/index.html[22m [2m(+41ms)[22m 
[2m16:39:48[22m   [34m├─[39m [2m/answer-keys/rrb-je-cbt-2-cutoff-2026-released-check-zone-wise--answer-key-2026/index.html[22m [2m(+18ms)[22m 
[2m16:39:48[22m   [34m├─[39m [2m/answer-keys/nda-2-answer-key-2026-released-at-upscgovin-downlo-answer-key-2026/index.html[22m [2m(+15ms)[22m 
[2m16:39:48[22m   [34m├─[39m [2m/answer-keys/cds-2-answer-key-2026-out-at-upscgovin-download-up-answer-key-2026/index.html[22m [2m(+76ms)[22m 
[2m16:39:48[22m   [34m├─[39m [2m/answer-keys/ugc-net-dec-2026-exam-dates-out-nta-to-conduct-exa-answer-key-2026/index.html[22m [2m(+66ms)[22m 
[2m16:39:48[22m   [34m├─[39m [2m/answer-keys/top-mba-colleges-for-marketing-in-india-2026-fees--answer-key-2026/index.html[22m [2m(+14ms)[22m 
[2m16:39:48[22m   [34m├─[39m [2m/answer-keys/appsc-recruitment-2026-notification-out-for-892-gr-answer-key-2026/index.html[22m [2m(+16ms)[22m 
[2m16:39:48[22m   [34m├─[39m [2m/answer-keys/mphc-recruitment-2026-mp-high-court-assistant-grad-answer-key-2026/index.html[22m [2m(+9ms)[22m 
[2m16:39:48[22m   [34m├─[39m [2m/answer-keys/upessc-up-prt-assistant-teacher-recruitment-2026-n-answer-key-2026/index.html[22m [2m(+17ms)[22m 
[2m16:39:48[22m   [34m├─[39m [2m/answer-keys/jkssb-recruitment-2026-notification-out-for-2863-p-answer-key-2026/index.html[22m [2m(+77ms)[22m 
[2m16:39:48[22m   [34m├─[39m [2m/answer-keys/government-medical-college-nagpur-cutoff-2026-chec-answer-key-2026/index.html[22m [2m(+51ms)[22m 
[2m16:39:48[22m   [34m├─[39m [2m/answer-keys/up-pgt-teacher-notification-2026-out-apply-online--answer-key-2026/index.html[22m [2m(+39ms)[22m 
[2m16:39:48[22m   [34m├─[39m [2m/answer-keys/cds-2-answer-key-2026-all-sets-at-upscgovin-downlo-answer-key-2026/index.html[22m [2m(+46ms)[22m 
[2m16:39:48[22m   [34m├─[39m [2m/answer-keys/gandhi-medical-college-musheerabad-cutoff-2026-che-answer-key-2026/index.html[22m [2m(+53ms)[22m 
[2m16:39:48[22m   [34m├─[39m [2m/answer-keys/nirf-ranking-2026-top-mba-colleges-in-india-parame-answer-key-2026/index.html[22m [2m(+314ms)[22m 
[2m16:39:49[22m   [34m├─[39m [2m/answer-keys/iob-local-bank-officer-lbo-exam-date-2026-out-for--answer-key-2026/index.html[22m [2m(+22ms)[22m 
[2m16:39:49[22m   [34m├─[39m [2m/answer-keys/uksssc-group-c-recruitment-2026-apply-online-for-p-answer-key-2026/index.html[22m [2m(+20ms)[22m 
[2m16:39:49[22m   [34m├─[39m [2m/answer-keys/rrc-ecor-recruitment-2026-last-date-today-apply-on-answer-key-2026/index.html[22m [2m(+24ms)[22m 
[2m16:39:49[22m   [34m├─[39m [2m/answer-keys/ibps-clerk-reserve-list-2026-out-download-2nd-prov-answer-key-2026/index.html[22m [2m(+28ms)[22m 
[2m16:39:49[22m   [34m├─[39m [2m/answer-keys/tg-tet-answer-key-2026-at-tgtetaptonlinein-downloa-answer-key-2026/index.html[22m [2m(+51ms)[22m 
[2m16:39:49[22m   [34m├─[39m [2m/answer-keys/coconut-development-board-recruitment-2026-out-for-answer-key-2026/index.html[22m [2m(+57ms)[22m 
[2m16:39:49[22m   [34m├─[39m [2m/answer-keys/iob-specialist-officer-recruitment-2026-apply-onli-answer-key-2026/index.html[22m [2m(+11ms)[22m 
[2m16:39:49[22m   [34m├─[39m [2m/answer-keys/appsc-recruitment-2026-notification-out-for-group--answer-key-2026/index.html[22m [2m(+177ms)[22m 
[2m16:39:49[22m   [34m├─[39m [2m/answer-keys/aiims-rishikesh-cutoff-2026-check-round-2-and-3-op-answer-key-2026/index.html[22m [2m(+15ms)[22m 
[2m16:39:49[22m   [34m├─[39m [2m/answer-keys/rajasthan-set-cut-off-2026-check-category-wise-sub-answer-key-2026/index.html[22m [2m(+99ms)[22m 
[2m16:39:49[22m   [34m├─[39m [2m/answer-keys/ruhs-medical-officer-recruitment-2026-apply-online-answer-key-2026/index.html[22m [2m(+22ms)[22m 
[2m16:39:49[22m   [34m├─[39m [2m/answer-keys/upsssc-senior-instructor-syllabus-2026-check-subje-answer-key-2026/index.html[22m [2m(+42ms)[22m 
[2m16:39:49[22m   [34m├─[39m [2m/answer-keys/top-nirf-2026-colleges-in-india-overall-rankings-p-answer-key-2026/index.html[22m [2m(+105ms)[22m 
[2m16:39:49[22m   [34m├─[39m [2m/answer-keys/kea-karnataka-recruitment-2026-notification-out-fo-answer-key-2026/index.html[22m [2m(+44ms)[22m 
[2m16:39:49[22m   [34m├─[39m [2m/answer-keys/rrb-paramedical-recruitment-2026-notification-out--answer-key-2026/index.html[22m [2m(+14ms)[22m 
[2m16:39:49[22m   [34m├─[39m [2m/answer-keys/rajasthan-set-question-paper-2026-download-paper-p-answer-key-2026/index.html[22m [2m(+26ms)[22m 
[2m16:39:49[22m   [34m├─[39m [2m/answer-keys/haryana-high-court-answer-key-2026-out-download-cl-answer-key-2026/index.html[22m [2m(+15ms)[22m 
[2m16:39:49[22m   [34m├─[39m [2m/answer-keys/rrb-je-recruitment-2026-last-date-today-apply-onli-answer-key-2026/index.html[22m [2m(+122ms)[22m 
[2m16:39:50[22m   [34m├─[39m [2m/answer-keys/mp-naib-tehsildar-notification-2026-out-for-106-po-answer-key-2026/index.html[22m [2m(+84ms)[22m 
[2m16:39:50[22m   [34m├─[39m [2m/answer-keys/jharkhand-home-guard-recruitment-2026-notification-answer-key-2026/index.html[22m [2m(+47ms)[22m 
[2m16:39:50[22m   [34m├─[39m [2m/answer-keys/cds-2-answer-key-2026-all-sets-at-upscgovin-soon-c-answer-key-2026/index.html[22m [2m(+31ms)[22m 
[2m16:39:50[22m   [34m├─[39m [2m/answer-keys/ap-tet-final-key-2026-out-download-june-session-fi-answer-key-2026/index.html[22m [2m(+19ms)[22m 
[2m16:39:50[22m   [34m├─[39m [2m/answer-keys/upsc-epfo-apply-online-2026-today-is-last-date-to--answer-key-2026/index.html[22m [2m(+18ms)[22m 
[2m16:39:50[22m   [34m├─[39m [2m/answer-keys/nda-2-exam-2026-over-gat-maths-official-answer-key-answer-key-2026/index.html[22m [2m(+29ms)[22m 
[2m16:39:50[22m   [34m├─[39m [2m/answer-keys/haryana-high-court-answer-key-2026-download-clerk--answer-key-2026/index.html[22m [2m(+75ms)[22m 
[2m16:39:50[22m   [34m├─[39m [2m/answer-keys/rrb-technician-application-status-2026-out-check-c-answer-key-2026/index.html[22m [2m(+34ms)[22m 
[2m16:39:50[22m   [34m├─[39m [2m/answer-keys/rrb-je-recruitment-2026-last-date-tomorrow-apply-o-answer-key-2026/index.html[22m [2m(+13ms)[22m 
[2m16:39:50[22m   [34m├─[39m [2m/answer-keys/upsc-epfo-apply-online-2026-extended-last-date-to--answer-key-2026/index.html[22m [2m(+15ms)[22m 
[2m16:39:50[22m   [34m├─[39m [2m/answer-keys/sbi-po-2026-mains-exam-analysis-sep-12-check-stude-answer-key-2026/index.html[22m [2m(+14ms)[22m 
[2m16:39:50[22m   [34m├─[39m [2m/answer-keys/jnu-exam-date-2026-for-267-posts-check-complete-ex-answer-key-2026/index.html[22m [2m(+14ms)[22m 
[2m16:39:50[22m   [34m├─[39m [2m/answer-keys/tn-nhm-recruitment-2026-notification-released-for--answer-key-2026/index.html[22m [2m(+12ms)[22m 
[2m16:39:50[22m   [34m├─[39m [2m/answer-keys/ssc-cgl-exam-date-2026-out-check-tier-1-exam-sched-answer-key-2026/index.html[22m [2m(+139ms)[22m 
[2m16:39:50[22m   [34m├─[39m [2m/answer-keys/upsc-epfo-apfc-2026-apply-online-last-date-today-c-answer-key-2026/index.html[22m [2m(+24ms)[22m 
[2m16:39:50[22m   [34m├─[39m [2m/answer-keys/ssc-cpo-syllabus-2026-download-latest-exam-pattern-answer-key-2026/index.html[22m [2m(+25ms)[22m 
[2m16:39:50[22m   [34m├─[39m [2m/answer-keys/sarojini-naidu-medical-college-agra-cutoff-2026-ch-answer-key-2026/index.html[22m [2m(+151ms)[22m 
[2m16:39:50[22m   [34m├─[39m [2m/answer-keys/iim-calcutta-admission-2026-cat-shortlisting-cutof-answer-key-2026/index.html[22m [2m(+23ms)[22m 
[2m16:39:50[22m   [34m├─[39m [2m/answer-keys/avnl-answer-key-2026-released-download-junior-tech-answer-key-2026/index.html[22m [2m(+43ms)[22m 
[2m16:39:50[22m   [34m├─[39m [2m/answer-keys/esic-medical-college-and-hospital-noida-cutoff-202-answer-key-2026/index.html[22m [2m(+24ms)[22m 
[2m16:39:50[22m   [34m├─[39m [2m/answer-keys/rrb-section-controller-exam-date-2026-out-check-of-answer-key-2026/index.html[22m [2m(+99ms)[22m 
[2m16:39:51[22m   [34m├─[39m [2m/answer-keys/ssc-exam-calendar-2026-new-released-check-cgl-sten-answer-key-2026/index.html[22m [2m(+136ms)[22m 
[2m16:39:51[22m   [34m├─[39m [2m/answer-keys/up-lekhpal-cut-off-2026-check-category-wise-pet-qu-answer-key-2026/index.html[22m [2m(+73ms)[22m 
[2m16:39:51[22m   [34m├─[39m [2m/answer-keys/upsc-epfo-apfc-2026-last-date-extended-apply-onlin-answer-key-2026/index.html[22m [2m(+23ms)[22m 
[2m16:39:51[22m   [34m├─[39m [2m/answer-keys/mpsc-exam-row-cm-fadnavis-has-accepted-aspirants-d-answer-key-2026/index.html[22m [2m(+13ms)[22m 
[2m16:39:51[22m   [34m├─[39m [2m/answer-keys/csir-net-2026-cutoff-out-check-category-wise-quali-answer-key-2026/index.html[22m [2m(+14ms)[22m 
[2m16:39:51[22m   [34m├─[39m [2m/answer-keys/jkssb-recruitment-2026-notification-out-apply-onli-answer-key-2026/index.html[22m [2m(+12ms)[22m 
[2m16:39:51[22m   [34m├─[39m [2m/answer-keys/tnpsc-answer-key-2026-out-for-aao-aho-ao-and-other-answer-key-2026/index.html[22m [2m(+21ms)[22m 
[2m16:39:51[22m   [34m├─[39m [2m/answer-keys/rrb-technician-application-status-2026-out-at-rrbi-answer-key-2026/index.html[22m [2m(+17ms)[22m 
[2m16:39:51[22m   [34m├─[39m [2m/answer-keys/upsssc-senior-instructor-recruitment-2026-notifica-answer-key-2026/index.html[22m [2m(+215ms)[22m 
[2m16:39:51[22m   [34m├─[39m [2m/answer-keys/mp-police-constable-vacancy-2026-notification-out--answer-key-2026/index.html[22m [2m(+10ms)[22m 
[2m16:39:51[22m   [34m├─[39m [2m/answer-keys/nta-ugc-net-june-re-exam-answer-key-2026-out-check-answer-key-2026/index.html[22m [2m(+133ms)[22m 
[2m16:39:51[22m   [34m├─[39m [2m/answer-keys/india-post-gds-uttar-pradesh-vacancy-2026-check-di-answer-key-2026/index.html[22m [2m(+24ms)[22m 
[2m16:39:51[22m   [34m├─[39m [2m/answer-keys/kea-recruitment-2026-notification-out-for-4600-pos-answer-key-2026/index.html[22m [2m(+51ms)[22m 
[2m16:39:51[22m   [34m├─[39m [2m/answer-keys/ctet-2026-exam-in-december-cbse-to-close-applicati-answer-key-2026/index.html[22m [2m(+72ms)[22m 
[2m16:39:51[22m   [34m├─[39m [2m/answer-keys/up-police-home-guard-pet-postponed-2026-check-offi-answer-key-2026/index.html[22m [2m(+118ms)[22m 
[2m16:39:52[22m   [34m├─[39m [2m/answer-keys/rrb-technician-exam-date-2026-out-check-complete-e-answer-key-2026/index.html[22m [2m(+44ms)[22m 
[2m16:39:52[22m   [34m├─[39m [2m/answer-keys/uptet-revised-marksheet-2026-allahabad-high-court--answer-key-2026/index.html[22m [2m(+21ms)[22m 
[2m16:39:52[22m   [34m├─[39m [2m/answer-keys/ssc-cpo-notification-2026-out-apply-online-starts--answer-key-2026/index.html[22m [2m(+23ms)[22m 
[2m16:39:52[22m   [34m├─[39m [2m/answer-keys/rrb-paramedical-syllabus-2026-check-exam-pattern-s-answer-key-2026/index.html[22m [2m(+22ms)[22m 
[2m16:39:52[22m   [34m├─[39m [2m/answer-keys/ssc-cpo-si-vacancy-2026-check-category-wise-vacanc-answer-key-2026/index.html[22m [2m(+35ms)[22m 
[2m16:39:52[22m   [34m├─[39m [2m/answer-keys/tslprb-constable-recruitment-2026-apply-online-dat-answer-key-2026/index.html[22m [2m(+17ms)[22m 
[2m16:39:52[22m   [34m├─[39m [2m/answer-keys/ukpsc-recruitment-2026-notification-out-for-group--answer-key-2026/index.html[22m [2m(+172ms)[22m 
[2m16:39:52[22m   [34m├─[39m [2m/answer-keys/upsssc-livestock-extension-officer-recruitment-202-answer-key-2026/index.html[22m [2m(+14ms)[22m 
[2m16:39:52[22m   [34m├─[39m [2m/answer-keys/haryana-clerk-answer-key-2026-notice-out-at-ssscgo-answer-key-2026/index.html[22m [2m(+24ms)[22m 
[2m16:39:52[22m   [34m├─[39m [2m/answer-keys/isc-class-12-political-science-specimen-paper-2026-answer-key-2026/index.html[22m [2m(+30ms)[22m 
[2m16:39:52[22m   [34m├─[39m [2m/answer-keys/rrb-paramedical-recruitment-2026-apply-online-for--answer-key-2026/index.html[22m [2m(+15ms)[22m 
[2m16:39:52[22m   [34m├─[39m [2m/answer-keys/hssc-jbt-final-answer-key-2026-released-at-hsscgov-answer-key-2026/index.html[22m [2m(+173ms)[22m 
[2m16:39:52[22m   [34m├─[39m [2m/answer-keys/mpsc-group-c-prelims-exam-date-2026-postponed-to-j-answer-key-2026/index.html[22m [2m(+13ms)[22m 
[2m16:39:52[22m   [34m├─[39m [2m/answer-keys/pgimer-nursing-officer-recruitment-2026-notificati-answer-key-2026/index.html[22m [2m(+18ms)[22m 
[2m16:39:52[22m   [34m├─[39m [2m/answer-keys/upsssc-junior-assistant-final-cutoff-2026-out-chec-answer-key-2026/index.html[22m [2m(+20ms)[22m 
[2m16:39:52[22m   [34m├─[39m [2m/answer-keys/upsssc-pet-exam-date-2026-out-check-exam-shift-tim-answer-key-2026/index.html[22m [2m(+20ms)[22m 
[2m16:39:52[22m   [34m├─[39m [2m/answer-keys/bsf-hcm-asi-steno-answer-key-2026-released-at-bsfg-answer-key-2026/index.html[22m [2m(+22ms)[22m 
[2m16:39:52[22m   [34m├─[39m [2m/answer-keys/upcisb-up-cooperative-bank-exam-date-2026-out-chec-answer-key-2026/index.html[22m [2m(+310ms)[22m 
[2m16:39:53[22m   [34m├─[39m [2m/answer-keys/uksssc-pa-and-stenographer-recruitment-2026-notifi-answer-key-2026/index.html[22m [2m(+100ms)[22m 
[2m16:39:53[22m   [34m├─[39m [2m/answer-keys/itbp-medical-officer-recruitment-2026-apply-online-answer-key-2026/index.html[22m [2m(+12ms)[22m 
[2m16:39:53[22m   [34m├─[39m [2m/answer-keys/ssc-chsl-vacancies-2026-check-post-wise-vacancy-de-answer-key-2026/index.html[22m [2m(+9ms)[22m 
[2m16:39:53[22m   [34m├─[39m [2m/answer-keys/bob-lbo-recruitment-2026-last-date-extended-apply--answer-key-2026/index.html[22m [2m(+98ms)[22m 
[2m16:39:53[22m   [34m├─[39m [2m/answer-keys/india-post-gds-recruitment-2026-apply-online-for-2-answer-key-2026/index.html[22m [2m(+33ms)[22m 
[2m16:39:53[22m   [34m├─[39m [2m/answer-keys/which-state-psc-conducts-the-highest-number-of-exa-answer-key-2026/index.html[22m [2m(+68ms)[22m 
[2m16:39:53[22m   [34m├─[39m [2m/answer-keys/mp-police-constable-notification-2026-released-for-answer-key-2026/index.html[22m [2m(+28ms)[22m 
[2m16:39:53[22m   [34m├─[39m [2m/answer-keys/upsssc-pet-2026-on-october-23-24-25-exam-to-be-hel-answer-key-2026/index.html[22m [2m(+54ms)[22m 
[2m16:39:53[22m   [34m├─[39m [2m/answer-keys/upessc-assistant-professor-recruitment-2026-notifi-answer-key-2026/index.html[22m [2m(+196ms)[22m 
[2m16:39:53[22m   [34m├─[39m [2m/answer-keys/ugc-net-re-exam-analysis-2026-check-english-commer-answer-key-2026/index.html[22m [2m(+19ms)[22m 
[2m16:39:53[22m   [34m├─[39m [2m/answer-keys/ap-tet-final-key-2026-out-today-check-june-session-answer-key-2026/index.html[22m [2m(+17ms)[22m 
[2m16:39:53[22m   [34m├─[39m [2m/answer-keys/cat-2026-cutoff-for-iims-check-expected-percentile-answer-key-2026/index.html[22m [2m(+17ms)[22m 
[2m16:39:53[22m   [34m├─[39m [2m/answer-keys/ap-mega-dsc-row-2025-did-unqualified-candidates-ge-answer-key-2026/index.html[22m [2m(+28ms)[22m 
[2m16:39:53[22m   [34m├─[39m [2m/answer-keys/rrb-group-d-answer-key-2026-out-check-response-she-answer-key-2026/index.html[22m [2m(+23ms)[22m 
[2m16:39:53[22m   [34m├─[39m [2m/answer-keys/ugc-net-2026-english-re-exam-concludes-check-paper-answer-key-2026/index.html[22m [2m(+114ms)[22m 
[2m16:39:53[22m   [34m├─[39m [2m/answer-keys/ugc-net-2026-re-exam-tomorrow-delhi-candidates-get-answer-key-2026/index.html[22m [2m(+176ms)[22m 
[2m16:39:54[22m   [34m├─[39m [2m/answer-keys/bpsc-tre-40-syllabus-2026-check-exam-pattern-and-d-answer-key-2026/index.html[22m [2m(+22ms)[22m 
[2m16:39:54[22m   [34m├─[39m [2m/answer-keys/kea-car-dar-answer-key-2026-out-at-cetonlinekarnat-answer-key-2026/index.html[22m [2m(+13ms)[22m 
[2m16:39:54[22m   [34m├─[39m [2m/answer-keys/ssc-chsl-2026-5-major-changes-every-candidates-mus-answer-key-2026/index.html[22m [2m(+9ms)[22m 
[2m16:39:54[22m   [34m├─[39m [2m/answer-keys/uiic-ao-cut-off-2026-check-category-wise-previous--answer-key-2026/index.html[22m [2m(+9ms)[22m 
[2m16:39:54[22m   [34m├─[39m [2m/answer-keys/ctet-sept-exam-date-2026-awaited-check-steps-to-ma-answer-key-2026/index.html[22m [2m(+15ms)[22m 
[2m16:39:54[22m   [34m├─[39m [2m/answer-keys/rrb-ntpc-ug-cbt-2-official-mock-test-2026-link-act-answer-key-2026/index.html[22m [2m(+21ms)[22m 
[2m16:39:54[22m   [34m├─[39m [2m/answer-keys/ap-tet-final-key-2026-download-june-session-final--answer-key-2026/index.html[22m [2m(+170ms)[22m 
[2m16:39:54[22m   [34m├─[39m [2m/answer-keys/rssb-mahila-supervisor-answer-key-2026-out-downloa-answer-key-2026/index.html[22m [2m(+152ms)[22m 
[2m16:39:54[22m   [34m├─[39m [2m/answer-keys/rrb-group-d-answer-key-2026-and-response-sheet-out-answer-key-2026/index.html[22m [2m(+14ms)[22m 
[2m16:39:54[22m   [34m├─[39m [2m/answer-keys/sarkari-jobs-rrb-group-d-answer-key-2026-released-answer-key-2026/index.html[22m [2m(+13ms)[22m 
[2m16:39:54[22m   [34m├─[39m [2m/answer-keys/haryana-sssc-clerk-answer-key-2026-at-ssscgovin-do-answer-key-2026/index.html[22m [2m(+52ms)[22m 
[2m16:39:54[22m   [34m├─[39m [2m/answer-keys/ctet-september-2026-exam-date-changed-revised-sche-answer-key-2026/index.html[22m [2m(+32ms)[22m 
[2m16:39:54[22m   [34m├─[39m [2m/answer-keys/kea-principal-recruitment-2026-apply-online-begins-answer-key-2026/index.html[22m [2m(+133ms)[22m 
[2m16:39:54[22m   [34m├─[39m [2m/answer-keys/isc-class-12-biology-specimen-paper-2026-27-downlo-answer-key-2026/index.html[22m [2m(+36ms)[22m 
[2m16:39:54[22m   [34m├─[39m [2m/answer-keys/ssc-chsl-2026-notification-released-for-2536-posts-answer-key-2026/index.html[22m [2m(+34ms)[22m 
[2m16:39:54[22m   [34m├─[39m [2m/answer-keys/bstc-4th-allotment-list-2026-released-download-raj-answer-key-2026/index.html[22m [2m(+93ms)[22m 
[2m16:39:54[22m   [34m├─[39m [2m/answer-keys/upsssc-pet-previous-year-question-paper-download-s-answer-key-2026/index.html[22m [2m(+40ms)[22m 
[2m16:39:54[22m   [34m├─[39m [2m/answer-keys/kfd-forest-watcher-recruitment-2026-apply-online-f-answer-key-2026/index.html[22m [2m(+46ms)[22m 
[2m16:39:54[22m   [34m├─[39m [2m/answer-keys/mh-set-2026-exam-date-out-check-official-schedule--answer-key-2026/index.html[22m [2m(+71ms)[22m 
[2m16:39:55[22m   [34m├─[39m [2m/answer-keys/uptet-certificate-2026-direct-link-to-download-tet-answer-key-2026/index.html[22m [2m(+18ms)[22m 
[2m16:39:55[22m   [34m├─[39m [2m/answer-keys/rrb-group-d-answer-key-2026-released-download-resp-answer-key-2026/index.html[22m [2m(+81ms)[22m 
[2m16:39:55[22m   [34m├─[39m [2m/answer-keys/rpsc-apo-answer-key-2026-out-direct-official-link--answer-key-2026/index.html[22m [2m(+31ms)[22m 
[2m16:39:55[22m   [34m├─[39m [2m/answer-keys/upcisb-exam-date-2026-out-for-je-clerk-and-other-p-answer-key-2026/index.html[22m [2m(+18ms)[22m 
[2m16:39:55[22m   [34m├─[39m [2m/answer-keys/iocl-exam-date-2026-tentative-out-cbt-exam-schedul-answer-key-2026/index.html[22m [2m(+117ms)[22m 
[2m16:39:55[22m   [34m├─[39m [2m/answer-keys/ctet-2026-september-correction-window-opens-at-cte-answer-key-2026/index.html[22m [2m(+84ms)[22m 
[2m16:39:55[22m   [34m├─[39m [2m/answer-keys/rrb-group-d-answer-key-and-response-sheet-2026-out-answer-key-2026/index.html[22m [2m(+17ms)[22m 
[2m16:39:55[22m   [34m├─[39m [2m/answer-keys/uicc-ao-notification-2026-released-for-225-adminis-answer-key-2026/index.html[22m [2m(+98ms)[22m 
[2m16:39:55[22m   [34m├─[39m [2m/answer-keys/kea-car-dar-answer-key-2026-at-cetonlinekarnatakag-answer-key-2026/index.html[22m [2m(+16ms)[22m 
[2m16:39:55[22m   [34m├─[39m [2m/answer-keys/super-tet-syllabus-2026-revised-out-check-junior-e-answer-key-2026/index.html[22m [2m(+17ms)[22m 
[2m16:39:55[22m   [34m├─[39m [2m/answer-keys/odisha-teacher-recruitment-2026-cm-majhi-announces-answer-key-2026/index.html[22m [2m(+31ms)[22m 
[2m16:39:55[22m   [34m├─[39m [2m/answer-keys/upessc-receives-45000-uptet-representations-on-omr-answer-key-2026/index.html[22m [2m(+206ms)[22m 
[2m16:39:55[22m   [34m├─[39m [2m/answer-keys/delhi-high-court-recruitment-2026-notification-out-answer-key-2026/index.html[22m [2m(+28ms)[22m 
[2m16:39:55[22m   [34m├─[39m [2m/answer-keys/pfrda-grade-a-notification-2026-out-for-30-posts-a-answer-key-2026/index.html[22m [2m(+23ms)[22m 
[2m16:39:55[22m   [34m├─[39m [2m/answer-keys/rrb-ntpc-new-vacancy-2026-27-approved-by-railway-f-answer-key-2026/index.html[22m [2m(+60ms)[22m 
[2m16:39:55[22m   [34m├─[39m [2m/answer-keys/bihar-librarian-vacancy-2026-out-for-5800-posts-ch-answer-key-2026/index.html[22m [2m(+70ms)[22m 
[2m16:39:55[22m   [34m├─[39m [2m/answer-keys/government-medical-college-nagpur-cutoff-2026-expe-answer-key-2026/index.html[22m [2m(+20ms)[22m 
[2m16:39:55[22m   [34m├─[39m [2m/answer-keys/bob-so-recruitment-2026-notification-released-for--answer-key-2026/index.html[22m [2m(+160ms)[22m 
[2m16:39:56[22m   [34m├─[39m [2m/answer-keys/sbi-so-recruitment-2026-notification-out-apply-now-answer-key-2026/index.html[22m [2m(+83ms)[22m 
[2m16:39:56[22m   [34m├─[39m [2m/answer-keys/mp-police-si-recruitment-2026-notification-release-answer-key-2026/index.html[22m [2m(+45ms)[22m 
[2m16:39:56[22m   [34m├─[39m [2m/answer-keys/cci-answer-key-2026-released-download-response-she-answer-key-2026/index.html[22m [2m(+12ms)[22m 
[2m16:39:56[22m   [34m├─[39m [2m/answer-keys/iocl-recruitment-2026-apply-online-ends-today-for--answer-key-2026/index.html[22m [2m(+31ms)[22m 
[2m16:39:56[22m   [34m├─[39m [2m/answer-keys/iocl-recruitment-2026-apply-online-last-date-for-4-answer-key-2026/index.html[22m [2m(+15ms)[22m 
[2m16:39:56[22m   [34m├─[39m [2m/answer-keys/rrb-group-d-official-answer-key-2026-check-steps-t-answer-key-2026/index.html[22m [2m(+32ms)[22m 
[2m16:39:56[22m   [34m├─[39m [2m/answer-keys/bihar-librarian-vacancy-2026-application-starts-fr-answer-key-2026/index.html[22m [2m(+251ms)[22m 
[2m16:39:56[22m   [34m├─[39m [2m/answer-keys/railway-rrb-group-d-answer-key-2026-check-release--answer-key-2026/index.html[22m [2m(+30ms)[22m 
[2m16:39:56[22m   [34m├─[39m [2m/answer-keys/maharashtra-government-approves-recruitment-of-501-answer-key-2026/index.html[22m [2m(+20ms)[22m 
[2m16:39:56[22m   [34m├─[39m [2m/answer-keys/aiims-to-re-conduct-cre-5-exam-on-september-7-foll-answer-key-2026/index.html[22m [2m(+19ms)[22m 
[2m16:39:56[22m   [34m├─[39m [2m/answer-keys/hp-home-guard-answer-key-2026-check-when-where-to--answer-key-2026/index.html[22m [2m(+44ms)[22m 
[2m16:39:56[22m   [34m├─[39m [2m/answer-keys/rrb-group-d-answer-key-2026-check-steps-to-downloa-answer-key-2026/index.html[22m [2m(+67ms)[22m 
[2m16:39:56[22m   [34m├─[39m [2m/answer-keys/ugc-net-2026-city-intimation-slip-released-for-sep-answer-key-2026/index.html[22m [2m(+17ms)[22m 
[2m16:39:56[22m   [34m├─[39m [2m/answer-keys/htet-omr-sheet-2026-released-at-bsehorgin-download-answer-key-2026/index.html[22m [2m(+52ms)[22m 
[2m16:39:56[22m   [34m├─[39m [2m/answer-keys/cg-vyapam-teacher-recruitment-2026-apply-online-la-answer-key-2026/index.html[22m [2m(+195ms)[22m 
[2m16:39:57[22m   [34m├─[39m [2m/answer-keys/super-tet-syllabus-2026-revised-check-exam-pattern-answer-key-2026/index.html[22m [2m(+17ms)[22m 
[2m16:39:57[22m   [34m├─[39m [2m/answer-keys/super-tet-syllabus-2026-revised-check-level-exam-p-answer-key-2026/index.html[22m [2m(+11ms)[22m 
[2m16:39:57[22m   [34m├─[39m [2m/answer-keys/ssc-stenographer-exam-date-2026-check-revised-exam-answer-key-2026/index.html[22m [2m(+44ms)[22m 
[2m16:39:57[22m   [34m├─[39m [2m/answer-keys/isc-class-12-physics-specimen-paper-2026-27-downlo-answer-key-2026/index.html[22m [2m(+29ms)[22m 
[2m16:39:57[22m   [34m├─[39m [2m/answer-keys/ibps-regional-rural-banks-participating-list-recru-answer-key-2026/index.html[22m [2m(+25ms)[22m 
[2m16:39:57[22m   [34m├─[39m [2m/answer-keys/kvs-ldeldce-answer-key-2026-released-at-kvsangatha-answer-key-2026/index.html[22m [2m(+89ms)[22m 
[2m16:39:57[22m   [34m├─[39m [2m/answer-keys/ibps-rrb-short-notice-2026-out-for-around-12000-va-answer-key-2026/index.html[22m [2m(+71ms)[22m 
[2m16:39:57[22m   [34m├─[39m [2m/answer-keys/murshidabad-medical-college-hospitals-neet-ug-cuto-answer-key-2026/index.html[22m [2m(+63ms)[22m 
[2m16:39:57[22m   [34m├─[39m [2m/answer-keys/bihar-tre-4-vacancy-2026-111-more-music-teacher-po-answer-key-2026/index.html[22m [2m(+9ms)[22m 
[2m16:39:57[22m   [34m├─[39m [2m/answer-keys/aoc-recruitment-2026-notification-out-for-2615-pos-answer-key-2026/index.html[22m [2m(+12ms)[22m 
[2m16:39:57[22m   [34m├─[39m [2m/answer-keys/iocl-recruitment-2026-out-apply-online-for-470-exe-answer-key-2026/index.html[22m [2m(+14ms)[22m 
[2m16:39:57[22m   [34m├─[39m [2m/answer-keys/ibps-so-cutoff-2026-check-prelims-expected-categor-answer-key-2026/index.html[22m [2m(+17ms)[22m 
[2m16:39:57[22m   [34m├─[39m [2m/answer-keys/ugc-net-2026-english-commerce-re-exam-on-september-answer-key-2026/index.html[22m [2m(+17ms)[22m 
[2m16:39:57[22m   [34m├─[39m [2m/answer-keys/india-post-gds-recruitment-2026-notification-out-f-answer-key-2026/index.html[22m [2m(+29ms)[22m 
[2m16:39:57[22m   [34m├─[39m [2m/answer-keys/maha-tet-2026-over-6-lakh-candidates-await-re-exam-answer-key-2026/index.html[22m [2m(+21ms)[22m 
[2m16:39:57[22m   [34m├─[39m [2m/answer-keys/ugc-net-city-intimation-slip-2026-soon-for-septemb-answer-key-2026/index.html[22m [2m(+32ms)[22m 
[2m16:39:57[22m   [34m├─[39m [2m/answer-keys/bpsc-tre-40-recruitment-2026-application-process-f-answer-key-2026/index.html[22m [2m(+29ms)[22m 
[2m16:39:57[22m   [34m├─[39m [2m/answer-keys/southern-railway-apprentice-recruitment-2026-notif-answer-key-2026/index.html[22m [2m(+255ms)[22m 
[2m16:39:57[22m   [34m├─[39m [2m/answer-keys/apsc-forest-ranger-answer-key-2026-out-at-apscnici-answer-key-2026/index.html[22m [2m(+19ms)[22m 
[2m16:39:57[22m   [34m├─[39m [2m/answer-keys/ctet-september-2026-application-last-date-tomorrow-answer-key-2026/index.html[22m [2m(+21ms)[22m 
[2m16:39:57[22m   [34m├─[39m [2m/answer-keys/apssb-cgl-answer-key-2026-out-download-response-sh-answer-key-2026/index.html[22m [2m(+22ms)[22m 
[2m16:39:57[22m   [34m├─[39m [2m/answer-keys/sbi-clerk-2026-last-date-to-apply-online-tomorrow--answer-key-2026/index.html[22m [2m(+22ms)[22m 
[2m16:39:57[22m   [34m├─[39m [2m/answer-keys/haryana-teacher-recruitment-2026-1054-primary-teac-answer-key-2026/index.html[22m [2m(+22ms)[22m 
[2m16:39:57[22m   [34m├─[39m [2m/answer-keys/rssb-mahila-supervisor-answer-key-2026-check-expec-answer-key-2026/index.html[22m [2m(+147ms)[22m 
[2m16:39:58[22m   [34m├─[39m [2m/answer-keys/coal-india-mt-answer-key-2026-out-download-respons-answer-key-2026/index.html[22m [2m(+17ms)[22m 
[2m16:39:58[22m   [34m├─[39m [2m/answer-keys/ap-aee-answer-key-2026-out-download-response-sheet-answer-key-2026/index.html[22m [2m(+16ms)[22m 
[2m16:39:58[22m   [34m├─[39m [2m/answer-keys/bsnl-jto-answer-key-2026-released-download-pdf-res-answer-key-2026/index.html[22m [2m(+13ms)[22m 
[2m16:39:58[22m   [34m├─[39m [2m/answer-keys/indian-overseas-bank-so-recruitment-2026-notificat-answer-key-2026/index.html[22m [2m(+22ms)[22m 
[2m16:39:58[22m   [34m├─[39m [2m/answer-keys/csir-net-final-answer-key-2026-out-download-pdf-at-answer-key-2026/index.html[22m [2m(+341ms)[22m 
[2m16:39:58[22m   [34m├─[39m [2m/answer-keys/htet-exam-date-2026-check-november-session-dates-o-answer-key-2026/index.html[22m [2m(+39ms)[22m 
[2m16:39:58[22m   [34m├─[39m [2m/answer-keys/ugc-net-june-2026-cutoff-released-download-subject-answer-key-2026/index.html[22m [2m(+42ms)[22m 
[2m16:39:58[22m   [34m├─[39m [2m/answer-keys/ugc-net-june-2026-re-exam-dates-out-for-english-co-answer-key-2026/index.html[22m [2m(+22ms)[22m 
[2m16:39:58[22m   [34m├─[39m [2m/answer-keys/government-medical-college-baramati-cutoff-2026-ne-answer-key-2026/index.html[22m [2m(+18ms)[22m 
[2m16:39:58[22m   [34m├─[39m [2m/answer-keys/midnapore-medical-college-round-2-cutoff-2026-chec-answer-key-2026/index.html[22m [2m(+17ms)[22m 
[2m16:39:58[22m   [34m├─[39m [2m/answer-keys/government-medical-college-cutoff-2026-round-2-ope-answer-key-2026/index.html[22m [2m(+13ms)[22m 
[2m16:39:58[22m   [34m├─[39m [2m/answer-keys/ibps-clerk-2026-last-date-to-apply-online-today-at-answer-key-2026/index.html[22m [2m(+152ms)[22m 
[2m16:39:58[22m   [34m├─[39m [2m/answer-keys/wbcs-answer-key-2026-out-at-pscwbgovin-download-pr-answer-key-2026/index.html[22m [2m(+161ms)[22m 
[2m16:39:59[22m   [34m├─[39m [2m/answer-keys/ugc-net-final-answer-key-2026-released-download-pd-answer-key-2026/index.html[22m [2m(+19ms)[22m 
[2m16:39:59[22m   [34m├─[39m [2m/answer-keys/rpsc-apo-city-slip-2026-out-download-exam-district-answer-key-2026/index.html[22m [2m(+14ms)[22m 
[2m16:39:59[22m   [34m├─[39m [2m/answer-keys/nfc-recruitment-2026-notification-out-for-432-appr-answer-key-2026/index.html[22m [2m(+10ms)[22m 
[2m16:39:59[22m   [34m├─[39m [2m/answer-keys/iocl-recruitment-2026-470-executive-posts-eligibil-answer-key-2026/index.html[22m [2m(+13ms)[22m 
[2m16:39:59[22m   [34m├─[39m [2m/answer-keys/india-post-gds-cut-off-2026-out-check-category-wis-answer-key-2026/index.html[22m [2m(+272ms)[22m 
[2m16:39:59[22m   [34m├─[39m [2m/answer-keys/hprca-assistant-staff-nurse-recruitment-2026-vacan-answer-key-2026/index.html[22m [2m(+27ms)[22m 
[2m16:39:59[22m   [34m├─[39m [2m/answer-keys/rrb-ntpc-ug-exam-2026-dates-announced-cbt-2-on-sep-answer-key-2026/index.html[22m [2m(+21ms)[22m 
[2m16:39:59[22m   [34m├─[39m [2m/answer-keys/nhm-maharashtra-cho-answer-key-2026-at-nhmmaharash-answer-key-2026/index.html[22m [2m(+37ms)[22m 
[2m16:39:59[22m   [34m├─[39m [2m/answer-keys/uptet-cutoff-2026-check-category-and-subject-wise--answer-key-2026/index.html[22m [2m(+12ms)[22m 
[2m16:39:59[22m   [34m├─[39m [2m/answer-keys/ctet-2026-exam-date-postponed-cbse-reopens-applica-answer-key-2026/index.html[22m [2m(+11ms)[22m 
[2m16:39:59[22m   [34m├─[39m [2m/answer-keys/tnpsc-group-2-recruitment-2026-apply-online-for-82-answer-key-2026/index.html[22m [2m(+13ms)[22m 
[2m16:39:59[22m   [34m├─[39m [2m/answer-keys/rrb-group-d-answer-key-2026-download-cen-092025-re-answer-key-2026/index.html[22m [2m(+19ms)[22m 
[2m16:39:59[22m   [34m├─[39m [2m/answer-keys/mpsc-drug-inspector-recruitment-exam-2026-cancelle-answer-key-2026/index.html[22m [2m(+269ms)[22m 
[2m16:39:59[22m   [34m├─[39m [2m/answer-keys/up-cooperative-bank-exam-date-2026-out-check-offic-answer-key-2026/index.html[22m [2m(+14ms)[22m 
[2m16:39:59[22m   [34m├─[39m [2m/answer-keys/mbbs-or-bds-after-neet-2026-which-course-is-better-answer-key-2026/index.html[22m [2m(+48ms)[22m 
[2m16:39:59[22m   [34m├─[39m [2m/answer-keys/8th-pay-commission-2026-5-new-in-hand-salary-estim-answer-key-2026/index.html[22m [2m(+10ms)[22m 
[2m16:39:59[22m   [34m├─[39m [2m/answer-keys/bpsc-stenographer-2026-work-experience-document-up-answer-key-2026/index.html[22m [2m(+16ms)[22m 
[2m16:39:59[22m   [34m├─[39m [2m/answer-keys/topiwala-national-medical-college-mumbai-round-2-c-answer-key-2026/index.html[22m [2m(+11ms)[22m 
[2m16:39:59[22m   [34m├─[39m [2m/answer-keys/upsssc-fsl-recruitment-2026-apply-online-last-date-answer-key-2026/index.html[22m [2m(+16ms)[22m 
[2m16:39:59[22m   [34m├─[39m [2m/answer-keys/grant-medical-college-mumbai-round-2-cutoff-2026-c-answer-key-2026/index.html[22m [2m(+34ms)[22m 
[2m16:39:59[22m   [34m├─[39m [2m/answer-keys/india-post-gds-recruitment-2026-notification-soon--answer-key-2026/index.html[22m [2m(+268ms)[22m 
[2m16:40:00[22m   [34m├─[39m [2m/answer-keys/psssb-clerk-recruitment-2026-apply-online-reopens--answer-key-2026/index.html[22m [2m(+29ms)[22m 
[2m16:40:00[22m   [34m├─[39m [2m/answer-keys/seth-gs-medical-college-neet-2026-round-2-cutoff-c-answer-key-2026/index.html[22m [2m(+11ms)[22m 
[2m16:40:00[22m   [34m├─[39m [2m/answer-keys/rrb-ntpc-ug-cutoff-2026-check-zone-wise-category-w-answer-key-2026/index.html[22m [2m(+24ms)[22m 
[2m16:40:00[22m   [34m├─[39m [2m/answer-keys/which-government-jobs-have-no-interview-check-opti-answer-key-2026/index.html[22m [2m(+64ms)[22m 
[2m16:40:00[22m   [34m├─[39m [2m/answer-keys/bob-lbo-syllabus-2026-check-complete-topic-wise-sy-answer-key-2026/index.html[22m [2m(+16ms)[22m 
[2m16:40:00[22m   [34m├─[39m [2m/answer-keys/pgcil-apprentice-recruitment-2026-notification-out-answer-key-2026/index.html[22m [2m(+49ms)[22m 
[2m16:40:00[22m   [34m├─[39m [2m/answer-keys/hp-tet-answer-key-2026-out-download-final-response-answer-key-2026/index.html[22m [2m(+166ms)[22m 
[2m16:40:00[22m   [34m├─[39m [2m/answer-keys/upsssc-lower-pcs-answer-key-2026-at-upssscgovin-so-answer-key-2026/index.html[22m [2m(+35ms)[22m 
[2m16:40:00[22m   [34m├─[39m [2m/answer-keys/cil-mt-answer-key-2026-official-at-coalindiain-dow-answer-key-2026/index.html[22m [2m(+59ms)[22m 
[2m16:40:00[22m   [34m├─[39m [2m/answer-keys/upsssc-lower-pcs-answer-key-2026-out-direct-link-t-answer-key-2026/index.html[22m [2m(+16ms)[22m 
[2m16:40:00[22m   [34m├─[39m [2m/answer-keys/isro-exam-date-2026-out-check-complete-exam-schedu-answer-key-2026/index.html[22m [2m(+92ms)[22m 
[2m16:40:00[22m   [34m├─[39m [2m/answer-keys/ada-recruitment-2026-notification-out-for-111-proj-answer-key-2026/index.html[22m [2m(+101ms)[22m 
[2m16:40:00[22m   [34m├─[39m [2m/answer-keys/jal-vibhag-bharti-2026-notification-out-for-80469--answer-key-2026/index.html[22m [2m(+44ms)[22m 
[2m16:40:00[22m   [34m├─[39m [2m/answer-keys/up-tgt-pgt-cut-off-2026-out-check-subject-wise-qua-answer-key-2026/index.html[22m [2m(+85ms)[22m 
[2m16:40:00[22m   [34m├─[39m [2m/answer-keys/ugc-net-june-2026/index.html[22m [2m(+51ms)[22m 
[2m16:40:01[22m   [34m├─[39m [2m/answer-keys/ssc-gd-2025/index.html[22m [2m(+19ms)[22m 
[2m16:40:01[22m   [34m├─[39m [2m/answer-keys/rrb-je-cbt2-2025/index.html[22m [2m(+29ms)[22m 
[2m16:40:01[22m   [34m├─[39m [2m/answer-keys/rpsc-senior-teacher-key-2026/index.html[22m [2m(+13ms)[22m 
[2m16:40:01[22m   [34m├─[39m [2m/answer-keys/csir-net-2026/index.html[22m [2m(+85ms)[22m 
[2m16:40:01[22m   [34m├─[39m [2m/answer-keys/upsssc-technical-assistant-2026/index.html[22m [2m(+138ms)[22m 
[2m16:40:01[22m   [34m├─[39m [2m/answer-keys/bpsc-72-pre-key-2026/index.html[22m [2m(+79ms)[22m 
[2m16:40:01[22m   [34m├─[39m [2m/answer-keys/dsssb-july-2026/index.html[22m [2m(+32ms)[22m 
[2m16:40:01[22m   [34m├─[39m [2m/answer-keys/rrb-alp-cbt2-2025/index.html[22m [2m(+13ms)[22m 
[2m16:40:01[22m   [34m├─[39m [2m/answer-keys/upsc-cms-2026/index.html[22m [2m(+9ms)[22m 
[2m16:40:01[22m   [34m├─[39m [2m/answer-keys/ssc-je-2025-final-answer-key/index.html[22m [2m(+51ms)[22m 
[2m16:40:01[22m   [34m├─[39m [2m/answer-keys/upsssc-pharmacist-final-answer-key-2026/index.html[22m [2m(+82ms)[22m 
[2m16:40:01[22m   [34m├─[39m [2m/answer-keys/upsssc-computer-translator-answer-key-2026/index.html[22m [2m(+196ms)[22m 
[2m16:40:01[22m   [34m├─[39m [2m/answer-keys/rsmssb-lab-assistant-answer-key-2026/index.html[22m [2m(+38ms)[22m 
[2m16:40:01[22m   [34m├─[39m [2m/answer-keys/nta-ugc-csir-icar-answer-key-2026/index.html[22m [2m(+25ms)[22m 
[2m16:40:01[22m   [34m├─[39m [2m/answer-keys/ssc-cgl-2025-tier1-key/index.html[22m [2m(+19ms)[22m 
[2m16:40:01[22m   [34m├─[39m [2m/answer-keys/rrb-ntpc-cbt1-key-2026/index.html[22m [2m(+17ms)[22m 
[2m16:40:01[22m   [34m├─[39m [2m/answer-keys/upsc-nda-2026-key/index.html[22m [2m(+33ms)[22m 
[2m16:40:01[22m   [34m├─[39m [2m/answer-keys/ibps-clerk-xvi-pre-key/index.html[22m [2m(+69ms)[22m 
[2m16:40:01[22m   [34m├─[39m [2m/answer-keys/ssc-chsl-2025-tier2-key/index.html[22m [2m(+114ms)[22m 
[2m16:40:02[22m   [34m├─[39m [2m/answer-keys/delhi-police-2025-key/index.html[22m [2m(+65ms)[22m 
[2m16:40:02[22m   [34m├─[39m [2m/answer-keys/rrb-group-d-2025-key/index.html[22m [2m(+50ms)[22m 
[2m16:40:02[22m   [34m├─[39m [2m/answer-keys/neet-pg-2026-key/index.html[22m [2m(+31ms)[22m 
[2m16:40:02[22m   [34m├─[39m [2m/answer-keys/upsc-ese-2026-pre-key/index.html[22m [2m(+9ms)[22m 
[2m16:40:02[22m   [34m├─[39m [2m/answer-keys/uppsc-pcs-pre-key-2026/index.html[22m [2m(+34ms)[22m 
[2m16:40:02[22m   [34m├─[39m [2m/answer-keys/nta-cuet-ug-2026-key/index.html[22m [2m(+29ms)[22m 
[2m16:40:02[22m   [34m├─[39m [2m/answer-keys/rpsc-ras-pre-2026-key/index.html[22m [2m(+19ms)[22m 
[2m16:40:02[22m   [34m├─[39m [2m/answer-keys/ctet-july-2026-key/index.html[22m [2m(+30ms)[22m 
[2m16:40:02[22m   [34m├─[39m [2m/answer-keys/ssc-cpo-2025-pre-key/index.html[22m [2m(+22ms)[22m 
[2m16:40:02[22m   [34m├─[39m [2m/answer-keys/ssc-cgl-2025-tier2-answer-key/index.html[22m [2m(+180ms)[22m 
[2m16:40:02[22m   [34m├─[39m [2m/answer-keys/ssc-chsl-2025-tier1-answer-key/index.html[22m [2m(+85ms)[22m 
[2m16:40:02[22m   [34m├─[39m [2m/answer-keys/ssc-mts-2025-answer-key/index.html[22m [2m(+66ms)[22m 
[2m16:40:02[22m   [34m├─[39m [2m/answer-keys/ssc-je-2025-paper1-answer-key/index.html[22m [2m(+13ms)[22m 
[2m16:40:02[22m   [34m├─[39m [2m/answer-keys/ssc-stenographer-2025-answer-key/index.html[22m [2m(+17ms)[22m 
[2m16:40:02[22m   [34m├─[39m [2m/answer-keys/ssc-selection-post-13-answer-key/index.html[22m [2m(+12ms)[22m 
[2m16:40:02[22m   [34m├─[39m [2m/answer-keys/ssc-cgl-2024-tier2-answer-key/index.html[22m [2m(+111ms)[22m 
[2m16:40:02[22m   [34m├─[39m [2m/answer-keys/ssc-chsl-2024-tier2-answer-key/index.html[22m [2m(+138ms)[22m 
[2m16:40:02[22m   [34m├─[39m [2m/answer-keys/ssc-cpo-2024-answer-key/index.html[22m [2m(+24ms)[22m 
[2m16:40:03[22m   [34m├─[39m [2m/answer-keys/rrb-ntpc-cbt2-2025-answer-key/index.html[22m [2m(+60ms)[22m 
[2m16:40:03[22m   [34m├─[39m [2m/answer-keys/rrb-alp-cbt1-2025-answer-key/index.html[22m [2m(+76ms)[22m 
[2m16:40:03[22m   [34m├─[39m [2m/answer-keys/rrb-je-cbt1-2025-answer-key/index.html[22m [2m(+34ms)[22m 
[2m16:40:03[22m   [34m├─[39m [2m/answer-keys/rrb-ntpc-10plus2-answer-key/index.html[22m [2m(+132ms)[22m 
[2m16:40:03[22m   [34m├─[39m [2m/answer-keys/rrb-paramedical-2025-answer-key/index.html[22m [2m(+113ms)[22m 
[2m16:40:03[22m   [34m├─[39m [2m/answer-keys/rrb-apprentice-2025-answer-key/index.html[22m [2m(+32ms)[22m 
[2m16:40:03[22m   [34m├─[39m [2m/answer-keys/ibps-po-xiv-prelims-answer-key/index.html[22m [2m(+21ms)[22m 
[2m16:40:03[22m   [34m├─[39m [2m/answer-keys/ibps-po-xiv-mains-answer-key/index.html[22m [2m(+114ms)[22m 
[2m16:40:03[22m   [34m├─[39m [2m/answer-keys/ibps-clerk-xiv-prelims-answer-key/index.html[22m [2m(+115ms)[22m 
[2m16:40:03[22m   [34m├─[39m [2m/answer-keys/ibps-clerk-xiv-mains-answer-key/index.html[22m [2m(+118ms)[22m 
[2m16:40:03[22m   [34m├─[39m [2m/answer-keys/ibps-so-xv-prelims-answer-key/index.html[22m [2m(+79ms)[22m 
[2m16:40:03[22m   [34m├─[39m [2m/answer-keys/ibps-so-xv-mains-answer-key/index.html[22m [2m(+90ms)[22m 
[2m16:40:03[22m   [34m├─[39m [2m/answer-keys/ibps-rrb-po-xiv-prelims-answer-key/index.html[22m [2m(+68ms)[22m 
[2m16:40:04[22m   [34m├─[39m [2m/answer-keys/ibps-rrb-clerk-xiv-prelims-answer-key/index.html[22m [2m(+99ms)[22m 
[2m16:40:04[22m   [34m├─[39m [2m/answer-keys/sbi-po-2025-prelims-answer-key/index.html[22m [2m(+63ms)[22m 
[2m16:40:04[22m   [34m├─[39m [2m/answer-keys/sbi-po-2025-mains-answer-key/index.html[22m [2m(+56ms)[22m 
[2m16:40:04[22m   [34m├─[39m [2m/answer-keys/sbi-clerk-2025-prelims-answer-key/index.html[22m [2m(+164ms)[22m 
[2m16:40:04[22m   [34m├─[39m [2m/answer-keys/sbi-clerk-2025-mains-answer-key/index.html[22m [2m(+101ms)[22m 
[2m16:40:04[22m   [34m├─[39m [2m/answer-keys/sbi-apprentice-2025-answer-key/index.html[22m [2m(+142ms)[22m 
[2m16:40:04[22m   [34m├─[39m [2m/answer-keys/upsc-civil-services-prelims-2025-answer-key/index.html[22m [2m(+68ms)[22m 
[2m16:40:04[22m   [34m├─[39m [2m/answer-keys/upsc-civil-services-prelims-2026-answer-key/index.html[22m [2m(+51ms)[22m 
[2m16:40:04[22m   [34m├─[39m [2m/answer-keys/upsc-nda-1-2025-answer-key/index.html[22m [2m(+68ms)[22m 
[2m16:40:04[22m   [34m├─[39m [2m/answer-keys/upsc-nda-2-2025-answer-key/index.html[22m [2m(+82ms)[22m 
[2m16:40:04[22m   [34m├─[39m [2m/answer-keys/upsc-cds-1-2025-answer-key/index.html[22m [2m(+83ms)[22m 
[2m16:40:05[22m   [34m├─[39m [2m/answer-keys/upsc-cds-2-2025-answer-key/index.html[22m [2m(+83ms)[22m 
[2m16:40:05[22m   [34m├─[39m [2m/answer-keys/uppsc-pcs-prelims-2025-answer-key/index.html[22m [2m(+69ms)[22m 
[2m16:40:05[22m   [34m├─[39m [2m/answer-keys/uppsc-ro-aro-2025-answer-key/index.html[22m [2m(+16ms)[22m 
[2m16:40:05[22m   [34m├─[39m [2m/answer-keys/bpsc-70th-prelims-answer-key/index.html[22m [2m(+19ms)[22m 
[2m16:40:05[22m   [34m├─[39m [2m/answer-keys/bpsc-71st-prelims-answer-key/index.html[22m [2m(+96ms)[22m 
[2m16:40:05[22m   [34m├─[39m [2m/answer-keys/mppsc-state-service-prelims-2025-answer-key/index.html[22m [2m(+54ms)[22m 
[2m16:40:05[22m   [34m├─[39m [2m/answer-keys/rpsc-ras-prelims-2025-answer-key/index.html[22m [2m(+97ms)[22m 
[2m16:40:05[22m   [34m├─[39m [2m/answer-keys/wbpsc-civil-services-prelims-2025-answer-key/index.html[22m [2m(+80ms)[22m 
[2m16:40:05[22m   [34m├─[39m [2m/answer-keys/tnpsc-group1-prelims-2025-answer-key/index.html[22m [2m(+32ms)[22m 
[2m16:40:05[22m   [34m├─[39m [2m/answer-keys/up-police-constable-2025-answer-key/index.html[22m [2m(+98ms)[22m 
[2m16:40:05[22m   [34m├─[39m [2m/answer-keys/crpf-hc-2025-answer-key/index.html[22m [2m(+75ms)[22m 
[2m16:40:05[22m   [34m├─[39m [2m/answer-keys/bsf-head-constable-2025-answer-key/index.html[22m [2m(+83ms)[22m 
[2m16:40:05[22m   [34m├─[39m [2m/answer-keys/itbp-head-constable-2025-answer-key/index.html[22m [2m(+60ms)[22m 
[2m16:40:05[22m   [34m├─[39m [2m/answer-keys/ctet-december-2025-answer-key/index.html[22m [2m(+47ms)[22m 
[2m16:40:05[22m   [34m├─[39m [2m/answer-keys/kvs-pgt-2025-answer-key/index.html[22m [2m(+34ms)[22m 
[2m16:40:05[22m   [34m├─[39m [2m/answer-keys/dsssb-pgt-2025-answer-key/index.html[22m [2m(+76ms)[22m 
[2m16:40:06[22m   [34m└─[39m [2m/answer-keys/nvs-pgt-2025-answer-key/index.html[22m [2m(+97ms)[22m 
[2m16:40:06[22m [32m▶[39m src/pages/answer-keys/index.astro
[2m16:40:06[22m   [34m└─[39m [2m/answer-keys/index.html[22m [2m(+49ms)[22m 
[2m16:40:06[22m [35mλ[39m src/pages/api/widget-jobs.json.ts
[2m16:40:06[22m   [34m└─[39m [2m/api/widget-jobs.json[22m [2m(+6ms)[22m 
[2m16:40:06[22m [32m▶[39m src/pages/competitor-comparison.astro
[2m16:40:06[22m   [34m└─[39m [2m/competitor-comparison/index.html[22m [2m(+20ms)[22m 
[2m16:40:06[22m [32m▶[39m src/pages/contact.astro
[2m16:40:06[22m   [34m└─[39m [2m/contact/index.html[22m [2m(+16ms)[22m 
[2m16:40:06[22m [32m▶[39m src/pages/current-affairs/[date].astro
[2m16:40:06[22m   [34m├─[39m [2m/current-affairs/2026-08-01/index.html[22m [2m(+97ms)[22m 
[2m16:40:06[22m   [34m├─[39m [2m/current-affairs/2026-08-02/index.html[22m [2m(+20ms)[22m 
[2m16:40:06[22m   [34m├─[39m [2m/current-affairs/2026-08-03/index.html[22m [2m(+102ms)[22m 
[2m16:40:06[22m   [34m├─[39m [2m/current-affairs/2026-08-04/index.html[22m [2m(+67ms)[22m 
[2m16:40:06[22m   [34m├─[39m [2m/current-affairs/2026-08-05/index.html[22m [2m(+113ms)[22m 
[2m16:40:06[22m   [34m├─[39m [2m/current-affairs/2026-08-06/index.html[22m [2m(+22ms)[22m 
[2m16:40:06[22m   [34m├─[39m [2m/current-affairs/2026-08-07/index.html[22m [2m(+16ms)[22m 
[2m16:40:06[22m   [34m├─[39m [2m/current-affairs/2026-08-08/index.html[22m [2m(+18ms)[22m 
[2m16:40:06[22m   [34m├─[39m [2m/current-affairs/2026-08-09/index.html[22m [2m(+13ms)[22m 
[2m16:40:06[22m   [34m├─[39m [2m/current-affairs/2026-08-10/index.html[22m [2m(+269ms)[22m 
[2m16:40:07[22m   [34m├─[39m [2m/current-affairs/2026-08-11/index.html[22m [2m(+44ms)[22m 
[2m16:40:07[22m   [34m├─[39m [2m/current-affairs/2026-08-12/index.html[22m [2m(+84ms)[22m 
[2m16:40:07[22m   [34m├─[39m [2m/current-affairs/2026-08-13/index.html[22m [2m(+63ms)[22m 
[2m16:40:07[22m   [34m├─[39m [2m/current-affairs/2026-08-14/index.html[22m [2m(+22ms)[22m 
[2m16:40:07[22m   [34m├─[39m [2m/current-affairs/2026-08-15/index.html[22m [2m(+15ms)[22m 
[2m16:40:07[22m   [34m├─[39m [2m/current-affairs/2026-08-16/index.html[22m [2m(+50ms)[22m 
[2m16:40:07[22m   [34m├─[39m [2m/current-affairs/2026-08-17/index.html[22m [2m(+50ms)[22m 
[2m16:40:07[22m   [34m├─[39m [2m/current-affairs/2026-08-18/index.html[22m [2m(+180ms)[22m 
[2m16:40:07[22m   [34m├─[39m [2m/current-affairs/2026-08-19/index.html[22m [2m(+101ms)[22m 
[2m16:40:07[22m   [34m├─[39m [2m/current-affairs/2026-08-20/index.html[22m [2m(+76ms)[22m 
[2m16:40:07[22m   [34m├─[39m [2m/current-affairs/2026-08-21/index.html[22m [2m(+23ms)[22m 
[2m16:40:07[22m   [34m├─[39m [2m/current-affairs/2026-08-22/index.html[22m [2m(+66ms)[22m 
[2m16:40:07[22m   [34m├─[39m [2m/current-affairs/2026-08-23/index.html[22m [2m(+51ms)[22m 
[2m16:40:07[22m   [34m├─[39m [2m/current-affairs/2026-08-24/index.html[22m [2m(+51ms)[22m 
[2m16:40:07[22m   [34m├─[39m [2m/current-affairs/2026-08-25/index.html[22m [2m(+161ms)[22m 
[2m16:40:08[22m   [34m├─[39m [2m/current-affairs/2026-08-26/index.html[22m [2m(+47ms)[22m 
[2m16:40:08[22m   [34m├─[39m [2m/current-affairs/2026-08-27/index.html[22m [2m(+24ms)[22m 
[2m16:40:08[22m   [34m├─[39m [2m/current-affairs/2026-08-28/index.html[22m [2m(+133ms)[22m 
[2m16:40:08[22m   [34m├─[39m [2m/current-affairs/2026-08-29/index.html[22m [2m(+88ms)[22m 
[2m16:40:08[22m   [34m└─[39m [2m/current-affairs/2026-08-30/index.html[22m [2m(+159ms)[22m 
[2m16:40:08[22m [32m▶[39m src/pages/current-affairs/index.astro
[2m16:40:08[22m   [34m└─[39m [2m/current-affairs/index.html[22m [2m(+18ms)[22m 
[2m16:40:08[22m [32m▶[39m src/pages/cutoffs/[slug].astro
[2m16:40:08[22m   [34m├─[39m [2m/cutoffs/ssc-cgl-2025/index.html[22m [2m(+20ms)[22m 
[2m16:40:08[22m   [34m├─[39m [2m/cutoffs/ssc-chsl-2025/index.html[22m [2m(+26ms)[22m 
[2m16:40:08[22m   [34m├─[39m [2m/cutoffs/rrb-ntpc-2025/index.html[22m [2m(+20ms)[22m 
[2m16:40:08[22m   [34m├─[39m [2m/cutoffs/rrb-group-d-2025/index.html[22m [2m(+61ms)[22m 
[2m16:40:08[22m   [34m├─[39m [2m/cutoffs/ibps-clerk-2026/index.html[22m [2m(+86ms)[22m 
[2m16:40:08[22m   [34m├─[39m [2m/cutoffs/sbi-clerk-2026/index.html[22m [2m(+58ms)[22m 
[2m16:40:09[22m   [34m├─[39m [2m/cutoffs/uppsc-pre-2026/index.html[22m [2m(+82ms)[22m 
[2m16:40:09[22m   [34m├─[39m [2m/cutoffs/rpsc-2nd-grade-2026/index.html[22m [2m(+28ms)[22m 
[2m16:40:09[22m   [34m├─[39m [2m/cutoffs/neet-ug-2026/index.html[22m [2m(+17ms)[22m 
[2m16:40:09[22m   [34m├─[39m [2m/cutoffs/upsc-cse-2026/index.html[22m [2m(+19ms)[22m 
[2m16:40:09[22m   [34m├─[39m [2m/cutoffs/ibps-clerk-2026-pre/index.html[22m [2m(+147ms)[22m 
[2m16:40:09[22m   [34m├─[39m [2m/cutoffs/upsc-cse-2025/index.html[22m [2m(+111ms)[22m 
[2m16:40:09[22m   [34m├─[39m [2m/cutoffs/raj-police-constable-2026/index.html[22m [2m(+19ms)[22m 
[2m16:40:09[22m   [34m├─[39m [2m/cutoffs/ssc-gd-2026/index.html[22m [2m(+10ms)[22m 
[2m16:40:09[22m   [34m├─[39m [2m/cutoffs/bpsc-72-pre-2026/index.html[22m [2m(+48ms)[22m 
[2m16:40:09[22m   [34m├─[39m [2m/cutoffs/uppsc-pcs-pre-2026/index.html[22m [2m(+53ms)[22m 
[2m16:40:09[22m   [34m├─[39m [2m/cutoffs/rpsc-ras-pre-2026/index.html[22m [2m(+45ms)[22m 
[2m16:40:09[22m   [34m├─[39m [2m/cutoffs/ssc-cpo-2025/index.html[22m [2m(+166ms)[22m 
[2m16:40:09[22m   [34m├─[39m [2m/cutoffs/ssc-steno-2025/index.html[22m [2m(+32ms)[22m 
[2m16:40:09[22m   [34m├─[39m [2m/cutoffs/ssc-je-2025/index.html[22m [2m(+16ms)[22m 
[2m16:40:09[22m   [34m├─[39m [2m/cutoffs/upsc-nda-2026/index.html[22m [2m(+70ms)[22m 
[2m16:40:09[22m   [34m├─[39m [2m/cutoffs/upsc-cds-2026/index.html[22m [2m(+190ms)[22m 
[2m16:40:10[22m   [34m├─[39m [2m/cutoffs/upsc-ese-2026/index.html[22m [2m(+23ms)[22m 
[2m16:40:10[22m   [34m├─[39m [2m/cutoffs/upsc-epfo-2026/index.html[22m [2m(+30ms)[22m 
[2m16:40:10[22m   [34m├─[39m [2m/cutoffs/rrb-alp-2025/index.html[22m [2m(+23ms)[22m 
[2m16:40:10[22m   [34m├─[39m [2m/cutoffs/rrb-technician-2025/index.html[22m [2m(+53ms)[22m 
[2m16:40:10[22m   [34m├─[39m [2m/cutoffs/ibps-po-xvii-2026/index.html[22m [2m(+118ms)[22m 
[2m16:40:10[22m   [34m├─[39m [2m/cutoffs/sbi-po-2026/index.html[22m [2m(+163ms)[22m 
[2m16:40:10[22m   [34m├─[39m [2m/cutoffs/raj-si-2026/index.html[22m [2m(+23ms)[22m 
[2m16:40:10[22m   [34m├─[39m [2m/cutoffs/reet-2026/index.html[22m [2m(+23ms)[22m 
[2m16:40:10[22m   [34m├─[39m [2m/cutoffs/ctet-2026/index.html[22m [2m(+21ms)[22m 
[2m16:40:10[22m   [34m├─[39m [2m/cutoffs/nta-neet-ug-2026/index.html[22m [2m(+113ms)[22m 
[2m16:40:10[22m   [34m├─[39m [2m/cutoffs/bpsc-73-2026/index.html[22m [2m(+162ms)[22m 
[2m16:40:10[22m   [34m├─[39m [2m/cutoffs/mpsc-group-b-2026/index.html[22m [2m(+56ms)[22m 
[2m16:40:11[22m   [34m├─[39m [2m/cutoffs/delhi-police-constable-2026/index.html[22m [2m(+32ms)[22m 
[2m16:40:11[22m   [34m├─[39m [2m/cutoffs/crpf-asi-hc-2026/index.html[22m [2m(+53ms)[22m 
[2m16:40:11[22m   [34m├─[39m [2m/cutoffs/ibps-rrb-po-and-clerk-2026-apply-online-date-exten-2026/index.html[22m [2m(+21ms)[22m 
[2m16:40:11[22m   [34m├─[39m [2m/cutoffs/ibps-rrb-po-and-clerk-2026-apply-online-date-exten/index.html[22m [2m(+16ms)[22m 
[2m16:40:11[22m   [34m├─[39m [2m/cutoffs/gujarat-anganwadi-recruitment-2026-out-apply-onlin-2026/index.html[22m [2m(+31ms)[22m 
[2m16:40:11[22m   [34m├─[39m [2m/cutoffs/gujarat-anganwadi-recruitment-2026-out-apply-onlin/index.html[22m [2m(+223ms)[22m 
[2m16:40:11[22m   [34m├─[39m [2m/cutoffs/assam-rifles-recruitment-2026-notification-out-for-2026/index.html[22m [2m(+61ms)[22m 
[2m16:40:11[22m   [34m├─[39m [2m/cutoffs/assam-rifles-recruitment-2026-notification-out-for/index.html[22m [2m(+21ms)[22m 
[2m16:40:11[22m   [34m├─[39m [2m/cutoffs/jssc-jilcce-recruitment-2026-326-health-supervisor-2026/index.html[22m [2m(+33ms)[22m 
[2m16:40:11[22m   [34m├─[39m [2m/cutoffs/jssc-jilcce-recruitment-2026-326-health-supervisor/index.html[22m [2m(+35ms)[22m 
[2m16:40:11[22m   [34m├─[39m [2m/cutoffs/ibps-rrb-apply-online-2026-ends-today-check-applic-2026/index.html[22m [2m(+47ms)[22m 
[2m16:40:11[22m   [34m├─[39m [2m/cutoffs/ibps-rrb-apply-online-2026-ends-today-check-applic/index.html[22m [2m(+94ms)[22m 
[2m16:40:11[22m   [34m├─[39m [2m/cutoffs/up-excise-constable-cutoff-2026-check-category-wis-2026/index.html[22m [2m(+117ms)[22m 
[2m16:40:11[22m   [34m├─[39m [2m/cutoffs/up-excise-constable-cutoff-2026-check-category-wis/index.html[22m [2m(+31ms)[22m 
[2m16:40:11[22m   [34m├─[39m [2m/cutoffs/ibps-rrb-recruitment-2026-apply-online-last-date-t-2026/index.html[22m [2m(+12ms)[22m 
[2m16:40:11[22m   [34m├─[39m [2m/cutoffs/ibps-rrb-recruitment-2026-apply-online-last-date-t/index.html[22m [2m(+21ms)[22m 
[2m16:40:11[22m   [34m├─[39m [2m/cutoffs/upsssc-je-agriculture-recruitment-2026-apply-onlin-2026/index.html[22m [2m(+55ms)[22m 
[2m16:40:11[22m   [34m├─[39m [2m/cutoffs/upsssc-je-agriculture-recruitment-2026-apply-onlin/index.html[22m [2m(+46ms)[22m 
[2m16:40:11[22m   [34m├─[39m [2m/cutoffs/jharkhand-jssc-jilcce-recruitment-2026-notificatio-2026/index.html[22m [2m(+139ms)[22m 
[2m16:40:12[22m   [34m├─[39m [2m/cutoffs/jharkhand-jssc-jilcce-recruitment-2026-notificatio/index.html[22m [2m(+50ms)[22m 
[2m16:40:12[22m   [34m├─[39m [2m/cutoffs/hppsc-medical-officer-recruitment-2026-notificatio-2026/index.html[22m [2m(+64ms)[22m 
[2m16:40:12[22m   [34m├─[39m [2m/cutoffs/hppsc-medical-officer-recruitment-2026-notificatio/index.html[22m [2m(+37ms)[22m 
[2m16:40:12[22m   [34m├─[39m [2m/cutoffs/eil-recruitment-2026-notification-out-for-various--2026/index.html[22m [2m(+81ms)[22m 
[2m16:40:12[22m   [34m├─[39m [2m/cutoffs/eil-recruitment-2026-notification-out-for-various-/index.html[22m [2m(+17ms)[22m 
[2m16:40:12[22m   [34m├─[39m [2m/cutoffs/ignou-recruitment-2026-notification-out-for-variou-2026/index.html[22m [2m(+22ms)[22m 
[2m16:40:12[22m   [34m├─[39m [2m/cutoffs/ignou-recruitment-2026-notification-out-for-variou/index.html[22m [2m(+36ms)[22m 
[2m16:40:12[22m   [34m├─[39m [2m/cutoffs/mp-police-constable-syllabus-2026-check-topic-wise-2026/index.html[22m [2m(+34ms)[22m 
[2m16:40:12[22m   [34m├─[39m [2m/cutoffs/mp-police-constable-syllabus-2026-check-topic-wise/index.html[22m [2m(+144ms)[22m 
[2m16:40:12[22m   [34m├─[39m [2m/cutoffs/cpri-recruitment-2026-apply-online-for-110-enginee-2026/index.html[22m [2m(+63ms)[22m 
[2m16:40:12[22m   [34m├─[39m [2m/cutoffs/cpri-recruitment-2026-apply-online-for-110-enginee/index.html[22m [2m(+35ms)[22m 
[2m16:40:12[22m   [34m├─[39m [2m/cutoffs/mpesb-subedar-steno-asi-recruitment-2026-notificat-2026/index.html[22m [2m(+137ms)[22m 
[2m16:40:12[22m   [34m├─[39m [2m/cutoffs/mpesb-subedar-steno-asi-recruitment-2026-notificat/index.html[22m [2m(+31ms)[22m 
[2m16:40:12[22m   [34m├─[39m [2m/cutoffs/cpri-recruitment-2026-notification-out-apply-onlin-2026/index.html[22m [2m(+32ms)[22m 
[2m16:40:12[22m   [34m├─[39m [2m/cutoffs/cpri-recruitment-2026-notification-out-apply-onlin/index.html[22m [2m(+16ms)[22m 
[2m16:40:12[22m   [34m├─[39m [2m/cutoffs/upsssc-je-recruitment-2026-apply-online-begins-for-2026/index.html[22m [2m(+31ms)[22m 
[2m16:40:13[22m   [34m├─[39m [2m/cutoffs/upsssc-je-recruitment-2026-apply-online-begins-for/index.html[22m [2m(+23ms)[22m 
[2m16:40:13[22m   [34m├─[39m [2m/cutoffs/tnpsc-cts-diploma-exam-date-2026-out-for-856-iti-p-2026/index.html[22m [2m(+70ms)[22m 
[2m16:40:13[22m   [34m├─[39m [2m/cutoffs/tnpsc-cts-diploma-exam-date-2026-out-for-856-iti-p/index.html[22m [2m(+162ms)[22m 
[2m16:40:13[22m   [34m├─[39m [2m/cutoffs/ts-police-constable-si-salary-2026-check-pay-scale-2026/index.html[22m [2m(+76ms)[22m 
[2m16:40:13[22m   [34m├─[39m [2m/cutoffs/ts-police-constable-si-salary-2026-check-pay-scale/index.html[22m [2m(+26ms)[22m 
[2m16:40:13[22m   [34m├─[39m [2m/cutoffs/upsssc-je-recruitment-2026-notification-out-apply--2026/index.html[22m [2m(+24ms)[22m 
[2m16:40:13[22m   [34m├─[39m [2m/cutoffs/upsssc-je-recruitment-2026-notification-out-apply-/index.html[22m [2m(+19ms)[22m 
[2m16:40:13[22m   [34m├─[39m [2m/cutoffs/slprb-ap-police-recruitment-2026-notification-out--2026/index.html[22m [2m(+21ms)[22m 
[2m16:40:13[22m   [34m├─[39m [2m/cutoffs/slprb-ap-police-recruitment-2026-notification-out-/index.html[22m [2m(+110ms)[22m 
[2m16:40:13[22m   [34m├─[39m [2m/cutoffs/indian-post-office-gds-recruitment-2026-apply-link-2026/index.html[22m [2m(+206ms)[22m 
[2m16:40:13[22m   [34m├─[39m [2m/cutoffs/indian-post-office-gds-recruitment-2026-apply-link/index.html[22m [2m(+41ms)[22m 
[2m16:40:13[22m   [34m├─[39m [2m/cutoffs/india-post-gds-maharashtra-vacancy-2026-check-divi-2026/index.html[22m [2m(+12ms)[22m 
[2m16:40:13[22m   [34m├─[39m [2m/cutoffs/india-post-gds-maharashtra-vacancy-2026-check-divi/index.html[22m [2m(+25ms)[22m 
[2m16:40:13[22m   [34m├─[39m [2m/cutoffs/bcpl-recruitment-2026-bcpl-vacancy-2026-iti-techni-2026/index.html[22m [2m(+17ms)[22m 
[2m16:40:13[22m   [34m├─[39m [2m/cutoffs/bcpl-recruitment-2026-bcpl-vacancy-2026-iti-techni/index.html[22m [2m(+20ms)[22m 
[2m16:40:13[22m   [34m├─[39m [2m/cutoffs/psssb-group-c-recruitment-2026-notification-out-fo-2026/index.html[22m [2m(+70ms)[22m 
[2m16:40:13[22m   [34m├─[39m [2m/cutoffs/psssb-group-c-recruitment-2026-notification-out-fo/index.html[22m [2m(+76ms)[22m 
[2m16:40:14[22m   [34m├─[39m [2m/cutoffs/dav-staff-recruitment-2026-notification-out-apply--2026/index.html[22m [2m(+172ms)[22m 
[2m16:40:14[22m   [34m├─[39m [2m/cutoffs/dav-staff-recruitment-2026-notification-out-apply-/index.html[22m [2m(+35ms)[22m 
[2m16:40:14[22m   [34m├─[39m [2m/cutoffs/pfrda-grade-a-notification-2026-out-check-apply-on-2026/index.html[22m [2m(+24ms)[22m 
[2m16:40:14[22m   [34m├─[39m [2m/cutoffs/pfrda-grade-a-notification-2026-out-check-apply-on/index.html[22m [2m(+22ms)[22m 
[2m16:40:14[22m   [34m├─[39m [2m/cutoffs/emrs-pgt-salary-2026-check-pay-scale-in-hand-salar-2026/index.html[22m [2m(+19ms)[22m 
[2m16:40:14[22m   [34m├─[39m [2m/cutoffs/emrs-pgt-salary-2026-check-pay-scale-in-hand-salar/index.html[22m [2m(+29ms)[22m 
[2m16:40:14[22m   [34m├─[39m [2m/cutoffs/nta-recruitment-2026-check-eligibility-and-last-da-2026/index.html[22m [2m(+79ms)[22m 
[2m16:40:14[22m   [34m├─[39m [2m/cutoffs/nta-recruitment-2026-check-eligibility-and-last-da/index.html[22m [2m(+70ms)[22m 
[2m16:40:14[22m   [34m├─[39m [2m/cutoffs/punjab-and-haryana-high-court-driver-recruitment-2-2026/index.html[22m [2m(+34ms)[22m 
[2m16:40:14[22m   [34m├─[39m [2m/cutoffs/punjab-and-haryana-high-court-driver-recruitment-2/index.html[22m [2m(+146ms)[22m 
[2m16:40:14[22m   [34m├─[39m [2m/cutoffs/upsc-ese-notification-2026-released-apply-online-b-2026/index.html[22m [2m(+20ms)[22m 
[2m16:40:14[22m   [34m├─[39m [2m/cutoffs/upsc-ese-notification-2026-released-apply-online-b/index.html[22m [2m(+18ms)[22m 
[2m16:40:14[22m   [34m├─[39m [2m/cutoffs/dsssb-aso-exam-date-2026-out-for-941-grade-2-posts-2026/index.html[22m [2m(+27ms)[22m 
[2m16:40:14[22m   [34m├─[39m [2m/cutoffs/dsssb-aso-exam-date-2026-out-for-941-grade-2-posts/index.html[22m [2m(+25ms)[22m 
[2m16:40:14[22m   [34m├─[39m [2m/cutoffs/ecce-educator-vacancy-in-up-latest-news-educator-v-2026/index.html[22m [2m(+59ms)[22m 
[2m16:40:14[22m   [34m├─[39m [2m/cutoffs/ecce-educator-vacancy-in-up-latest-news-educator-v/index.html[22m [2m(+19ms)[22m 
[2m16:40:14[22m   [34m├─[39m [2m/cutoffs/iob-local-bank-officer-exam-date-2026-out-check-ex-2026/index.html[22m [2m(+34ms)[22m 
[2m16:40:14[22m   [34m├─[39m [2m/cutoffs/iob-local-bank-officer-exam-date-2026-out-check-ex/index.html[22m [2m(+35ms)[22m 
[2m16:40:14[22m   [34m├─[39m [2m/cutoffs/uksssc-scaler-recruitment-2026-notification-out-fo-2026/index.html[22m [2m(+38ms)[22m 
[2m16:40:14[22m   [34m├─[39m [2m/cutoffs/uksssc-scaler-recruitment-2026-notification-out-fo/index.html[22m [2m(+26ms)[22m 
[2m16:40:14[22m   [34m├─[39m [2m/cutoffs/mphc-recruitment-2026-mp-high-court-assistant-grad-2026/index.html[22m [2m(+312ms)[22m 
[2m16:40:15[22m   [34m├─[39m [2m/cutoffs/mphc-recruitment-2026-mp-high-court-assistant-grad/index.html[22m [2m(+17ms)[22m 
[2m16:40:15[22m   [34m├─[39m [2m/cutoffs/rrb-je-exam-date-2026-out-check-cen-042026-junior--2026/index.html[22m [2m(+16ms)[22m 
[2m16:40:15[22m   [34m├─[39m [2m/cutoffs/rrb-je-exam-date-2026-out-check-cen-042026-junior-/index.html[22m [2m(+18ms)[22m 
[2m16:40:15[22m   [34m├─[39m [2m/cutoffs/tslprb-notification-2026-apply-online-last-date-to-2026/index.html[22m [2m(+20ms)[22m 
[2m16:40:15[22m   [34m├─[39m [2m/cutoffs/tslprb-notification-2026-apply-online-last-date-to/index.html[22m [2m(+154ms)[22m 
[2m16:40:15[22m   [34m├─[39m [2m/cutoffs/upcisb-exam-date-2026-out-for-2085-various-vacanci-2026/index.html[22m [2m(+70ms)[22m 
[2m16:40:15[22m   [34m├─[39m [2m/cutoffs/upcisb-exam-date-2026-out-for-2085-various-vacanci/index.html[22m [2m(+43ms)[22m 
[2m16:40:15[22m   [34m├─[39m [2m/cutoffs/up-pgt-teacher-notification-2026-out-apply-online--2026/index.html[22m [2m(+36ms)[22m 
[2m16:40:15[22m   [34m├─[39m [2m/cutoffs/up-pgt-teacher-notification-2026-out-apply-online-/index.html[22m [2m(+33ms)[22m 
[2m16:40:15[22m   [34m├─[39m [2m/cutoffs/jkssb-recruitment-2026-notification-out-for-2863-p-2026/index.html[22m [2m(+58ms)[22m 
[2m16:40:15[22m   [34m├─[39m [2m/cutoffs/jkssb-recruitment-2026-notification-out-for-2863-p/index.html[22m [2m(+68ms)[22m 
[2m16:40:15[22m   [34m├─[39m [2m/cutoffs/ruhs-medical-officer-recruitment-2026-notification-2026/index.html[22m [2m(+82ms)[22m 
[2m16:40:15[22m   [34m├─[39m [2m/cutoffs/ruhs-medical-officer-recruitment-2026-notification/index.html[22m [2m(+48ms)[22m 
[2m16:40:16[22m   [34m├─[39m [2m/cutoffs/upessc-up-prt-assistant-teacher-recruitment-2026-n-2026/index.html[22m [2m(+30ms)[22m 
[2m16:40:16[22m   [34m├─[39m [2m/cutoffs/upessc-up-prt-assistant-teacher-recruitment-2026-n/index.html[22m [2m(+75ms)[22m 
[2m16:40:16[22m   [34m├─[39m [2m/cutoffs/iob-local-bank-officer-lbo-exam-date-2026-out-for--2026/index.html[22m [2m(+89ms)[22m 
[2m16:40:16[22m   [34m├─[39m [2m/cutoffs/iob-local-bank-officer-lbo-exam-date-2026-out-for-/index.html[22m [2m(+17ms)[22m 
[2m16:40:16[22m   [34m├─[39m [2m/cutoffs/up-teacher-recruitment-2026-applications-open-for--2026/index.html[22m [2m(+163ms)[22m 
[2m16:40:16[22m   [34m├─[39m [2m/cutoffs/up-teacher-recruitment-2026-applications-open-for-/index.html[22m [2m(+92ms)[22m 
[2m16:40:16[22m   [34m├─[39m [2m/cutoffs/ibps-clerk-reserve-list-2026-out-download-2nd-prov-2026/index.html[22m [2m(+26ms)[22m 
[2m16:40:16[22m   [34m├─[39m [2m/cutoffs/ibps-clerk-reserve-list-2026-out-download-2nd-prov/index.html[22m [2m(+26ms)[22m 
[2m16:40:16[22m   [34m├─[39m [2m/cutoffs/appsc-job-calendar-2026-new-released-at-portal-psc-2026/index.html[22m [2m(+153ms)[22m 
[2m16:40:16[22m   [34m├─[39m [2m/cutoffs/appsc-job-calendar-2026-new-released-at-portal-psc/index.html[22m [2m(+22ms)[22m 
[2m16:40:16[22m   [34m├─[39m [2m/cutoffs/uksssc-group-c-recruitment-2026-apply-online-for-p-2026/index.html[22m [2m(+54ms)[22m 
[2m16:40:16[22m   [34m├─[39m [2m/cutoffs/uksssc-group-c-recruitment-2026-apply-online-for-p/index.html[22m [2m(+17ms)[22m 
[2m16:40:16[22m   [34m├─[39m [2m/cutoffs/coconut-development-board-recruitment-2026-out-for-2026/index.html[22m [2m(+229ms)[22m 
[2m16:40:17[22m   [34m├─[39m [2m/cutoffs/coconut-development-board-recruitment-2026-out-for/index.html[22m [2m(+12ms)[22m 
[2m16:40:17[22m   [34m├─[39m [2m/cutoffs/rrc-ecor-recruitment-2026-last-date-today-apply-on-2026/index.html[22m [2m(+14ms)[22m 
[2m16:40:17[22m   [34m├─[39m [2m/cutoffs/rrc-ecor-recruitment-2026-last-date-today-apply-on/index.html[22m [2m(+13ms)[22m 
[2m16:40:17[22m   [34m├─[39m [2m/cutoffs/upsssc-veterinary-pharmacist-recruitment-2026-out--2026/index.html[22m [2m(+12ms)[22m 
[2m16:40:17[22m   [34m├─[39m [2m/cutoffs/upsssc-veterinary-pharmacist-recruitment-2026-out-/index.html[22m [2m(+13ms)[22m 
[2m16:40:17[22m   [34m├─[39m [2m/cutoffs/iob-specialist-officer-recruitment-2026-apply-onli-2026/index.html[22m [2m(+10ms)[22m 
[2m16:40:17[22m   [34m├─[39m [2m/cutoffs/iob-specialist-officer-recruitment-2026-apply-onli/index.html[22m [2m(+13ms)[22m 
[2m16:40:17[22m   [34m├─[39m [2m/cutoffs/appsc-recruitment-2026-notification-out-for-892-gr-2026/index.html[22m [2m(+11ms)[22m 
[2m16:40:17[22m   [34m├─[39m [2m/cutoffs/appsc-recruitment-2026-notification-out-for-892-gr/index.html[22m [2m(+230ms)[22m 
[2m16:40:17[22m   [34m├─[39m [2m/cutoffs/upsssc-veterinary-pharmacist-recruitment-2026-appl-2026/index.html[22m [2m(+13ms)[22m 
[2m16:40:17[22m   [34m├─[39m [2m/cutoffs/upsssc-veterinary-pharmacist-recruitment-2026-appl/index.html[22m [2m(+13ms)[22m 
[2m16:40:17[22m   [34m├─[39m [2m/cutoffs/iocl-exam-date-2026-out-check-official-schedule-fo-2026/index.html[22m [2m(+13ms)[22m 
[2m16:40:17[22m   [34m├─[39m [2m/cutoffs/iocl-exam-date-2026-out-check-official-schedule-fo/index.html[22m [2m(+13ms)[22m 
[2m16:40:17[22m   [34m├─[39m [2m/cutoffs/ruhs-medical-officer-recruitment-2026-apply-online-2026/index.html[22m [2m(+353ms)[22m 
[2m16:40:17[22m   [34m├─[39m [2m/cutoffs/ruhs-medical-officer-recruitment-2026-apply-online/index.html[22m [2m(+31ms)[22m 
[2m16:40:17[22m   [34m├─[39m [2m/cutoffs/psssb-group-d-recruitment-2026-last-date-to-apply--2026/index.html[22m [2m(+21ms)[22m 
[2m16:40:17[22m   [34m├─[39m [2m/cutoffs/psssb-group-d-recruitment-2026-last-date-to-apply-/index.html[22m [2m(+12ms)[22m 
[2m16:40:17[22m   [34m├─[39m [2m/cutoffs/kea-karnataka-recruitment-2026-notification-out-fo-2026/index.html[22m [2m(+29ms)[22m 
[2m16:40:17[22m   [34m├─[39m [2m/cutoffs/kea-karnataka-recruitment-2026-notification-out-fo/index.html[22m [2m(+30ms)[22m 
[2m16:40:17[22m   [34m├─[39m [2m/cutoffs/rrb-paramedical-recruitment-2026-notification-out--2026/index.html[22m [2m(+22ms)[22m 
[2m16:40:17[22m   [34m├─[39m [2m/cutoffs/rrb-paramedical-recruitment-2026-notification-out-/index.html[22m [2m(+27ms)[22m 
[2m16:40:17[22m   [34m├─[39m [2m/cutoffs/mp-naib-tehsildar-notification-2026-out-for-106-po-2026/index.html[22m [2m(+387ms)[22m 
[2m16:40:18[22m   [34m├─[39m [2m/cutoffs/mp-naib-tehsildar-notification-2026-out-for-106-po/index.html[22m [2m(+20ms)[22m 
[2m16:40:18[22m   [34m├─[39m [2m/cutoffs/jharkhand-home-guard-recruitment-2026-notification-2026/index.html[22m [2m(+25ms)[22m 
[2m16:40:18[22m   [34m├─[39m [2m/cutoffs/jharkhand-home-guard-recruitment-2026-notification/index.html[22m [2m(+206ms)[22m 
[2m16:40:18[22m   [34m├─[39m [2m/cutoffs/haryana-police-vacancy-2026-30-posts-vacant-15000--2026/index.html[22m [2m(+16ms)[22m 
[2m16:40:18[22m   [34m├─[39m [2m/cutoffs/haryana-police-vacancy-2026-30-posts-vacant-15000-/index.html[22m [2m(+118ms)[22m 
[2m16:40:18[22m   [34m├─[39m [2m/cutoffs/tnpsc-ctse-notification-2026-out-for-170-interview-2026/index.html[22m [2m(+17ms)[22m 
[2m16:40:18[22m   [34m├─[39m [2m/cutoffs/tnpsc-ctse-notification-2026-out-for-170-interview/index.html[22m [2m(+19ms)[22m 
[2m16:40:18[22m   [34m├─[39m [2m/cutoffs/rrb-je-recruitment-2026-last-date-today-apply-onli-2026/index.html[22m [2m(+22ms)[22m 
[2m16:40:18[22m   [34m├─[39m [2m/cutoffs/rrb-je-recruitment-2026-last-date-today-apply-onli/index.html[22m [2m(+15ms)[22m 
[2m16:40:18[22m   [34m├─[39m [2m/cutoffs/mp-sub-engineer-recruitment-2026-apply-online-last-2026/index.html[22m [2m(+14ms)[22m 
[2m16:40:18[22m   [34m├─[39m [2m/cutoffs/mp-sub-engineer-recruitment-2026-apply-online-last/index.html[22m [2m(+114ms)[22m 
[2m16:40:18[22m   [34m├─[39m [2m/cutoffs/jharkhand-teacher-vacancy-2026-7500-schools-have-o-2026/index.html[22m [2m(+271ms)[22m 
[2m16:40:19[22m   [34m├─[39m [2m/cutoffs/jharkhand-teacher-vacancy-2026-7500-schools-have-o/index.html[22m [2m(+31ms)[22m 
[2m16:40:19[22m   [34m├─[39m [2m/cutoffs/tn-nhm-recruitment-2026-notification-released-for--2026/index.html[22m [2m(+39ms)[22m 
[2m16:40:19[22m   [34m├─[39m [2m/cutoffs/tn-nhm-recruitment-2026-notification-released-for-/index.html[22m [2m(+15ms)[22m 
[2m16:40:19[22m   [34m├─[39m [2m/cutoffs/upsc-epfo-apply-online-2026-extended-last-date-to--2026/index.html[22m [2m(+192ms)[22m 
[2m16:40:19[22m   [34m├─[39m [2m/cutoffs/upsc-epfo-apply-online-2026-extended-last-date-to-/index.html[22m [2m(+104ms)[22m 
[2m16:40:19[22m   [34m├─[39m [2m/cutoffs/rrb-technician-recruitment-2026-application-status-2026/index.html[22m [2m(+65ms)[22m 
[2m16:40:19[22m   [34m├─[39m [2m/cutoffs/rrb-technician-recruitment-2026-application-status/index.html[22m [2m(+75ms)[22m 
[2m16:40:19[22m   [34m├─[39m [2m/cutoffs/ssc-cgl-notification-2026-out-for-12256-group-b-an-2026/index.html[22m [2m(+87ms)[22m 
[2m16:40:19[22m   [34m├─[39m [2m/cutoffs/ssc-cgl-notification-2026-out-for-12256-group-b-an/index.html[22m [2m(+141ms)[22m 
[2m16:40:19[22m   [34m├─[39m [2m/cutoffs/jnu-exam-date-2026-for-267-posts-check-complete-ex-2026/index.html[22m [2m(+87ms)[22m 
[2m16:40:20[22m   [34m├─[39m [2m/cutoffs/jnu-exam-date-2026-for-267-posts-check-complete-ex/index.html[22m [2m(+87ms)[22m 
[2m16:40:20[22m   [34m├─[39m [2m/cutoffs/mp-nayab-tehsildar-recruitment-2026-out-for-73-vac-2026/index.html[22m [2m(+251ms)[22m 
[2m16:40:20[22m   [34m├─[39m [2m/cutoffs/mp-nayab-tehsildar-recruitment-2026-out-for-73-vac/index.html[22m [2m(+218ms)[22m 
[2m16:40:20[22m   [34m├─[39m [2m/cutoffs/ibps-rrb-vacancy-2026-increased-to-13745-check-sta-2026/index.html[22m [2m(+54ms)[22m 
[2m16:40:20[22m   [34m├─[39m [2m/cutoffs/ibps-rrb-vacancy-2026-increased-to-13745-check-sta/index.html[22m [2m(+82ms)[22m 
[2m16:40:20[22m   [34m├─[39m [2m/cutoffs/rrb-je-recruitment-2026-last-date-tomorrow-apply-o-2026/index.html[22m [2m(+70ms)[22m 
[2m16:40:20[22m   [34m├─[39m [2m/cutoffs/rrb-je-recruitment-2026-last-date-tomorrow-apply-o/index.html[22m [2m(+32ms)[22m 
[2m16:40:20[22m   [34m├─[39m [2m/cutoffs/ap-police-constable-notification-2026-out-soon-for-2026/index.html[22m [2m(+195ms)[22m 
[2m16:40:21[22m   [34m├─[39m [2m/cutoffs/ap-police-constable-notification-2026-out-soon-for/index.html[22m [2m(+88ms)[22m 
[2m16:40:21[22m   [34m├─[39m [2m/cutoffs/upsc-epfo-apfc-2026-last-date-extended-apply-onlin-2026/index.html[22m [2m(+49ms)[22m 
[2m16:40:21[22m   [34m├─[39m [2m/cutoffs/upsc-epfo-apfc-2026-last-date-extended-apply-onlin/index.html[22m [2m(+28ms)[22m 
[2m16:40:21[22m   [34m├─[39m [2m/cutoffs/ncrtc-recruitment-2026-apply-online-for-90-supervi-2026/index.html[22m [2m(+17ms)[22m 
[2m16:40:21[22m   [34m├─[39m [2m/cutoffs/ncrtc-recruitment-2026-apply-online-for-90-supervi/index.html[22m [2m(+15ms)[22m 
[2m16:40:21[22m   [34m├─[39m [2m/cutoffs/jkssb-recruitment-2026-notification-out-apply-onli-2026/index.html[22m [2m(+18ms)[22m 
[2m16:40:21[22m   [34m├─[39m [2m/cutoffs/jkssb-recruitment-2026-notification-out-apply-onli/index.html[22m [2m(+22ms)[22m 
[2m16:40:21[22m   [34m├─[39m [2m/cutoffs/upsc-epfo-apfc-2026-apply-online-last-date-today-c-2026/index.html[22m [2m(+16ms)[22m 
[2m16:40:21[22m   [34m├─[39m [2m/cutoffs/upsc-epfo-apfc-2026-apply-online-last-date-today-c/index.html[22m [2m(+392ms)[22m 
[2m16:40:21[22m   [34m├─[39m [2m/cutoffs/sns-bank-vijayapura-recruitment-2026-apply-online--2026/index.html[22m [2m(+52ms)[22m 
[2m16:40:21[22m   [34m├─[39m [2m/cutoffs/sns-bank-vijayapura-recruitment-2026-apply-online-/index.html[22m [2m(+19ms)[22m 
[2m16:40:21[22m   [34m├─[39m [2m/cutoffs/mp-police-si-recruitment-2026-apply-online-starts--2026/index.html[22m [2m(+33ms)[22m 
[2m16:40:21[22m   [34m├─[39m [2m/cutoffs/mp-police-si-recruitment-2026-apply-online-starts-/index.html[22m [2m(+15ms)[22m 
[2m16:40:21[22m   [34m├─[39m [2m/cutoffs/upsssc-senior-instructor-recruitment-2026-notifica-2026/index.html[22m [2m(+15ms)[22m 
[2m16:40:21[22m   [34m├─[39m [2m/cutoffs/upsssc-senior-instructor-recruitment-2026-notifica/index.html[22m [2m(+221ms)[22m 
[2m16:40:22[22m   [34m├─[39m [2m/cutoffs/boi-so-recruitment-2026-out-for-205-posts-apply-on-2026/index.html[22m [2m(+100ms)[22m 
[2m16:40:22[22m   [34m├─[39m [2m/cutoffs/boi-so-recruitment-2026-out-for-205-posts-apply-on/index.html[22m [2m(+33ms)[22m 
[2m16:40:22[22m   [34m├─[39m [2m/cutoffs/upsc-epfo-apply-online-2026-today-is-last-date-to--2026/index.html[22m [2m(+35ms)[22m 
[2m16:40:22[22m   [34m├─[39m [2m/cutoffs/upsc-epfo-apply-online-2026-today-is-last-date-to-/index.html[22m [2m(+16ms)[22m 
[2m16:40:22[22m   [34m├─[39m [2m/cutoffs/ssc-cpo-notification-2026-out-apply-online-starts--2026/index.html[22m [2m(+20ms)[22m 
[2m16:40:22[22m   [34m├─[39m [2m/cutoffs/ssc-cpo-notification-2026-out-apply-online-starts-/index.html[22m [2m(+25ms)[22m 
[2m16:40:22[22m   [34m├─[39m [2m/cutoffs/india-post-gds-tamil-nadu-vacancy-2026-check-categ-2026/index.html[22m [2m(+38ms)[22m 
[2m16:40:22[22m   [34m├─[39m [2m/cutoffs/india-post-gds-tamil-nadu-vacancy-2026-check-categ/index.html[22m [2m(+102ms)[22m 
[2m16:40:22[22m   [34m├─[39m [2m/cutoffs/tslprb-constable-recruitment-2026-apply-online-dat-2026/index.html[22m [2m(+155ms)[22m 
[2m16:40:22[22m   [34m├─[39m [2m/cutoffs/tslprb-constable-recruitment-2026-apply-online-dat/index.html[22m [2m(+86ms)[22m 
[2m16:40:22[22m   [34m├─[39m [2m/cutoffs/ssc-cpo-si-vacancy-2026-check-category-wise-vacanc-2026/index.html[22m [2m(+30ms)[22m 
[2m16:40:22[22m   [34m├─[39m [2m/cutoffs/ssc-cpo-si-vacancy-2026-check-category-wise-vacanc/index.html[22m [2m(+43ms)[22m 
[2m16:40:22[22m   [34m├─[39m [2m/cutoffs/ukpsc-recruitment-2026-notification-out-for-group--2026/index.html[22m [2m(+199ms)[22m 
[2m16:40:22[22m   [34m├─[39m [2m/cutoffs/ukpsc-recruitment-2026-notification-out-for-group-/index.html[22m [2m(+17ms)[22m 
[2m16:40:22[22m   [34m├─[39m [2m/cutoffs/maha-metro-recruitment-2026-job-opportunities-vaca-2026/index.html[22m [2m(+53ms)[22m 
[2m16:40:22[22m   [34m├─[39m [2m/cutoffs/maha-metro-recruitment-2026-job-opportunities-vaca/index.html[22m [2m(+61ms)[22m 
[2m16:40:23[22m   [34m├─[39m [2m/cutoffs/pgimer-nursing-officer-recruitment-2026-notificati-2026/index.html[22m [2m(+106ms)[22m 
[2m16:40:23[22m   [34m├─[39m [2m/cutoffs/pgimer-nursing-officer-recruitment-2026-notificati/index.html[22m [2m(+60ms)[22m 
[2m16:40:23[22m   [34m├─[39m [2m/cutoffs/kea-recruitment-2026-notification-out-for-4600-pos-2026/index.html[22m [2m(+70ms)[22m 
[2m16:40:23[22m   [34m├─[39m [2m/cutoffs/kea-recruitment-2026-notification-out-for-4600-pos/index.html[22m [2m(+84ms)[22m 
[2m16:40:23[22m   [34m├─[39m [2m/cutoffs/india-post-gds-uttar-pradesh-vacancy-2026-check-di-2026/index.html[22m [2m(+35ms)[22m 
[2m16:40:23[22m   [34m├─[39m [2m/cutoffs/india-post-gds-uttar-pradesh-vacancy-2026-check-di/index.html[22m [2m(+16ms)[22m 
[2m16:40:23[22m   [34m├─[39m [2m/cutoffs/rrb-paramedical-vacancy-2026-check-post-wise-zone--2026/index.html[22m [2m(+22ms)[22m 
[2m16:40:23[22m   [34m├─[39m [2m/cutoffs/rrb-paramedical-vacancy-2026-check-post-wise-zone-/index.html[22m [2m(+96ms)[22m 
[2m16:40:23[22m   [34m├─[39m [2m/cutoffs/mp-police-constable-notification-2026-released-for-2026/index.html[22m [2m(+79ms)[22m 
[2m16:40:23[22m   [34m├─[39m [2m/cutoffs/mp-police-constable-notification-2026-released-for/index.html[22m [2m(+140ms)[22m 
[2m16:40:23[22m   [34m├─[39m [2m/cutoffs/mp-police-si-vacancy-2026-apply-online-begins-for--2026/index.html[22m [2m(+9ms)[22m 
[2m16:40:23[22m   [34m├─[39m [2m/cutoffs/mp-police-si-vacancy-2026-apply-online-begins-for-/index.html[22m [2m(+12ms)[22m 
[2m16:40:23[22m   [34m├─[39m [2m/cutoffs/upsssc-livestock-extension-officer-recruitment-202-2026/index.html[22m [2m(+142ms)[22m 
[2m16:40:23[22m   [34m├─[39m [2m/cutoffs/upsssc-livestock-extension-officer-recruitment-202/index.html[22m [2m(+134ms)[22m 
[2m16:40:24[22m   [34m├─[39m [2m/cutoffs/ssc-nursing-officer-exam-date-2026-out-check-offic-2026/index.html[22m [2m(+101ms)[22m 
[2m16:40:24[22m   [34m├─[39m [2m/cutoffs/ssc-nursing-officer-exam-date-2026-out-check-offic/index.html[22m [2m(+21ms)[22m 
[2m16:40:24[22m   [34m├─[39m [2m/cutoffs/upessc-assistant-professor-recruitment-2026-notifi-2026/index.html[22m [2m(+17ms)[22m 
[2m16:40:24[22m   [34m├─[39m [2m/cutoffs/upessc-assistant-professor-recruitment-2026-notifi/index.html[22m [2m(+24ms)[22m 
[2m16:40:24[22m   [34m├─[39m [2m/cutoffs/sbi-recruitment-2026-ctc-up-to-97-lakh-2026/index.html[22m [2m(+14ms)[22m 
[2m16:40:24[22m   [34m├─[39m [2m/cutoffs/sbi-recruitment-2026-ctc-up-to-97-lakh/index.html[22m [2m(+14ms)[22m 
[2m16:40:24[22m   [34m├─[39m [2m/cutoffs/delhi-metro-new-vacancy-2026-10th-12th-pass-new-bh-2026/index.html[22m [2m(+22ms)[22m 
[2m16:40:24[22m   [34m├─[39m [2m/cutoffs/delhi-metro-new-vacancy-2026-10th-12th-pass-new-bh/index.html[22m [2m(+378ms)[22m 
[2m16:40:24[22m   [34m├─[39m [2m/cutoffs/ssc-chsl-vacancies-2026-check-post-wise-vacancy-de-2026/index.html[22m [2m(+88ms)[22m 
[2m16:40:24[22m   [34m├─[39m [2m/cutoffs/ssc-chsl-vacancies-2026-check-post-wise-vacancy-de/index.html[22m [2m(+25ms)[22m 
[2m16:40:24[22m   [34m├─[39m [2m/cutoffs/uiic-recruitment-2026-225-posts-salary-110-lakh-2026/index.html[22m [2m(+21ms)[22m 
[2m16:40:24[22m   [34m├─[39m [2m/cutoffs/uiic-recruitment-2026-225-posts-salary-110-lakh/index.html[22m [2m(+24ms)[22m 
[2m16:40:24[22m   [34m├─[39m [2m/cutoffs/uksssc-inter-level-group-c-recruitment-2026-notifi-2026/index.html[22m [2m(+12ms)[22m 
[2m16:40:24[22m   [34m├─[39m [2m/cutoffs/uksssc-inter-level-group-c-recruitment-2026-notifi/index.html[22m [2m(+16ms)[22m 
[2m16:40:24[22m   [34m├─[39m [2m/cutoffs/rrb-paramedical-recruitment-2026-apply-online-for--2026/index.html[22m [2m(+15ms)[22m 
[2m16:40:24[22m   [34m├─[39m [2m/cutoffs/rrb-paramedical-recruitment-2026-apply-online-for-/index.html[22m [2m(+30ms)[22m 
[2m16:40:24[22m   [34m├─[39m [2m/cutoffs/bob-lbo-recruitment-2026-last-date-extended-apply--2026/index.html[22m [2m(+135ms)[22m 
[2m16:40:25[22m   [34m├─[39m [2m/cutoffs/bob-lbo-recruitment-2026-last-date-extended-apply-/index.html[22m [2m(+18ms)[22m 
[2m16:40:25[22m   [34m├─[39m [2m/cutoffs/uksssc-pa-and-stenographer-recruitment-2026-notifi-2026/index.html[22m [2m(+20ms)[22m 
[2m16:40:25[22m   [34m├─[39m [2m/cutoffs/uksssc-pa-and-stenographer-recruitment-2026-notifi/index.html[22m [2m(+16ms)[22m 
[2m16:40:25[22m   [34m├─[39m [2m/cutoffs/sarkari-jobs-ssc-chsl-2026-application-begins-for--2026/index.html[22m [2m(+407ms)[22m 
[2m16:40:25[22m   [34m├─[39m [2m/cutoffs/sarkari-jobs-ssc-chsl-2026-application-begins-for-/index.html[22m [2m(+41ms)[22m 
[2m16:40:25[22m   [34m├─[39m [2m/cutoffs/gims-staff-nurse-recruitment-2026-notification-out-2026/index.html[22m [2m(+24ms)[22m 
[2m16:40:25[22m   [34m├─[39m [2m/cutoffs/gims-staff-nurse-recruitment-2026-notification-out/index.html[22m [2m(+26ms)[22m 
[2m16:40:25[22m   [34m├─[39m [2m/cutoffs/bpssc-bihar-home-guard-recruitment-2026-for-65-pos-2026/index.html[22m [2m(+49ms)[22m 
[2m16:40:25[22m   [34m├─[39m [2m/cutoffs/bpssc-bihar-home-guard-recruitment-2026-for-65-pos/index.html[22m [2m(+99ms)[22m 
[2m16:40:25[22m   [34m├─[39m [2m/cutoffs/ssc-chsl-notification-2026-out-for-2536-posts-appl-2026/index.html[22m [2m(+110ms)[22m 
[2m16:40:25[22m   [34m├─[39m [2m/cutoffs/ssc-chsl-notification-2026-out-for-2536-posts-appl/index.html[22m [2m(+113ms)[22m 
[2m16:40:25[22m   [34m├─[39m [2m/cutoffs/sbi-sco-recruitment-2026-out-apply-online-starts-f-2026/index.html[22m [2m(+36ms)[22m 
[2m16:40:25[22m   [34m├─[39m [2m/cutoffs/sbi-sco-recruitment-2026-out-apply-online-starts-f/index.html[22m [2m(+39ms)[22m 
[2m16:40:26[22m   [34m├─[39m [2m/cutoffs/ssc-chsl-2026-notification-released-for-2536-posts-2026/index.html[22m [2m(+20ms)[22m 
[2m16:40:26[22m   [34m├─[39m [2m/cutoffs/ssc-chsl-2026-notification-released-for-2536-posts/index.html[22m [2m(+194ms)[22m 
[2m16:40:26[22m   [34m├─[39m [2m/cutoffs/tnpsc-cts-recruitment-2026-apply-online-for-170-in-2026/index.html[22m [2m(+94ms)[22m 
[2m16:40:26[22m   [34m├─[39m [2m/cutoffs/tnpsc-cts-recruitment-2026-apply-online-for-170-in/index.html[22m [2m(+29ms)[22m 
[2m16:40:26[22m   [34m├─[39m [2m/cutoffs/upcisb-exam-date-2026-out-for-je-clerk-and-other-p-2026/index.html[22m [2m(+64ms)[22m 
[2m16:40:26[22m   [34m├─[39m [2m/cutoffs/upcisb-exam-date-2026-out-for-je-clerk-and-other-p/index.html[22m [2m(+13ms)[22m 
[2m16:40:26[22m   [34m├─[39m [2m/cutoffs/kfd-forest-watcher-recruitment-2026-apply-online-f-2026/index.html[22m [2m(+24ms)[22m 
[2m16:40:26[22m   [34m├─[39m [2m/cutoffs/kfd-forest-watcher-recruitment-2026-apply-online-f/index.html[22m [2m(+99ms)[22m 
[2m16:40:26[22m   [34m├─[39m [2m/cutoffs/kea-principal-recruitment-2026-apply-online-begins-2026/index.html[22m [2m(+93ms)[22m 
[2m16:40:26[22m   [34m├─[39m [2m/cutoffs/kea-principal-recruitment-2026-apply-online-begins/index.html[22m [2m(+54ms)[22m 
[2m16:40:26[22m   [34m├─[39m [2m/cutoffs/uicc-ao-notification-2026-released-for-225-adminis-2026/index.html[22m [2m(+18ms)[22m 
[2m16:40:26[22m   [34m├─[39m [2m/cutoffs/uicc-ao-notification-2026-released-for-225-adminis/index.html[22m [2m(+50ms)[22m 
[2m16:40:26[22m   [34m├─[39m [2m/cutoffs/government-jobs-2026-ibps-railway-vacancies-open-2026/index.html[22m [2m(+99ms)[22m 
[2m16:40:26[22m   [34m├─[39m [2m/cutoffs/government-jobs-2026-ibps-railway-vacancies-open/index.html[22m [2m(+13ms)[22m 
[2m16:40:26[22m   [34m├─[39m [2m/cutoffs/uiic-ao-recruitment-2026-notification-out-apply-on-2026/index.html[22m [2m(+136ms)[22m 
[2m16:40:27[22m   [34m├─[39m [2m/cutoffs/uiic-ao-recruitment-2026-notification-out-apply-on/index.html[22m [2m(+33ms)[22m 
[2m16:40:27[22m   [34m├─[39m [2m/cutoffs/psssb-clerk-recruitment-2026-apply-online-closing--2026/index.html[22m [2m(+34ms)[22m 
[2m16:40:27[22m   [34m├─[39m [2m/cutoffs/psssb-clerk-recruitment-2026-apply-online-closing-/index.html[22m [2m(+83ms)[22m 
[2m16:40:27[22m   [34m├─[39m [2m/cutoffs/upsc-combined-geo-scientist-recruitment-2026-27-ou-2026/index.html[22m [2m(+17ms)[22m 
[2m16:40:27[22m   [34m├─[39m [2m/cutoffs/upsc-combined-geo-scientist-recruitment-2026-27-ou/index.html[22m [2m(+151ms)[22m 
[2m16:40:27[22m   [34m├─[39m [2m/cutoffs/aai-recruitment-2026-application-closes-tomorrow-f-2026/index.html[22m [2m(+17ms)[22m 
[2m16:40:27[22m   [34m├─[39m [2m/cutoffs/aai-recruitment-2026-application-closes-tomorrow-f/index.html[22m [2m(+46ms)[22m 
[2m16:40:27[22m   [34m├─[39m [2m/cutoffs/neepco-recruitment-2027-out-apply-online-check-vac-2026/index.html[22m [2m(+33ms)[22m 
[2m16:40:27[22m   [34m├─[39m [2m/cutoffs/neepco-recruitment-2027-out-apply-online-check-vac/index.html[22m [2m(+70ms)[22m 
[2m16:40:27[22m   [34m├─[39m [2m/cutoffs/sbi-so-wealth-management-recruitment-2026-notifica-2026/index.html[22m [2m(+19ms)[22m 
[2m16:40:27[22m   [34m├─[39m [2m/cutoffs/sbi-so-wealth-management-recruitment-2026-notifica/index.html[22m [2m(+30ms)[22m 
[2m16:40:27[22m   [34m├─[39m [2m/cutoffs/delhi-high-court-senior-personal-assistant-persona-2026/index.html[22m [2m(+14ms)[22m 
[2m16:40:27[22m   [34m├─[39m [2m/cutoffs/delhi-high-court-senior-personal-assistant-persona/index.html[22m [2m(+13ms)[22m 
[2m16:40:27[22m   [34m├─[39m [2m/cutoffs/rfcl-recruitment-2026-applications-open-for-assist-2026/index.html[22m [2m(+9ms)[22m 
[2m16:40:27[22m   [34m├─[39m [2m/cutoffs/rfcl-recruitment-2026-applications-open-for-assist/index.html[22m [2m(+15ms)[22m 
[2m16:40:27[22m   [34m├─[39m [2m/cutoffs/nspcl-eet-recruitment-2026-apply-online-for-engine-2026/index.html[22m [2m(+22ms)[22m 
[2m16:40:27[22m   [34m├─[39m [2m/cutoffs/nspcl-eet-recruitment-2026-apply-online-for-engine/index.html[22m [2m(+20ms)[22m 
[2m16:40:27[22m   [34m├─[39m [2m/cutoffs/odisha-teacher-recruitment-2026-cm-majhi-announces-2026/index.html[22m [2m(+20ms)[22m 
[2m16:40:27[22m   [34m├─[39m [2m/cutoffs/odisha-teacher-recruitment-2026-cm-majhi-announces/index.html[22m [2m(+32ms)[22m 
[2m16:40:27[22m   [34m├─[39m [2m/cutoffs/bgssl-recruitment-2026-apply-online-for-2424-appre-2026/index.html[22m [2m(+306ms)[22m 
[2m16:40:27[22m   [34m├─[39m [2m/cutoffs/bgssl-recruitment-2026-apply-online-for-2424-appre/index.html[22m [2m(+17ms)[22m 
[2m16:40:28[22m   [34m├─[39m [2m/cutoffs/bpcl-exam-date-2026-out-154-technician-operator-po-2026/index.html[22m [2m(+23ms)[22m 
[2m16:40:28[22m   [34m├─[39m [2m/cutoffs/bpcl-exam-date-2026-out-154-technician-operator-po/index.html[22m [2m(+26ms)[22m 
[2m16:40:28[22m   [34m├─[39m [2m/cutoffs/delhi-high-court-recruitment-2026-notification-out-2026/index.html[22m [2m(+27ms)[22m 
[2m16:40:28[22m   [34m├─[39m [2m/cutoffs/delhi-high-court-recruitment-2026-notification-out/index.html[22m [2m(+397ms)[22m 
[2m16:40:28[22m   [34m├─[39m [2m/cutoffs/upsc-epfo-apfc-apply-online-2026-started-check-app-2026/index.html[22m [2m(+9ms)[22m 
[2m16:40:28[22m   [34m├─[39m [2m/cutoffs/upsc-epfo-apfc-apply-online-2026-started-check-app/index.html[22m [2m(+16ms)[22m 
[2m16:40:28[22m   [34m├─[39m [2m/cutoffs/ncl-driver-bharti-2026-total-form-kitne-bhare-1-la-2026/index.html[22m [2m(+32ms)[22m 
[2m16:40:28[22m   [34m├─[39m [2m/cutoffs/ncl-driver-bharti-2026-total-form-kitne-bhare-1-la/index.html[22m [2m(+10ms)[22m 
[2m16:40:28[22m   [34m├─[39m [2m/cutoffs/bgssl-recruitment-2026-notification-out-apply-onli-2026/index.html[22m [2m(+16ms)[22m 
[2m16:40:28[22m   [34m├─[39m [2m/cutoffs/bgssl-recruitment-2026-notification-out-apply-onli/index.html[22m [2m(+39ms)[22m 
[2m16:40:28[22m   [34m├─[39m [2m/cutoffs/ibps-clerk-2026-application-correction-window-star-2026/index.html[22m [2m(+33ms)[22m 
[2m16:40:28[22m   [34m├─[39m [2m/cutoffs/ibps-clerk-2026-application-correction-window-star/index.html[22m [2m(+22ms)[22m 
[2m16:40:28[22m   [34m├─[39m [2m/cutoffs/bihar-librarian-bharti-2026-5800-vacancies-out-app-2026/index.html[22m [2m(+218ms)[22m 
[2m16:40:28[22m   [34m├─[39m [2m/cutoffs/bihar-librarian-bharti-2026-5800-vacancies-out-app/index.html[22m [2m(+23ms)[22m 
[2m16:40:28[22m   [34m├─[39m [2m/cutoffs/pmbi-recruitment-2026-notification-out-apply-for-1-2026/index.html[22m [2m(+23ms)[22m 
[2m16:40:28[22m   [34m├─[39m [2m/cutoffs/pmbi-recruitment-2026-notification-out-apply-for-1/index.html[22m [2m(+20ms)[22m 
[2m16:40:28[22m   [34m├─[39m [2m/cutoffs/bob-so-recruitment-2026-notification-released-for--2026/index.html[22m [2m(+180ms)[22m 
[2m16:40:29[22m   [34m├─[39m [2m/cutoffs/bob-so-recruitment-2026-notification-released-for-/index.html[22m [2m(+20ms)[22m 
[2m16:40:29[22m   [34m├─[39m [2m/cutoffs/rrb-ntpc-vacancy-2026-out-railway-board-approves-5-2026/index.html[22m [2m(+26ms)[22m 
[2m16:40:29[22m   [34m├─[39m [2m/cutoffs/rrb-ntpc-vacancy-2026-out-railway-board-approves-5/index.html[22m [2m(+135ms)[22m 
[2m16:40:29[22m   [34m├─[39m [2m/cutoffs/kolkata-police-si-recruitment-2023-vacancy-revised-2026/index.html[22m [2m(+180ms)[22m 
[2m16:40:29[22m   [34m├─[39m [2m/cutoffs/kolkata-police-si-recruitment-2023-vacancy-revised/index.html[22m [2m(+12ms)[22m 
[2m16:40:29[22m   [34m├─[39m [2m/cutoffs/bank-of-baroda-so-recruitment-2026-1100-vacancies--2026/index.html[22m [2m(+15ms)[22m 
[2m16:40:29[22m   [34m├─[39m [2m/cutoffs/bank-of-baroda-so-recruitment-2026-1100-vacancies-/index.html[22m [2m(+19ms)[22m 
[2m16:40:29[22m   [34m├─[39m [2m/cutoffs/rcfl-apprentice-recruitment-2026-notification-out--2026/index.html[22m [2m(+93ms)[22m 
[2m16:40:29[22m   [34m├─[39m [2m/cutoffs/rcfl-apprentice-recruitment-2026-notification-out-/index.html[22m [2m(+74ms)[22m 
[2m16:40:29[22m   [34m├─[39m [2m/cutoffs/psssb-group-d-recruitment-2026-apply-online-last-d-2026/index.html[22m [2m(+16ms)[22m 
[2m16:40:29[22m   [34m├─[39m [2m/cutoffs/psssb-group-d-recruitment-2026-apply-online-last-d/index.html[22m [2m(+127ms)[22m 
[2m16:40:29[22m   [34m├─[39m [2m/cutoffs/appsc-cre-recruitment-2026-notification-our-for-15-2026/index.html[22m [2m(+42ms)[22m 
[2m16:40:29[22m   [34m├─[39m [2m/cutoffs/appsc-cre-recruitment-2026-notification-our-for-15/index.html[22m [2m(+40ms)[22m 
[2m16:40:29[22m   [34m├─[39m [2m/cutoffs/mecl-non-executive-recruitment-2026-notification-o-2026/index.html[22m [2m(+31ms)[22m 
[2m16:40:29[22m   [34m├─[39m [2m/cutoffs/mecl-non-executive-recruitment-2026-notification-o/index.html[22m [2m(+50ms)[22m 
[2m16:40:30[22m   [34m├─[39m [2m/cutoffs/upsc-combined-geo-scientist-recruitment-2027-notif-2026/index.html[22m [2m(+85ms)[22m 
[2m16:40:30[22m   [34m├─[39m [2m/cutoffs/upsc-combined-geo-scientist-recruitment-2027-notif/index.html[22m [2m(+46ms)[22m 
[2m16:40:30[22m   [34m├─[39m [2m/cutoffs/up-government-job-alert-2026-70000-upcoming-vacanc-2026/index.html[22m [2m(+18ms)[22m 
[2m16:40:30[22m   [34m├─[39m [2m/cutoffs/up-government-job-alert-2026-70000-upcoming-vacanc/index.html[22m [2m(+50ms)[22m 
[2m16:40:30[22m   [34m├─[39m [2m/cutoffs/pfrda-grade-a-notification-2026-out-for-30-posts-a-2026/index.html[22m [2m(+83ms)[22m 
[2m16:40:30[22m   [34m├─[39m [2m/cutoffs/pfrda-grade-a-notification-2026-out-for-30-posts-a/index.html[22m [2m(+102ms)[22m 
[2m16:40:30[22m   [34m├─[39m [2m/cutoffs/ssc-je-recruitment-2026-notification-out-apply-onl-2026/index.html[22m [2m(+52ms)[22m 
[2m16:40:30[22m   [34m├─[39m [2m/cutoffs/ssc-je-recruitment-2026-notification-out-apply-onl/index.html[22m [2m(+45ms)[22m 
[2m16:40:30[22m   [34m├─[39m [2m/cutoffs/iocl-recruitment-2026-apply-online-ends-today-for--2026/index.html[22m [2m(+69ms)[22m 
[2m16:40:30[22m   [34m├─[39m [2m/cutoffs/iocl-recruitment-2026-apply-online-ends-today-for-/index.html[22m [2m(+69ms)[22m 
[2m16:40:30[22m   [34m├─[39m [2m/cutoffs/iocl-recruitment-2026-apply-online-last-date-for-4-2026/index.html[22m [2m(+217ms)[22m 
[2m16:40:30[22m   [34m├─[39m [2m/cutoffs/iocl-recruitment-2026-apply-online-last-date-for-4/index.html[22m [2m(+169ms)[22m 
[2m16:40:31[22m   [34m├─[39m [2m/cutoffs/ssc-je-recruitment-2026-notification-released-for--2026/index.html[22m [2m(+52ms)[22m 
[2m16:40:31[22m   [34m├─[39m [2m/cutoffs/ssc-je-recruitment-2026-notification-released-for-/index.html[22m [2m(+44ms)[22m 
[2m16:40:31[22m   [34m├─[39m [2m/cutoffs/bpsc-tre-40-application-likely-from-september-21-f-2026/index.html[22m [2m(+25ms)[22m 
[2m16:40:31[22m   [34m├─[39m [2m/cutoffs/bpsc-tre-40-application-likely-from-september-21-f/index.html[22m [2m(+16ms)[22m 
[2m16:40:31[22m   [34m├─[39m [2m/cutoffs/mp-police-si-recruitment-2026-notification-out-for-2026/index.html[22m [2m(+299ms)[22m 
[2m16:40:31[22m   [34m├─[39m [2m/cutoffs/mp-police-si-recruitment-2026-notification-out-for/index.html[22m [2m(+33ms)[22m 
[2m16:40:31[22m   [34m├─[39m [2m/cutoffs/mp-police-si-recruitment-2026-notification-out-app-2026/index.html[22m [2m(+33ms)[22m 
[2m16:40:31[22m   [34m├─[39m [2m/cutoffs/mp-police-si-recruitment-2026-notification-out-app/index.html[22m [2m(+16ms)[22m 
[2m16:40:31[22m   [34m├─[39m [2m/cutoffs/iocl-recruitment-2026-last-date-tomorrow-apply-for-2026/index.html[22m [2m(+35ms)[22m 
[2m16:40:31[22m   [34m├─[39m [2m/cutoffs/iocl-recruitment-2026-last-date-tomorrow-apply-for/index.html[22m [2m(+28ms)[22m 
[2m16:40:31[22m   [34m├─[39m [2m/cutoffs/post-office-recruitment-2026-notification-applicat-2026/index.html[22m [2m(+117ms)[22m 
[2m16:40:31[22m   [34m├─[39m [2m/cutoffs/post-office-recruitment-2026-notification-applicat/index.html[22m [2m(+53ms)[22m 
[2m16:40:31[22m   [34m├─[39m [2m/cutoffs/jkssb-class-iv-recruitment-2026-notification-out-f-2026/index.html[22m [2m(+133ms)[22m 
[2m16:40:31[22m   [34m├─[39m [2m/cutoffs/jkssb-class-iv-recruitment-2026-notification-out-f/index.html[22m [2m(+69ms)[22m 
[2m16:40:31[22m   [34m├─[39m [2m/cutoffs/bihar-librarian-vacancy-2026-application-starts-fr-2026/index.html[22m [2m(+56ms)[22m 
[2m16:40:32[22m   [34m├─[39m [2m/cutoffs/bihar-librarian-vacancy-2026-application-starts-fr/index.html[22m [2m(+40ms)[22m 
[2m16:40:32[22m   [34m├─[39m [2m/cutoffs/bpsc-tre-40-recruitment-2026-apply-online-begins-f-2026/index.html[22m [2m(+25ms)[22m 
[2m16:40:32[22m   [34m├─[39m [2m/cutoffs/bpsc-tre-40-recruitment-2026-apply-online-begins-f/index.html[22m [2m(+26ms)[22m 
[2m16:40:32[22m   [34m├─[39m [2m/cutoffs/bpsc-tre-4-notification-and-apply-online-dates-202-2026/index.html[22m [2m(+84ms)[22m 
[2m16:40:32[22m   [34m├─[39m [2m/cutoffs/bpsc-tre-4-notification-and-apply-online-dates-202/index.html[22m [2m(+262ms)[22m 
[2m16:40:32[22m   [34m├─[39m [2m/cutoffs/karnataka-forest-department-recruitment-2026-out-f-2026/index.html[22m [2m(+60ms)[22m 
[2m16:40:32[22m   [34m├─[39m [2m/cutoffs/karnataka-forest-department-recruitment-2026-out-f/index.html[22m [2m(+42ms)[22m 
[2m16:40:32[22m   [34m├─[39m [2m/cutoffs/tnpsc-cts-recruitment-2026-notification-out-for-17-2026/index.html[22m [2m(+53ms)[22m 
[2m16:40:32[22m   [34m├─[39m [2m/cutoffs/tnpsc-cts-recruitment-2026-notification-out-for-17/index.html[22m [2m(+15ms)[22m 
[2m16:40:32[22m   [34m├─[39m [2m/cutoffs/bgssl-recruitment-2026-notification-out-apply-for--2026/index.html[22m [2m(+51ms)[22m 
[2m16:40:32[22m   [34m├─[39m [2m/cutoffs/bgssl-recruitment-2026-notification-out-apply-for-/index.html[22m [31m(+574ms)[39m 
[2m16:40:33[22m   [34m├─[39m [2m/cutoffs/ncl-driver-vacancy-2026-total-form-count-2023-vs-2-2026/index.html[22m [2m(+71ms)[22m 
[2m16:40:33[22m   [34m├─[39m [2m/cutoffs/ncl-driver-vacancy-2026-total-form-count-2023-vs-2/index.html[22m [2m(+28ms)[22m 
[2m16:40:33[22m   [34m├─[39m [2m/cutoffs/uksssc-inter-level-recruitment-2026-notification-o-2026/index.html[22m [2m(+23ms)[22m 
[2m16:40:33[22m   [34m├─[39m [2m/cutoffs/uksssc-inter-level-recruitment-2026-notification-o/index.html[22m [2m(+38ms)[22m 
[2m16:40:33[22m   [34m├─[39m [2m/cutoffs/ibps-rrb-crp-xv-recruitment-2026-notification-out--2026/index.html[22m [2m(+160ms)[22m 
[2m16:40:33[22m   [34m├─[39m [2m/cutoffs/ibps-rrb-crp-xv-recruitment-2026-notification-out-/index.html[22m [2m(+17ms)[22m 
[2m16:40:33[22m   [34m├─[39m [2m/cutoffs/nic-recruitment-2026-notification-out-apply-for-37-2026/index.html[22m [2m(+39ms)[22m 
[2m16:40:33[22m   [34m├─[39m [2m/cutoffs/nic-recruitment-2026-notification-out-apply-for-37/index.html[22m [2m(+175ms)[22m 
[2m16:40:33[22m   [34m├─[39m [2m/cutoffs/iocl-recruitment-2026-out-apply-online-for-470-exe-2026/index.html[22m [2m(+119ms)[22m 
[2m16:40:33[22m   [34m├─[39m [2m/cutoffs/iocl-recruitment-2026-out-apply-online-for-470-exe/index.html[22m [2m(+90ms)[22m 
[2m16:40:34[22m   [34m├─[39m [2m/cutoffs/rvunl-recruitment-2026-apply-online-last-date-toda-2026/index.html[22m [2m(+95ms)[22m 
[2m16:40:34[22m   [34m├─[39m [2m/cutoffs/rvunl-recruitment-2026-apply-online-last-date-toda/index.html[22m [2m(+48ms)[22m 
[2m16:40:34[22m   [34m├─[39m [2m/cutoffs/hudco-recruitment-2026-apply-for-various-manageria-2026/index.html[22m [2m(+122ms)[22m 
[2m16:40:34[22m   [34m├─[39m [2m/cutoffs/hudco-recruitment-2026-apply-for-various-manageria/index.html[22m [2m(+30ms)[22m 
[2m16:40:34[22m   [34m├─[39m [2m/cutoffs/maharashtra-government-approves-recruitment-of-501-2026/index.html[22m [2m(+112ms)[22m 
[2m16:40:34[22m   [34m├─[39m [2m/cutoffs/maharashtra-government-approves-recruitment-of-501/index.html[22m [2m(+40ms)[22m 
[2m16:40:34[22m   [34m├─[39m [2m/cutoffs/southern-railway-apprentice-recruitment-2026-notif-2026/index.html[22m [2m(+132ms)[22m 
[2m16:40:34[22m   [34m├─[39m [2m/cutoffs/southern-railway-apprentice-recruitment-2026-notif/index.html[22m [2m(+146ms)[22m 
[2m16:40:34[22m   [34m├─[39m [2m/cutoffs/india-post-gds-recruitment-2026-apply-online-for-2-2026/index.html[22m [2m(+31ms)[22m 
[2m16:40:34[22m   [34m├─[39m [2m/cutoffs/india-post-gds-recruitment-2026-apply-online-for-2/index.html[22m [2m(+22ms)[22m 
[2m16:40:34[22m   [34m├─[39m [2m/cutoffs/bpsc-tre-40-recruitment-2026-application-process-f-2026/index.html[22m [2m(+214ms)[22m 
[2m16:40:35[22m   [34m├─[39m [2m/cutoffs/bpsc-tre-40-recruitment-2026-application-process-f/index.html[22m [2m(+40ms)[22m 
[2m16:40:35[22m   [34m├─[39m [2m/cutoffs/bihar-tre-4-vacancy-2026-111-more-music-teacher-po-2026/index.html[22m [2m(+56ms)[22m 
[2m16:40:35[22m   [34m├─[39m [2m/cutoffs/bihar-tre-4-vacancy-2026-111-more-music-teacher-po/index.html[22m [2m(+68ms)[22m 
[2m16:40:35[22m   [34m├─[39m [2m/cutoffs/iocl-recruitment-2026-470-executive-posts-apply-on-2026/index.html[22m [2m(+88ms)[22m 
[2m16:40:35[22m   [34m├─[39m [2m/cutoffs/iocl-recruitment-2026-470-executive-posts-apply-on/index.html[22m [2m(+44ms)[22m 
[2m16:40:35[22m   [34m├─[39m [2m/cutoffs/india-post-gds-recruitment-2026-otr-starts-today-f-2026/index.html[22m [2m(+112ms)[22m 
[2m16:40:35[22m   [34m├─[39m [2m/cutoffs/india-post-gds-recruitment-2026-otr-starts-today-f/index.html[22m [2m(+137ms)[22m 
[2m16:40:35[22m   [34m├─[39m [2m/cutoffs/india-post-gds-vacancy-2026-check-state-wise-circl-2026/index.html[22m [2m(+67ms)[22m 
[2m16:40:35[22m   [34m├─[39m [2m/cutoffs/india-post-gds-vacancy-2026-check-state-wise-circl/index.html[22m [2m(+82ms)[22m 
[2m16:40:35[22m   [34m├─[39m [2m/cutoffs/bank-of-india-so-recruitment-2026-notification-out-2026/index.html[22m [2m(+83ms)[22m 
[2m16:40:35[22m   [34m├─[39m [2m/cutoffs/bank-of-india-so-recruitment-2026-notification-out/index.html[22m [2m(+122ms)[22m 
[2m16:40:35[22m   [34m├─[39m [2m/cutoffs/post-office-recruitment-2026-gds-new-vacancy-2026--2026/index.html[22m [2m(+97ms)[22m 
[2m16:40:36[22m   [34m├─[39m [2m/cutoffs/post-office-recruitment-2026-gds-new-vacancy-2026-/index.html[22m [2m(+67ms)[22m 
[2m16:40:36[22m   [34m├─[39m [2m/cutoffs/ibps-rrb-short-notice-2026-out-for-around-12000-va-2026/index.html[22m [2m(+105ms)[22m 
[2m16:40:36[22m   [34m├─[39m [2m/cutoffs/ibps-rrb-short-notice-2026-out-for-around-12000-va/index.html[22m [2m(+134ms)[22m 
[2m16:40:36[22m   [34m├─[39m [2m/cutoffs/haryana-teacher-recruitment-2026-1054-primary-teac-2026/index.html[22m [2m(+58ms)[22m 
[2m16:40:36[22m   [34m├─[39m [2m/cutoffs/haryana-teacher-recruitment-2026-1054-primary-teac/index.html[22m [2m(+117ms)[22m 
[2m16:40:36[22m   [34m├─[39m [2m/cutoffs/sbi-clerk-2026-last-date-to-apply-online-tomorrow--2026/index.html[22m [2m(+189ms)[22m 
[2m16:40:36[22m   [34m├─[39m [2m/cutoffs/sbi-clerk-2026-last-date-to-apply-online-tomorrow-/index.html[22m [2m(+133ms)[22m 
[2m16:40:36[22m   [34m├─[39m [2m/cutoffs/mpesb-sub-engineer-notification-2026-out-apply-onl-2026/index.html[22m [2m(+61ms)[22m 
[2m16:40:36[22m   [34m├─[39m [2m/cutoffs/mpesb-sub-engineer-notification-2026-out-apply-onl/index.html[22m [2m(+38ms)[22m 
[2m16:40:36[22m   [34m├─[39m [2m/cutoffs/mp-sub-engineer-recruitment-2026-notification-out--2026/index.html[22m [2m(+33ms)[22m 
[2m16:40:36[22m   [34m├─[39m [2m/cutoffs/mp-sub-engineer-recruitment-2026-notification-out-/index.html[22m [2m(+158ms)[22m 
[2m16:40:37[22m   [34m├─[39m [2m/cutoffs/indian-overseas-bank-so-recruitment-2026-notificat-2026/index.html[22m [2m(+91ms)[22m 
[2m16:40:37[22m   [34m├─[39m [2m/cutoffs/indian-overseas-bank-so-recruitment-2026-notificat/index.html[22m [2m(+44ms)[22m 
[2m16:40:37[22m   [34m├─[39m [2m/cutoffs/jkssb-recruitment-2026-apply-online-for-357-drafts-2026/index.html[22m [2m(+38ms)[22m 
[2m16:40:37[22m   [34m├─[39m [2m/cutoffs/jkssb-recruitment-2026-apply-online-for-357-drafts/index.html[22m [2m(+138ms)[22m 
[2m16:40:37[22m   [34m├─[39m [2m/cutoffs/bihar-tre-40-111-more-music-teacher-posts-added-af-2026/index.html[22m [2m(+140ms)[22m 
[2m16:40:37[22m   [34m├─[39m [2m/cutoffs/bihar-tre-40-111-more-music-teacher-posts-added-af/index.html[22m [2m(+43ms)[22m 
[2m16:40:37[22m   [34m├─[39m [2m/cutoffs/army-aoc-group-c-recruitment-2026-apply-online-for-2026/index.html[22m [2m(+50ms)[22m 
[2m16:40:37[22m   [34m├─[39m [2m/cutoffs/army-aoc-group-c-recruitment-2026-apply-online-for/index.html[22m [2m(+16ms)[22m 
[2m16:40:37[22m   [34m├─[39m [2m/cutoffs/1338-delhi-teacher-vacancy-2026-sanctioned-check-s-2026/index.html[22m [2m(+18ms)[22m 
[2m16:40:37[22m   [34m├─[39m [2m/cutoffs/1338-delhi-teacher-vacancy-2026-sanctioned-check-s/index.html[22m [2m(+98ms)[22m 
[2m16:40:37[22m   [34m├─[39m [2m/cutoffs/wbpsc-icds-recruitment-2026-notification-out-soon--2026/index.html[22m [2m(+216ms)[22m 
[2m16:40:38[22m   [34m├─[39m [2m/cutoffs/wbpsc-icds-recruitment-2026-notification-out-soon-/index.html[22m [2m(+53ms)[22m 
[2m16:40:38[22m   [34m├─[39m [2m/cutoffs/ibps-so-2026-exam-tomorrow-check-exam-day-guidelin-2026/index.html[22m [2m(+88ms)[22m 
[2m16:40:38[22m   [34m├─[39m [2m/cutoffs/ibps-so-2026-exam-tomorrow-check-exam-day-guidelin/index.html[22m [2m(+26ms)[22m 
[2m16:40:38[22m   [34m├─[39m [2m/cutoffs/osssc-radiographer-recruitment-2026-notification-o-2026/index.html[22m [2m(+58ms)[22m 
[2m16:40:38[22m   [34m├─[39m [2m/cutoffs/osssc-radiographer-recruitment-2026-notification-o/index.html[22m [2m(+22ms)[22m 
[2m16:40:38[22m   [34m├─[39m [2m/cutoffs/ibps-clerk-2026-last-date-to-apply-online-today-at-2026/index.html[22m [2m(+38ms)[22m 
[2m16:40:38[22m   [34m├─[39m [2m/cutoffs/ibps-clerk-2026-last-date-to-apply-online-today-at/index.html[22m [2m(+32ms)[22m 
[2m16:40:38[22m   [34m├─[39m [2m/cutoffs/army-aoc-group-c-recruitment-2026-notification-out-2026/index.html[22m [2m(+68ms)[22m 
[2m16:40:38[22m   [34m├─[39m [2m/cutoffs/army-aoc-group-c-recruitment-2026-notification-out/index.html[22m [2m(+229ms)[22m 
[2m16:40:38[22m   [34m├─[39m [2m/cutoffs/india-post-gds-apply-online-2026-starts-on-31-aug--2026/index.html[22m [2m(+98ms)[22m 
[2m16:40:38[22m   [34m├─[39m [2m/cutoffs/india-post-gds-apply-online-2026-starts-on-31-aug-/index.html[22m [2m(+36ms)[22m 
[2m16:40:38[22m   [34m├─[39m [2m/cutoffs/sbi-clerk-vacancy-2026-check-state-wise-and-catego-2026/index.html[22m [2m(+20ms)[22m 
[2m16:40:38[22m   [34m├─[39m [2m/cutoffs/sbi-clerk-vacancy-2026-check-state-wise-and-catego/index.html[22m [2m(+32ms)[22m 
[2m16:40:38[22m   [34m├─[39m [2m/cutoffs/punjab-lecturer-cadre-recruitment-2026-for-1013-po-2026/index.html[22m [2m(+51ms)[22m 
[2m16:40:38[22m   [34m├─[39m [2m/cutoffs/punjab-lecturer-cadre-recruitment-2026-for-1013-po/index.html[22m [2m(+87ms)[22m 
[2m16:40:38[22m   [34m├─[39m [2m/cutoffs/punjab-pti-teacher-recruitment-2026-apply-online-f-2026/index.html[22m [2m(+151ms)[22m 
[2m16:40:39[22m   [34m├─[39m [2m/cutoffs/punjab-pti-teacher-recruitment-2026-apply-online-f/index.html[22m [2m(+31ms)[22m 
[2m16:40:39[22m   [34m├─[39m [2m/cutoffs/isro-scientist-recruitment-2026-notification-out-a-2026/index.html[22m [2m(+82ms)[22m 
[2m16:40:39[22m   [34m├─[39m [2m/cutoffs/isro-scientist-recruitment-2026-notification-out-a/index.html[22m [2m(+34ms)[22m 
[2m16:40:39[22m   [34m├─[39m [2m/cutoffs/iocl-recruitment-2026-470-executive-posts-eligibil-2026/index.html[22m [2m(+33ms)[22m 
[2m16:40:39[22m   [34m├─[39m [2m/cutoffs/iocl-recruitment-2026-470-executive-posts-eligibil/index.html[22m [2m(+35ms)[22m 
[2m16:40:39[22m   [34m├─[39m [2m/cutoffs/msebhcl-recruitment-2026-notification-out-apply-on-2026/index.html[22m [2m(+129ms)[22m 
[2m16:40:39[22m   [34m├─[39m [2m/cutoffs/msebhcl-recruitment-2026-notification-out-apply-on/index.html[22m [2m(+84ms)[22m 
[2m16:40:39[22m   [34m├─[39m [2m/cutoffs/nfc-recruitment-2026-notification-out-for-432-appr-2026/index.html[22m [2m(+31ms)[22m 
[2m16:40:39[22m   [34m├─[39m [2m/cutoffs/nfc-recruitment-2026-notification-out-for-432-appr/index.html[22m [2m(+20ms)[22m 
[2m16:40:39[22m   [34m├─[39m [2m/cutoffs/sbi-clerk-junior-associate-recruitment-2026-apply--2026/index.html[22m [2m(+69ms)[22m 
[2m16:40:39[22m   [34m├─[39m [2m/cutoffs/sbi-clerk-junior-associate-recruitment-2026-apply-/index.html[22m [2m(+98ms)[22m 
[2m16:40:39[22m   [34m├─[39m [2m/cutoffs/india-post-gds-recruitment-2026-notification-out-f-2026/index.html[22m [2m(+47ms)[22m 
[2m16:40:39[22m   [34m├─[39m [2m/cutoffs/india-post-gds-recruitment-2026-notification-out-f/index.html[22m [2m(+53ms)[22m 
[2m16:40:39[22m   [34m├─[39m [2m/cutoffs/india-post-gds-recruitment-2026-notification-out-a-2026/index.html[22m [2m(+80ms)[22m 
[2m16:40:39[22m   [34m├─[39m [2m/cutoffs/india-post-gds-recruitment-2026-notification-out-a/index.html[22m [2m(+55ms)[22m 
[2m16:40:39[22m   [34m├─[39m [2m/cutoffs/hprca-assistant-staff-nurse-recruitment-2026-vacan-2026/index.html[22m [2m(+67ms)[22m 
[2m16:40:40[22m   [34m├─[39m [2m/cutoffs/hprca-assistant-staff-nurse-recruitment-2026-vacan/index.html[22m [2m(+59ms)[22m 
[2m16:40:40[22m   [34m├─[39m [2m/cutoffs/aoc-recruitment-2026-notification-out-for-2615-pos-2026/index.html[22m [2m(+84ms)[22m 
[2m16:40:40[22m   [34m├─[39m [2m/cutoffs/aoc-recruitment-2026-notification-out-for-2615-pos/index.html[22m [2m(+72ms)[22m 
[2m16:40:40[22m   [34m├─[39m [2m/cutoffs/tnpsc-group-2-recruitment-2026-apply-online-for-82-2026/index.html[22m [2m(+31ms)[22m 
[2m16:40:40[22m   [34m├─[39m [2m/cutoffs/tnpsc-group-2-recruitment-2026-apply-online-for-82/index.html[22m [2m(+29ms)[22m 
[2m16:40:40[22m   [34m├─[39m [2m/cutoffs/upsssc-excise-constable-exam-date-2026-out-check-o-2026/index.html[22m [2m(+68ms)[22m 
[2m16:40:40[22m   [34m├─[39m [2m/cutoffs/upsssc-excise-constable-exam-date-2026-out-check-o/index.html[22m [2m(+55ms)[22m 
[2m16:40:40[22m   [34m├─[39m [2m/cutoffs/hppsc-hpas-recruitment-2026-apply-online-for-bdo-t-2026/index.html[22m [2m(+27ms)[22m 
[2m16:40:40[22m   [34m├─[39m [2m/cutoffs/hppsc-hpas-recruitment-2026-apply-online-for-bdo-t/index.html[22m [2m(+133ms)[22m 
[2m16:40:40[22m   [34m├─[39m [2m/cutoffs/sbc-visakhapatnam-group-c-recruitment-2026-apply-o-2026/index.html[22m [2m(+70ms)[22m 
[2m16:40:40[22m   [34m├─[39m [2m/cutoffs/sbc-visakhapatnam-group-c-recruitment-2026-apply-o/index.html[22m [2m(+77ms)[22m 
[2m16:40:40[22m   [34m├─[39m [2m/cutoffs/dsssb-aso-exam-date-2026-out-check-official-exam-n-2026/index.html[22m [2m(+37ms)[22m 
[2m16:40:40[22m   [34m├─[39m [2m/cutoffs/dsssb-aso-exam-date-2026-out-check-official-exam-n/index.html[22m [2m(+49ms)[22m 
[2m16:40:40[22m   [34m├─[39m [2m/cutoffs/rvunl-je-recruitment-2026-last-date-extended-apply-2026/index.html[22m [2m(+118ms)[22m 
[2m16:40:40[22m   [34m├─[39m [2m/cutoffs/rvunl-je-recruitment-2026-last-date-extended-apply/index.html[22m [2m(+101ms)[22m 
[2m16:40:41[22m   [34m├─[39m [2m/cutoffs/upsc-epfo-apfc-notification-2026-out-for-80-posts--2026/index.html[22m [2m(+64ms)[22m 
[2m16:40:41[22m   [34m├─[39m [2m/cutoffs/upsc-epfo-apfc-notification-2026-out-for-80-posts-/index.html[22m [2m(+14ms)[22m 
[2m16:40:41[22m   [34m├─[39m [2m/cutoffs/dsssb-aso-recruitment-2026-exam-date-out-for-941-p-2026/index.html[22m [2m(+19ms)[22m 
[2m16:40:41[22m   [34m├─[39m [2m/cutoffs/dsssb-aso-recruitment-2026-exam-date-out-for-941-p/index.html[22m [2m(+22ms)[22m 
[2m16:40:41[22m   [34m├─[39m [2m/cutoffs/ada-recruitment-2026-notification-out-for-111-proj-2026/index.html[22m [2m(+93ms)[22m 
[2m16:40:41[22m   [34m├─[39m [2m/cutoffs/ada-recruitment-2026-notification-out-for-111-proj/index.html[22m [2m(+169ms)[22m 
[2m16:40:41[22m   [34m├─[39m [2m/cutoffs/psssb-group-d-recruitment-2026-apply-online-reopen-2026/index.html[22m [2m(+66ms)[22m 
[2m16:40:41[22m   [34m├─[39m [2m/cutoffs/psssb-group-d-recruitment-2026-apply-online-reopen/index.html[22m [2m(+56ms)[22m 
[2m16:40:41[22m   [34m├─[39m [2m/cutoffs/psssb-clerk-recruitment-2026-apply-online-reopens--2026/index.html[22m [2m(+27ms)[22m 
[2m16:40:41[22m   [34m├─[39m [2m/cutoffs/psssb-clerk-recruitment-2026-apply-online-reopens-/index.html[22m [2m(+86ms)[22m 
[2m16:40:41[22m   [34m├─[39m [2m/cutoffs/bpsc-tre-4-notification-2026-out-for-32388-vacanci-2026/index.html[22m [2m(+81ms)[22m 
[2m16:40:41[22m   [34m├─[39m [2m/cutoffs/bpsc-tre-4-notification-2026-out-for-32388-vacanci/index.html[22m [2m(+49ms)[22m 
[2m16:40:41[22m   [34m├─[39m [2m/cutoffs/india-post-gds-recruitment-2026-notification-soon--2026/index.html[22m [2m(+53ms)[22m 
[2m16:40:41[22m   [34m├─[39m [2m/cutoffs/india-post-gds-recruitment-2026-notification-soon-/index.html[22m [2m(+49ms)[22m 
[2m16:40:41[22m   [34m├─[39m [2m/cutoffs/uppsc-food-safety-officer-exam-date-2026-soon-chec-2026/index.html[22m [2m(+58ms)[22m 
[2m16:40:41[22m   [34m├─[39m [2m/cutoffs/uppsc-food-safety-officer-exam-date-2026-soon-chec/index.html[22m [2m(+56ms)[22m 
[2m16:40:42[22m   [34m├─[39m [2m/cutoffs/jal-vibhag-bharti-2026-notification-out-for-80469--2026/index.html[22m [2m(+50ms)[22m 
[2m16:40:42[22m   [34m├─[39m [2m/cutoffs/jal-vibhag-bharti-2026-notification-out-for-80469-/index.html[22m [2m(+117ms)[22m 
[2m16:40:42[22m   [34m├─[39m [2m/cutoffs/sbi-clerk/index.html[22m [2m(+131ms)[22m 
[2m16:40:42[22m   [34m├─[39m [2m/cutoffs/ibps-clerk-16th-2026/index.html[22m [2m(+54ms)[22m 
[2m16:40:42[22m   [34m├─[39m [2m/cutoffs/ibps-clerk-16th/index.html[22m [2m(+29ms)[22m 
[2m16:40:42[22m   [34m├─[39m [2m/cutoffs/rssb-je-2026/index.html[22m [2m(+68ms)[22m 
[2m16:40:42[22m   [34m├─[39m [2m/cutoffs/rssb-je/index.html[22m [2m(+37ms)[22m 
[2m16:40:42[22m   [34m├─[39m [2m/cutoffs/rvunl-2026/index.html[22m [2m(+34ms)[22m 
[2m16:40:42[22m   [34m├─[39m [2m/cutoffs/rvunl/index.html[22m [2m(+84ms)[22m 
[2m16:40:42[22m   [34m├─[39m [2m/cutoffs/upsc-epfo/index.html[22m [2m(+82ms)[22m 
[2m16:40:42[22m   [34m├─[39m [2m/cutoffs/rrb-je-2026/index.html[22m [2m(+120ms)[22m 
[2m16:40:42[22m   [34m├─[39m [2m/cutoffs/rrb-je/index.html[22m [2m(+49ms)[22m 
[2m16:40:42[22m   [34m├─[39m [2m/cutoffs/bpsc-tre-4-2026/index.html[22m [2m(+33ms)[22m 
[2m16:40:42[22m   [34m├─[39m [2m/cutoffs/bpsc-tre-4/index.html[22m [2m(+79ms)[22m 
[2m16:40:43[22m   [34m├─[39m [2m/cutoffs/raj-safai-2026/index.html[22m [2m(+165ms)[22m 
[2m16:40:43[22m   [34m├─[39m [2m/cutoffs/raj-safai/index.html[22m [2m(+115ms)[22m 
[2m16:40:43[22m   [34m├─[39m [2m/cutoffs/upsssc-pet-2026/index.html[22m [2m(+21ms)[22m 
[2m16:40:43[22m   [34m├─[39m [2m/cutoffs/upsssc-pet/index.html[22m [2m(+63ms)[22m 
[2m16:40:43[22m   [34m├─[39m [2m/cutoffs/bob-lbo-2026/index.html[22m [2m(+87ms)[22m 
[2m16:40:43[22m   [34m├─[39m [2m/cutoffs/bob-lbo/index.html[22m [2m(+47ms)[22m 
[2m16:40:43[22m   [34m├─[39m [2m/cutoffs/iocl-executive-2026/index.html[22m [2m(+45ms)[22m 
[2m16:40:43[22m   [34m├─[39m [2m/cutoffs/iocl-executive/index.html[22m [2m(+21ms)[22m 
[2m16:40:43[22m   [34m├─[39m [2m/cutoffs/mpesb-group2-2026/index.html[22m [2m(+32ms)[22m 
[2m16:40:43[22m   [34m├─[39m [2m/cutoffs/mpesb-group2/index.html[22m [2m(+36ms)[22m 
[2m16:40:43[22m   [34m├─[39m [2m/cutoffs/navy-agniveer-2026/index.html[22m [2m(+20ms)[22m 
[2m16:40:43[22m   [34m├─[39m [2m/cutoffs/navy-agniveer/index.html[22m [2m(+95ms)[22m 
[2m16:40:43[22m   [34m├─[39m [2m/cutoffs/rssb-computer-instructor-2026/index.html[22m [2m(+284ms)[22m 
[2m16:40:44[22m   [34m├─[39m [2m/cutoffs/rssb-computer-instructor/index.html[22m [2m(+36ms)[22m 
[2m16:40:44[22m   [34m├─[39m [2m/cutoffs/up-anganwadi-2026/index.html[22m [2m(+50ms)[22m 
[2m16:40:44[22m   [34m├─[39m [2m/cutoffs/up-anganwadi/index.html[22m [2m(+31ms)[22m 
[2m16:40:44[22m   [34m├─[39m [2m/cutoffs/bpsc-tre-4-0-2026/index.html[22m [2m(+22ms)[22m 
[2m16:40:44[22m   [34m├─[39m [2m/cutoffs/bpsc-tre-4-0/index.html[22m [2m(+61ms)[22m 
[2m16:40:44[22m   [34m├─[39m [2m/cutoffs/coal-india-mt-2026/index.html[22m [2m(+69ms)[22m 
[2m16:40:44[22m   [34m├─[39m [2m/cutoffs/coal-india-mt/index.html[22m [2m(+26ms)[22m 
[2m16:40:44[22m   [34m├─[39m [2m/cutoffs/isro-lpsc-2026/index.html[22m [2m(+221ms)[22m 
[2m16:40:44[22m   [34m├─[39m [2m/cutoffs/isro-lpsc/index.html[22m [2m(+62ms)[22m 
[2m16:40:44[22m   [34m├─[39m [2m/cutoffs/raj-safai-karmi-2026/index.html[22m [2m(+64ms)[22m 
[2m16:40:44[22m   [34m├─[39m [2m/cutoffs/raj-safai-karmi/index.html[22m [2m(+22ms)[22m 
[2m16:40:44[22m   [34m├─[39m [2m/cutoffs/upsssc-leo-2026/index.html[22m [2m(+99ms)[22m 
[2m16:40:44[22m   [34m├─[39m [2m/cutoffs/upsssc-leo/index.html[22m [2m(+65ms)[22m 
[2m16:40:44[22m   [34m├─[39m [2m/cutoffs/sbi-po/index.html[22m [2m(+33ms)[22m 
[2m16:40:44[22m   [34m├─[39m [2m/cutoffs/ibps-po-xvii/index.html[22m [2m(+100ms)[22m 
[2m16:40:45[22m   [34m├─[39m [2m/cutoffs/bob-lbo-sep-2026/index.html[22m [2m(+87ms)[22m 
[2m16:40:45[22m   [34m├─[39m [2m/cutoffs/bob-lbo-sep/index.html[22m [2m(+34ms)[22m 
[2m16:40:45[22m   [34m├─[39m [2m/cutoffs/rbi-assistant-2026/index.html[22m [2m(+53ms)[22m 
[2m16:40:45[22m   [34m├─[39m [2m/cutoffs/rbi-assistant/index.html[22m [2m(+24ms)[22m 
[2m16:40:45[22m   [34m├─[39m [2m/cutoffs/nabard-grade-a-2026/index.html[22m [2m(+51ms)[22m 
[2m16:40:45[22m   [34m├─[39m [2m/cutoffs/nabard-grade-a/index.html[22m [2m(+114ms)[22m 
[2m16:40:45[22m   [34m├─[39m [2m/cutoffs/sidbi-grade-a-2026/index.html[22m [2m(+67ms)[22m 
[2m16:40:45[22m   [34m├─[39m [2m/cutoffs/sidbi-grade-a/index.html[22m [2m(+33ms)[22m 
[2m16:40:45[22m   [34m├─[39m [2m/cutoffs/rrb-alp-cen-01-2026/index.html[22m [2m(+53ms)[22m 
[2m16:40:45[22m   [34m├─[39m [2m/cutoffs/rrb-alp-cen-01/index.html[22m [2m(+81ms)[22m 
[2m16:40:45[22m   [34m├─[39m [2m/cutoffs/rrb-technician-2026/index.html[22m [2m(+131ms)[22m 
[2m16:40:45[22m   [34m├─[39m [2m/cutoffs/rrb-technician/index.html[22m [2m(+120ms)[22m 
[2m16:40:45[22m   [34m├─[39m [2m/cutoffs/rrb-ntpc-ug-2026/index.html[22m [2m(+101ms)[22m 
[2m16:40:45[22m   [34m├─[39m [2m/cutoffs/rrb-ntpc-ug/index.html[22m [2m(+65ms)[22m 
[2m16:40:46[22m   [34m├─[39m [2m/cutoffs/indian-railways-apprentices-2026/index.html[22m [2m(+25ms)[22m 
[2m16:40:46[22m   [34m├─[39m [2m/cutoffs/indian-railways-apprentices/index.html[22m [2m(+31ms)[22m 
[2m16:40:46[22m   [34m├─[39m [2m/cutoffs/ssc-cpo-2026/index.html[22m [2m(+268ms)[22m 
[2m16:40:46[22m   [34m├─[39m [2m/cutoffs/ssc-cpo/index.html[22m [2m(+30ms)[22m 
[2m16:40:46[22m   [34m├─[39m [2m/cutoffs/ssc-stenographer-2026/index.html[22m [2m(+22ms)[22m 
[2m16:40:46[22m   [34m├─[39m [2m/cutoffs/ssc-stenographer/index.html[22m [2m(+63ms)[22m 
[2m16:40:46[22m   [34m├─[39m [2m/cutoffs/ssc-gd-constable-2026/index.html[22m [2m(+66ms)[22m 
[2m16:40:46[22m   [34m├─[39m [2m/cutoffs/ssc-gd-constable/index.html[22m [2m(+21ms)[22m 
[2m16:40:46[22m   [34m├─[39m [2m/cutoffs/upsc-civil-services-2026/index.html[22m [2m(+68ms)[22m 
[2m16:40:46[22m   [34m├─[39m [2m/cutoffs/upsc-civil-services/index.html[22m [2m(+39ms)[22m 
[2m16:40:46[22m   [34m├─[39m [2m/cutoffs/upsc-ies-2026/index.html[22m [2m(+70ms)[22m 
[2m16:40:46[22m   [34m├─[39m [2m/cutoffs/upsc-ies/index.html[22m [2m(+108ms)[22m 
[2m16:40:46[22m   [34m├─[39m [2m/cutoffs/delhi-police-constable/index.html[22m [2m(+39ms)[22m 
[2m16:40:46[22m   [34m├─[39m [2m/cutoffs/crpf-asi-hc/index.html[22m [2m(+37ms)[22m 
[2m16:40:46[22m   [34m├─[39m [2m/cutoffs/bsf-head-constable-2026/index.html[22m [2m(+114ms)[22m 
[2m16:40:47[22m   [34m├─[39m [2m/cutoffs/bsf-head-constable/index.html[22m [2m(+209ms)[22m 
[2m16:40:47[22m   [34m├─[39m [2m/cutoffs/army-agniveer-2026/index.html[22m [2m(+72ms)[22m 
[2m16:40:47[22m   [34m├─[39m [2m/cutoffs/army-agniveer/index.html[22m [2m(+33ms)[22m 
[2m16:40:47[22m   [34m├─[39m [2m/cutoffs/iaf-agniveer-vayu-2026/index.html[22m [2m(+89ms)[22m 
[2m16:40:47[22m   [34m├─[39m [2m/cutoffs/iaf-agniveer-vayu/index.html[22m [2m(+31ms)[22m 
[2m16:40:47[22m   [34m├─[39m [2m/cutoffs/navy-ssr-aa-2026/index.html[22m [2m(+26ms)[22m 
[2m16:40:47[22m   [34m├─[39m [2m/cutoffs/navy-ssr-aa/index.html[22m [2m(+196ms)[22m 
[2m16:40:47[22m   [34m├─[39m [2m/cutoffs/raj-police-constable/index.html[22m [2m(+29ms)[22m 
[2m16:40:47[22m   [34m├─[39m [2m/cutoffs/rajasthan-si-2026/index.html[22m [2m(+187ms)[22m 
[2m16:40:47[22m   [34m├─[39m [2m/cutoffs/rajasthan-si/index.html[22m [2m(+39ms)[22m 
[2m16:40:47[22m   [34m├─[39m [2m/cutoffs/reet-level-1-2-2026/index.html[22m [2m(+24ms)[22m 
[2m16:40:47[22m   [34m├─[39m [2m/cutoffs/reet-level-1-2/index.html[22m [2m(+50ms)[22m 
[2m16:40:48[22m   [34m├─[39m [2m/cutoffs/rssb-pharmacist-2026/index.html[22m [2m(+57ms)[22m 
[2m16:40:48[22m   [34m├─[39m [2m/cutoffs/rssb-pharmacist/index.html[22m [2m(+44ms)[22m 
[2m16:40:48[22m   [34m├─[39m [2m/cutoffs/rssb-lab-assistant-2026/index.html[22m [2m(+72ms)[22m 
[2m16:40:48[22m   [34m├─[39m [2m/cutoffs/rssb-lab-assistant/index.html[22m [2m(+68ms)[22m 
[2m16:40:48[22m   [34m├─[39m [2m/cutoffs/up-pcs-2026/index.html[22m [2m(+131ms)[22m 
[2m16:40:48[22m   [34m├─[39m [2m/cutoffs/up-pcs/index.html[22m [2m(+32ms)[22m 
[2m16:40:48[22m   [34m├─[39m [2m/cutoffs/bpsc-73rd-2026/index.html[22m [2m(+37ms)[22m 
[2m16:40:48[22m   [34m├─[39m [2m/cutoffs/bpsc-73rd/index.html[22m [2m(+50ms)[22m 
[2m16:40:48[22m   [34m├─[39m [2m/cutoffs/mpsc-group-b/index.html[22m [2m(+65ms)[22m 
[2m16:40:48[22m   [34m├─[39m [2m/cutoffs/wbpsc-clerk-2026/index.html[22m [2m(+33ms)[22m 
[2m16:40:48[22m   [34m├─[39m [2m/cutoffs/wbpsc-clerk/index.html[22m [2m(+34ms)[22m 
[2m16:40:48[22m   [34m├─[39m [2m/cutoffs/hpsc-hcs-2026/index.html[22m [2m(+61ms)[22m 
[2m16:40:48[22m   [34m├─[39m [2m/cutoffs/hpsc-hcs/index.html[22m [2m(+154ms)[22m 
[2m16:40:48[22m   [34m├─[39m [2m/cutoffs/ongc-aee-2026/index.html[22m [2m(+34ms)[22m 
[2m16:40:48[22m   [34m├─[39m [2m/cutoffs/ongc-aee/index.html[22m [2m(+51ms)[22m 
[2m16:40:48[22m   [34m├─[39m [2m/cutoffs/gail-executive-trainee-2026/index.html[22m [2m(+59ms)[22m 
[2m16:40:49[22m   [34m├─[39m [2m/cutoffs/gail-executive-trainee/index.html[22m [2m(+53ms)[22m 
[2m16:40:49[22m   [34m├─[39m [2m/cutoffs/nlc-india-gt-2026/index.html[22m [2m(+53ms)[22m 
[2m16:40:49[22m   [34m├─[39m [2m/cutoffs/nlc-india-gt/index.html[22m [2m(+43ms)[22m 
[2m16:40:49[22m   [34m├─[39m [2m/cutoffs/bhel-engineer-trainee-2026/index.html[22m [2m(+57ms)[22m 
[2m16:40:49[22m   [34m├─[39m [2m/cutoffs/bhel-engineer-trainee/index.html[22m [2m(+97ms)[22m 
[2m16:40:49[22m   [34m├─[39m [2m/cutoffs/canara-bank-po-2026/index.html[22m [2m(+51ms)[22m 
[2m16:40:49[22m   [34m├─[39m [2m/cutoffs/canara-bank-po/index.html[22m [2m(+70ms)[22m 
[2m16:40:49[22m   [34m├─[39m [2m/cutoffs/pnb-clerk-2026/index.html[22m [2m(+33ms)[22m 
[2m16:40:49[22m   [34m├─[39m [2m/cutoffs/pnb-clerk/index.html[22m [2m(+32ms)[22m 
[2m16:40:49[22m   [34m├─[39m [2m/cutoffs/bank-of-india-po-2026/index.html[22m [2m(+78ms)[22m 
[2m16:40:49[22m   [34m├─[39m [2m/cutoffs/bank-of-india-po/index.html[22m [2m(+52ms)[22m 
[2m16:40:49[22m   [34m├─[39m [2m/cutoffs/union-bank-clerk-2026/index.html[22m [2m(+68ms)[22m 
[2m16:40:49[22m   [34m├─[39m [2m/cutoffs/union-bank-clerk/index.html[22m [2m(+53ms)[22m 
[2m16:40:49[22m   [34m├─[39m [2m/cutoffs/idbi-bank-executive-2026/index.html[22m [2m(+47ms)[22m 
[2m16:40:49[22m   [34m├─[39m [2m/cutoffs/idbi-bank-executive/index.html[22m [2m(+118ms)[22m 
[2m16:40:49[22m   [34m├─[39m [2m/cutoffs/sbi-apprentice-2026/index.html[22m [2m(+96ms)[22m 
[2m16:40:50[22m   [34m├─[39m [2m/cutoffs/sbi-apprentice/index.html[22m [2m(+103ms)[22m 
[2m16:40:50[22m   [34m├─[39m [2m/cutoffs/ibps-rrb-po-2026/index.html[22m [2m(+162ms)[22m 
[2m16:40:50[22m   [34m├─[39m [2m/cutoffs/ibps-rrb-po/index.html[22m [2m(+156ms)[22m 
[2m16:40:50[22m   [34m├─[39m [2m/cutoffs/ibps-rrb-clerk-2026/index.html[22m [2m(+67ms)[22m 
[2m16:40:50[22m   [34m├─[39m [2m/cutoffs/ibps-rrb-clerk/index.html[22m [2m(+47ms)[22m 
[2m16:40:50[22m   [34m├─[39m [2m/cutoffs/rbi-grade-b-2026/index.html[22m [2m(+63ms)[22m 
[2m16:40:50[22m   [34m├─[39m [2m/cutoffs/rbi-grade-b/index.html[22m [2m(+53ms)[22m 
[2m16:40:50[22m   [34m├─[39m [2m/cutoffs/rbi-assistant-online-2026/index.html[22m [2m(+101ms)[22m 
[2m16:40:50[22m   [34m├─[39m [2m/cutoffs/rbi-assistant-online/index.html[22m [2m(+219ms)[22m 
[2m16:40:51[22m   [34m├─[39m [2m/cutoffs/nabard-grade-a-recruitment-2026/index.html[22m [2m(+142ms)[22m 
[2m16:40:51[22m   [34m├─[39m [2m/cutoffs/nabard-grade-a-recruitment/index.html[22m [2m(+31ms)[22m 
[2m16:40:51[22m   [34m├─[39m [2m/cutoffs/sidbi-grade-a-recruitment-2026/index.html[22m [2m(+143ms)[22m 
[2m16:40:51[22m   [34m├─[39m [2m/cutoffs/sidbi-grade-a-recruitment/index.html[22m [2m(+28ms)[22m 
[2m16:40:51[22m   [34m├─[39m [2m/cutoffs/indian-bank-po-2026/index.html[22m [2m(+22ms)[22m 
[2m16:40:51[22m   [34m├─[39m [2m/cutoffs/indian-bank-po/index.html[22m [2m(+41ms)[22m 
[2m16:40:51[22m   [34m├─[39m [2m/cutoffs/uco-bank-clerk-2026/index.html[22m [2m(+36ms)[22m 
[2m16:40:51[22m   [34m├─[39m [2m/cutoffs/uco-bank-clerk/index.html[22m [2m(+202ms)[22m 
[2m16:40:51[22m   [34m├─[39m [2m/cutoffs/central-bank-apprentice-2026/index.html[22m [2m(+135ms)[22m 
[2m16:40:51[22m   [34m├─[39m [2m/cutoffs/central-bank-apprentice/index.html[22m [2m(+33ms)[22m 
[2m16:40:51[22m   [34m├─[39m [2m/cutoffs/ssc-cgl-2026/index.html[22m [2m(+33ms)[22m 
[2m16:40:51[22m   [34m├─[39m [2m/cutoffs/ssc-cgl/index.html[22m [2m(+67ms)[22m 
[2m16:40:51[22m   [34m├─[39m [2m/cutoffs/ssc-chsl-2026/index.html[22m [2m(+30ms)[22m 
[2m16:40:51[22m   [34m├─[39m [2m/cutoffs/ssc-chsl/index.html[22m [2m(+34ms)[22m 
[2m16:40:51[22m   [34m├─[39m [2m/cutoffs/ssc-mts-2026/index.html[22m [2m(+32ms)[22m 
[2m16:40:52[22m   [34m├─[39m [2m/cutoffs/ssc-mts/index.html[22m [2m(+196ms)[22m 
[2m16:40:52[22m   [34m├─[39m [2m/cutoffs/ssc-cpo-recruitment-2026/index.html[22m [2m(+91ms)[22m 
[2m16:40:52[22m   [34m├─[39m [2m/cutoffs/ssc-cpo-recruitment/index.html[22m [2m(+48ms)[22m 
[2m16:40:52[22m   [34m├─[39m [2m/cutoffs/ssc-gd-constable-recruitment-2026/index.html[22m [2m(+22ms)[22m 
[2m16:40:52[22m   [34m├─[39m [2m/cutoffs/ssc-gd-constable-recruitment/index.html[22m [2m(+68ms)[22m 
[2m16:40:52[22m   [34m├─[39m [2m/cutoffs/ssc-stenographer-recruitment-2026/index.html[22m [2m(+33ms)[22m 
[2m16:40:52[22m   [34m├─[39m [2m/cutoffs/ssc-stenographer-recruitment/index.html[22m [2m(+43ms)[22m 
[2m16:40:52[22m   [34m├─[39m [2m/cutoffs/ssc-je-2026/index.html[22m [2m(+21ms)[22m 
[2m16:40:52[22m   [34m├─[39m [2m/cutoffs/ssc-je/index.html[22m [2m(+128ms)[22m 
[2m16:40:52[22m   [34m├─[39m [2m/cutoffs/ssc-selection-post-2026/index.html[22m [2m(+86ms)[22m 
[2m16:40:52[22m   [34m├─[39m [2m/cutoffs/ssc-selection-post/index.html[22m [2m(+73ms)[22m 
[2m16:40:52[22m   [34m├─[39m [2m/cutoffs/upsc-cse/index.html[22m [2m(+59ms)[22m 
[2m16:40:52[22m   [34m├─[39m [2m/cutoffs/upsc-nda/index.html[22m [2m(+120ms)[22m 
[2m16:40:53[22m   [34m├─[39m [2m/cutoffs/upsc-cds/index.html[22m [2m(+49ms)[22m 
[2m16:40:53[22m   [34m├─[39m [2m/cutoffs/upsc-ese/index.html[22m [2m(+45ms)[22m 
[2m16:40:53[22m   [34m├─[39m [2m/cutoffs/upsc-epfo-recruitment-2026/index.html[22m [2m(+40ms)[22m 
[2m16:40:53[22m   [34m├─[39m [2m/cutoffs/upsc-epfo-recruitment/index.html[22m [2m(+26ms)[22m 
[2m16:40:53[22m   [34m├─[39m [2m/cutoffs/upsc-cms-2026/index.html[22m [2m(+71ms)[22m 
[2m16:40:53[22m   [34m├─[39m [2m/cutoffs/upsc-cms/index.html[22m [2m(+84ms)[22m 
[2m16:40:53[22m   [34m├─[39m [2m/cutoffs/upsc-ifs-2026/index.html[22m [2m(+78ms)[22m 
[2m16:40:53[22m   [34m├─[39m [2m/cutoffs/upsc-ifs/index.html[22m [2m(+88ms)[22m 
[2m16:40:53[22m   [34m├─[39m [2m/cutoffs/ugc-net-june-2026/index.html[22m [2m(+49ms)[22m 
[2m16:40:53[22m   [34m├─[39m [2m/cutoffs/ugc-net-june/index.html[22m [2m(+33ms)[22m 
[2m16:40:53[22m   [34m├─[39m [2m/cutoffs/csir-net-june-2026/index.html[22m [2m(+51ms)[22m 
[2m16:40:53[22m   [34m├─[39m [2m/cutoffs/csir-net-june/index.html[22m [2m(+62ms)[22m 
[2m16:40:53[22m   [34m├─[39m [2m/cutoffs/nta-cuet-ug-2026/index.html[22m [2m(+34ms)[22m 
[2m16:40:53[22m   [34m├─[39m [2m/cutoffs/nta-cuet-ug/index.html[22m [2m(+21ms)[22m 
[2m16:40:53[22m   [34m├─[39m [2m/cutoffs/nta-neet-ug/index.html[22m [2m(+43ms)[22m 
[2m16:40:53[22m   [34m├─[39m [2m/cutoffs/ctet-july-2026/index.html[22m [2m(+54ms)[22m 
[2m16:40:53[22m   [34m├─[39m [2m/cutoffs/ctet-july/index.html[22m [2m(+64ms)[22m 
[2m16:40:53[22m   [34m├─[39m [2m/cutoffs/rrb-ntpc-ug-recruitment-2026/index.html[22m [2m(+188ms)[22m 
[2m16:40:54[22m   [34m├─[39m [2m/cutoffs/rrb-ntpc-ug-recruitment/index.html[22m [2m(+45ms)[22m 
[2m16:40:54[22m   [34m├─[39m [2m/cutoffs/rrb-ntpc-graduate-2026/index.html[22m [2m(+43ms)[22m 
[2m16:40:54[22m   [34m├─[39m [2m/cutoffs/rrb-ntpc-graduate/index.html[22m [2m(+29ms)[22m 
[2m16:40:54[22m   [34m├─[39m [2m/cutoffs/rrb-group-d-2026/index.html[22m [2m(+295ms)[22m 
[2m16:40:54[22m   [34m├─[39m [2m/cutoffs/rrb-group-d/index.html[22m [2m(+89ms)[22m 
[2m16:40:54[22m   [34m├─[39m [2m/cutoffs/rrb-je-recruitment-2026/index.html[22m [2m(+48ms)[22m 
[2m16:40:54[22m   [34m├─[39m [2m/cutoffs/rrb-je-recruitment/index.html[22m [2m(+32ms)[22m 
[2m16:40:54[22m   [34m├─[39m [2m/cutoffs/rrb-alp-2026/index.html[22m [2m(+86ms)[22m 
[2m16:40:54[22m   [34m├─[39m [2m/cutoffs/rrb-alp/index.html[22m [2m(+87ms)[22m 
[2m16:40:54[22m   [34m├─[39m [2m/cutoffs/rrb-technician-recruitment-2026/index.html[22m [2m(+92ms)[22m 
[2m16:40:54[22m   [34m├─[39m [2m/cutoffs/rrb-technician-recruitment/index.html[22m [2m(+53ms)[22m 
[2m16:40:55[22m   [34m├─[39m [2m/cutoffs/rrb-apprentice-2026/index.html[22m [2m(+98ms)[22m 
[2m16:40:55[22m   [34m├─[39m [2m/cutoffs/rrb-apprentice/index.html[22m [2m(+63ms)[22m 
[2m16:40:55[22m   [34m├─[39m [2m/cutoffs/rpf-constable-2026/index.html[22m [2m(+32ms)[22m 
[2m16:40:55[22m   [34m├─[39m [2m/cutoffs/rpf-constable/index.html[22m [2m(+23ms)[22m 
[2m16:40:55[22m   [34m├─[39m [2m/cutoffs/rpf-si-2026/index.html[22m [2m(+48ms)[22m 
[2m16:40:55[22m   [34m├─[39m [2m/cutoffs/rpf-si/index.html[22m [2m(+63ms)[22m 
[2m16:40:55[22m   [34m├─[39m [2m/cutoffs/railway-act-apprentice-2026/index.html[22m [2m(+34ms)[22m 
[2m16:40:55[22m   [34m├─[39m [2m/cutoffs/railway-act-apprentice/index.html[22m [2m(+154ms)[22m 
[2m16:40:55[22m   [34m├─[39m [2m/cutoffs/uppsc-pcs-2026/index.html[22m [2m(+198ms)[22m 
[2m16:40:55[22m   [34m├─[39m [2m/cutoffs/uppsc-pcs/index.html[22m [2m(+85ms)[22m 
[2m16:40:55[22m   [34m├─[39m [2m/cutoffs/bpsc-73rd-recruitment-2026/index.html[22m [2m(+96ms)[22m 
[2m16:40:55[22m   [34m├─[39m [2m/cutoffs/bpsc-73rd-recruitment/index.html[22m [2m(+67ms)[22m 
[2m16:40:55[22m   [34m├─[39m [2m/cutoffs/rpsc-ras-2026/index.html[22m [2m(+28ms)[22m 
[2m16:40:55[22m   [34m├─[39m [2m/cutoffs/rpsc-ras/index.html[22m [2m(+224ms)[22m 
[2m16:40:56[22m   [34m├─[39m [2m/cutoffs/mpsc-group-b-recruitment-2026/index.html[22m [2m(+98ms)[22m 
[2m16:40:56[22m   [34m├─[39m [2m/cutoffs/mpsc-group-b-recruitment/index.html[22m [2m(+32ms)[22m 
[2m16:40:56[22m   [34m├─[39m [2m/cutoffs/wbpsc-clerk-recruitment-2026/index.html[22m [2m(+65ms)[22m 
[2m16:40:56[22m   [34m├─[39m [2m/cutoffs/wbpsc-clerk-recruitment/index.html[22m [2m(+38ms)[22m 
[2m16:40:56[22m   [34m├─[39m [2m/cutoffs/army-agniveer-40k-2026/index.html[22m [2m(+18ms)[22m 
[2m16:40:56[22m   [34m├─[39m [2m/cutoffs/army-agniveer-40k/index.html[22m [2m(+15ms)[22m 
[2m16:40:56[22m   [34m├─[39m [2m/cutoffs/navy-agniveer-ssr-2026/index.html[22m [2m(+247ms)[22m 
[2m16:40:56[22m   [34m├─[39m [2m/cutoffs/navy-agniveer-ssr/index.html[22m [2m(+100ms)[22m 
[2m16:40:56[22m   [34m├─[39m [2m/cutoffs/navy-agniveer-mr-2026/index.html[22m [2m(+37ms)[22m 
[2m16:40:56[22m   [34m├─[39m [2m/cutoffs/navy-agniveer-mr/index.html[22m [2m(+42ms)[22m 
[2m16:40:56[22m   [34m├─[39m [2m/cutoffs/iaf-agniveer-vayu-5k-2026/index.html[22m [2m(+38ms)[22m 
[2m16:40:56[22m   [34m├─[39m [2m/cutoffs/iaf-agniveer-vayu-5k/index.html[22m [2m(+63ms)[22m 
[2m16:40:57[22m   [34m├─[39m [2m/cutoffs/bsf-hc-3k-2026/index.html[22m [2m(+118ms)[22m 
[2m16:40:57[22m   [34m├─[39m [2m/cutoffs/bsf-hc-3k/index.html[22m [2m(+61ms)[22m 
[2m16:40:57[22m   [34m├─[39m [2m/cutoffs/crpf-asi-hc-5k-2026/index.html[22m [2m(+82ms)[22m 
[2m16:40:57[22m   [34m├─[39m [2m/cutoffs/crpf-asi-hc-5k/index.html[22m [2m(+40ms)[22m 
[2m16:40:57[22m   [34m├─[39m [2m/cutoffs/cisf-fire-engine-driver-2026/index.html[22m [2m(+44ms)[22m 
[2m16:40:57[22m   [34m├─[39m [2m/cutoffs/cisf-fire-engine-driver/index.html[22m [2m(+100ms)[22m 
[2m16:40:57[22m   [34m├─[39m [2m/cutoffs/itbp-head-constable-2026/index.html[22m [2m(+22ms)[22m 
[2m16:40:57[22m   [34m├─[39m [2m/cutoffs/itbp-head-constable/index.html[22m [2m(+158ms)[22m 
[2m16:40:57[22m   [34m├─[39m [2m/cutoffs/ssb-head-constable-2026/index.html[22m [2m(+24ms)[22m 
[2m16:40:57[22m   [34m├─[39m [2m/cutoffs/ssb-head-constable/index.html[22m [2m(+15ms)[22m 
[2m16:40:57[22m   [34m├─[39m [2m/cutoffs/delhi-police-constable-7k-2026/index.html[22m [2m(+85ms)[22m 
[2m16:40:57[22m   [34m├─[39m [2m/cutoffs/delhi-police-constable-7k/index.html[22m [2m(+45ms)[22m 
[2m16:40:57[22m   [34m├─[39m [2m/cutoffs/delhi-police-hc-ministerial-2026/index.html[22m [2m(+73ms)[22m 
[2m16:40:57[22m   [34m├─[39m [2m/cutoffs/delhi-police-hc-ministerial/index.html[22m [2m(+142ms)[22m 
[2m16:40:58[22m   [34m├─[39m [2m/cutoffs/icg-navik-gd-2026/index.html[22m [2m(+63ms)[22m 
[2m16:40:58[22m   [34m├─[39m [2m/cutoffs/icg-navik-gd/index.html[22m [2m(+23ms)[22m 
[2m16:40:58[22m   [34m├─[39m [2m/cutoffs/icg-yantrik-2026/index.html[22m [2m(+49ms)[22m 
[2m16:40:58[22m   [34m├─[39m [2m/cutoffs/icg-yantrik/index.html[22m [2m(+21ms)[22m 
[2m16:40:58[22m   [34m├─[39m [2m/cutoffs/nia-si-2026/index.html[22m [2m(+27ms)[22m 
[2m16:40:58[22m   [34m├─[39m [2m/cutoffs/nia-si/index.html[22m [2m(+390ms)[22m 
[2m16:40:58[22m   [34m├─[39m [2m/cutoffs/ed-inspector-2026/index.html[22m [2m(+46ms)[22m 
[2m16:40:58[22m   [34m├─[39m [2m/cutoffs/ed-inspector/index.html[22m [2m(+71ms)[22m 
[2m16:40:58[22m   [34m├─[39m [2m/cutoffs/ongc-aee-500-2026/index.html[22m [2m(+38ms)[22m 
[2m16:40:58[22m   [34m├─[39m [2m/cutoffs/ongc-aee-500/index.html[22m [2m(+20ms)[22m 
[2m16:40:58[22m   [34m├─[39m [2m/cutoffs/iocl-apprentice-2026/index.html[22m [2m(+85ms)[22m 
[2m16:40:58[22m   [34m├─[39m [2m/cutoffs/iocl-apprentice/index.html[22m [2m(+62ms)[22m 
[2m16:40:58[22m   [34m├─[39m [2m/cutoffs/gail-et-200-2026/index.html[22m [2m(+33ms)[22m 
[2m16:40:58[22m   [34m├─[39m [2m/cutoffs/gail-et-200/index.html[22m [2m(+153ms)[22m 
[2m16:40:59[22m   [34m├─[39m [2m/cutoffs/nlc-gt-300-2026/index.html[22m [2m(+112ms)[22m 
[2m16:40:59[22m   [34m├─[39m [2m/cutoffs/nlc-gt-300/index.html[22m [2m(+36ms)[22m 
[2m16:40:59[22m   [34m├─[39m [2m/cutoffs/cil-mt-1k-2026/index.html[22m [2m(+17ms)[22m 
[2m16:40:59[22m   [34m├─[39m [2m/cutoffs/cil-mt-1k/index.html[22m [2m(+28ms)[22m 
[2m16:40:59[22m   [34m├─[39m [2m/cutoffs/bel-engineer-trainee-2026/index.html[22m [2m(+77ms)[22m 
[2m16:40:59[22m   [34m├─[39m [2m/cutoffs/bel-engineer-trainee/index.html[22m [2m(+224ms)[22m 
[2m16:40:59[22m   [34m├─[39m [2m/cutoffs/hal-engineer-trainee-2026/index.html[22m [2m(+36ms)[22m 
[2m16:40:59[22m   [34m├─[39m [2m/cutoffs/hal-engineer-trainee/index.html[22m [2m(+79ms)[22m 
[2m16:40:59[22m   [34m├─[39m [2m/cutoffs/bhel-et-350-2026/index.html[22m [2m(+64ms)[22m 
[2m16:40:59[22m   [34m├─[39m [2m/cutoffs/bhel-et-350/index.html[22m [2m(+55ms)[22m 
[2m16:40:59[22m   [34m├─[39m [2m/cutoffs/sail-mt-2026/index.html[22m [2m(+87ms)[22m 
[2m16:40:59[22m   [34m├─[39m [2m/cutoffs/sail-mt/index.html[22m [2m(+43ms)[22m 
[2m16:40:59[22m   [34m├─[39m [2m/cutoffs/nmdc-mt-2026/index.html[22m [2m(+117ms)[22m 
[2m16:41:00[22m   [34m├─[39m [2m/cutoffs/nmdc-mt/index.html[22m [2m(+139ms)[22m 
[2m16:41:00[22m   [34m├─[39m [2m/cutoffs/hpcl-engineer-2026/index.html[22m [2m(+23ms)[22m 
[2m16:41:00[22m   [34m├─[39m [2m/cutoffs/hpcl-engineer/index.html[22m [2m(+16ms)[22m 
[2m16:41:00[22m   [34m├─[39m [2m/cutoffs/bpcl-mt-2026/index.html[22m [2m(+49ms)[22m 
[2m16:41:00[22m   [34m├─[39m [2m/cutoffs/bpcl-mt/index.html[22m [2m(+52ms)[22m 
[2m16:41:00[22m   [34m├─[39m [2m/cutoffs/ecl-mt-2026/index.html[22m [2m(+153ms)[22m 
[2m16:41:00[22m   [34m├─[39m [2m/cutoffs/ecl-mt/index.html[22m [2m(+118ms)[22m 
[2m16:41:00[22m   [34m├─[39m [2m/cutoffs/secl-mt-2026/index.html[22m [2m(+82ms)[22m 
[2m16:41:00[22m   [34m├─[39m [2m/cutoffs/secl-mt/index.html[22m [2m(+110ms)[22m 
[2m16:41:00[22m   [34m├─[39m [2m/cutoffs/northern-coalfields-mt-2026/index.html[22m [2m(+68ms)[22m 
[2m16:41:00[22m   [34m├─[39m [2m/cutoffs/northern-coalfields-mt/index.html[22m [2m(+34ms)[22m 
[2m16:41:00[22m   [34m├─[39m [2m/cutoffs/upsssc-pet-sep-2026/index.html[22m [2m(+34ms)[22m 
[2m16:41:00[22m   [34m├─[39m [2m/cutoffs/upsssc-pet-sep/index.html[22m [2m(+76ms)[22m 
[2m16:41:01[22m   [34m├─[39m [2m/cutoffs/up-anganwadi-nov-2026/index.html[22m [2m(+90ms)[22m 
[2m16:41:01[22m   [34m├─[39m [2m/cutoffs/up-anganwadi-nov/index.html[22m [2m(+137ms)[22m 
[2m16:41:01[22m   [34m├─[39m [2m/cutoffs/up-lekhpal-2026/index.html[22m [2m(+49ms)[22m 
[2m16:41:01[22m   [34m├─[39m [2m/cutoffs/up-lekhpal/index.html[22m [2m(+90ms)[22m 
[2m16:41:01[22m   [34m├─[39m [2m/cutoffs/up-police-constable-2026/index.html[22m [2m(+30ms)[22m 
[2m16:41:01[22m   [34m├─[39m [2m/cutoffs/up-police-constable/index.html[22m [2m(+24ms)[22m 
[2m16:41:01[22m   [34m├─[39m [2m/cutoffs/up-police-si-2026/index.html[22m [2m(+52ms)[22m 
[2m16:41:01[22m   [34m├─[39m [2m/cutoffs/up-police-si/index.html[22m [2m(+70ms)[22m 
[2m16:41:01[22m   [34m├─[39m [2m/cutoffs/bihar-police-constable-2026/index.html[22m [2m(+87ms)[22m 
[2m16:41:01[22m   [34m├─[39m [2m/cutoffs/bihar-police-constable/index.html[22m [2m(+58ms)[22m 
[2m16:41:01[22m   [34m├─[39m [2m/cutoffs/bihar-police-si-2026/index.html[22m [2m(+49ms)[22m 
[2m16:41:01[22m   [34m├─[39m [2m/cutoffs/bihar-police-si/index.html[22m [2m(+46ms)[22m 
[2m16:41:01[22m   [34m├─[39m [2m/cutoffs/raj-police-constable-15k-2026/index.html[22m [2m(+19ms)[22m 
[2m16:41:01[22m   [34m├─[39m [2m/cutoffs/raj-police-constable-15k/index.html[22m [2m(+51ms)[22m 
[2m16:41:01[22m   [34m├─[39m [2m/cutoffs/raj-si-2k-2026/index.html[22m [2m(+34ms)[22m 
[2m16:41:01[22m   [34m├─[39m [2m/cutoffs/raj-si-2k/index.html[22m [2m(+167ms)[22m 
[2m16:41:02[22m   [34m├─[39m [2m/cutoffs/raj-patwari-2026/index.html[22m [2m(+30ms)[22m 
[2m16:41:02[22m   [34m├─[39m [2m/cutoffs/raj-patwari/index.html[22m [2m(+37ms)[22m 
[2m16:41:02[22m   [34m├─[39m [2m/cutoffs/reet-exam-2026/index.html[22m [2m(+87ms)[22m 
[2m16:41:02[22m   [34m├─[39m [2m/cutoffs/reet-exam/index.html[22m [2m(+45ms)[22m 
[2m16:41:02[22m   [34m├─[39m [2m/cutoffs/rssb-pharmacist-2k-2026/index.html[22m [2m(+31ms)[22m 
[2m16:41:02[22m   [34m├─[39m [2m/cutoffs/rssb-pharmacist-2k/index.html[22m [2m(+62ms)[22m 
[2m16:41:02[22m   [34m├─[39m [2m/cutoffs/rssb-lab-assistant-1k-2026/index.html[22m [2m(+111ms)[22m 
[2m16:41:02[22m   [34m├─[39m [2m/cutoffs/rssb-lab-assistant-1k/index.html[22m [2m(+78ms)[22m 
[2m16:41:02[22m   [34m├─[39m [2m/cutoffs/rssb-computer-instructor-500-2026/index.html[22m [2m(+98ms)[22m 
[2m16:41:02[22m   [34m├─[39m [2m/cutoffs/rssb-computer-instructor-500/index.html[22m [2m(+15ms)[22m 
[2m16:41:02[22m   [34m├─[39m [2m/cutoffs/mp-police-constable-2026/index.html[22m [2m(+138ms)[22m 
[2m16:41:02[22m   [34m├─[39m [2m/cutoffs/mp-police-constable/index.html[22m [2m(+101ms)[22m 
[2m16:41:02[22m   [34m├─[39m [2m/cutoffs/mp-police-si-2026/index.html[22m [2m(+58ms)[22m 
[2m16:41:03[22m   [34m├─[39m [2m/cutoffs/mp-police-si/index.html[22m [2m(+28ms)[22m 
[2m16:41:03[22m   [34m├─[39m [2m/cutoffs/mp-patwari-2026/index.html[22m [2m(+32ms)[22m 
[2m16:41:03[22m   [34m├─[39m [2m/cutoffs/mp-patwari/index.html[22m [2m(+85ms)[22m 
[2m16:41:03[22m   [34m├─[39m [2m/cutoffs/delhi-hc-judicial-2026/index.html[22m [2m(+69ms)[22m 
[2m16:41:03[22m   [34m├─[39m [2m/cutoffs/delhi-hc-judicial/index.html[22m [2m(+34ms)[22m 
[2m16:41:03[22m   [34m├─[39m [2m/cutoffs/dsssb-tgt-pgt-2026/index.html[22m [2m(+26ms)[22m 
[2m16:41:03[22m   [34m├─[39m [2m/cutoffs/dsssb-tgt-pgt/index.html[22m [2m(+184ms)[22m 
[2m16:41:03[22m   [34m├─[39m [2m/cutoffs/kvs-prt-tgt-pgt-2026/index.html[22m [2m(+169ms)[22m 
[2m16:41:03[22m   [34m├─[39m [2m/cutoffs/kvs-prt-tgt-pgt/index.html[22m [2m(+54ms)[22m 
[2m16:41:03[22m   [34m├─[39m [2m/cutoffs/rrb-ntpc-graduate-2026-1/index.html[22m [2m(+59ms)[22m 
[2m16:41:03[22m   [34m├─[39m [2m/cutoffs/rrb-ntpc-ug-2026-1/index.html[22m [2m(+67ms)[22m 
[2m16:41:03[22m   [34m├─[39m [2m/cutoffs/rrb-group-d-2026-1/index.html[22m [2m(+48ms)[22m 
[2m16:41:03[22m   [34m├─[39m [2m/cutoffs/rrb-alp-2026-1/index.html[22m [2m(+68ms)[22m 
[2m16:41:03[22m   [34m├─[39m [2m/cutoffs/rrb-tech-gr-i-signal-2026/index.html[22m [2m(+52ms)[22m 
[2m16:41:04[22m   [34m├─[39m [2m/cutoffs/rrb-tech-gr-i-signal/index.html[22m [2m(+79ms)[22m 
[2m16:41:04[22m   [34m├─[39m [2m/cutoffs/rrb-tech-gr-iii-2026/index.html[22m [2m(+37ms)[22m 
[2m16:41:04[22m   [34m├─[39m [2m/cutoffs/rrb-tech-gr-iii/index.html[22m [2m(+39ms)[22m 
[2m16:41:04[22m   [34m├─[39m [2m/cutoffs/rrb-ministerial-2026/index.html[22m [2m(+62ms)[22m 
[2m16:41:04[22m   [34m├─[39m [2m/cutoffs/rrb-ministerial/index.html[22m [2m(+113ms)[22m 
[2m16:41:04[22m   [34m├─[39m [2m/cutoffs/rrb-paramedical-2026/index.html[22m [2m(+88ms)[22m 
[2m16:41:04[22m   [34m├─[39m [2m/cutoffs/rrb-paramedical/index.html[22m [2m(+69ms)[22m 
[2m16:41:04[22m   [34m├─[39m [2m/cutoffs/rrb-sports-quota-2026/index.html[22m [2m(+33ms)[22m 
[2m16:41:04[22m   [34m├─[39m [2m/cutoffs/rrb-sports-quota/index.html[22m [2m(+60ms)[22m 
[2m16:41:04[22m   [34m├─[39m [2m/cutoffs/railway-zonal-apprentices-2026/index.html[22m [2m(+55ms)[22m 
[2m16:41:04[22m   [34m├─[39m [2m/cutoffs/railway-zonal-apprentices/index.html[22m [2m(+113ms)[22m 
[2m16:41:04[22m   [34m├─[39m [2m/cutoffs/rpf-constable-si-2026/index.html[22m [2m(+104ms)[22m 
[2m16:41:04[22m   [34m├─[39m [2m/cutoffs/rpf-constable-si/index.html[22m [2m(+65ms)[22m 
[2m16:41:04[22m   [34m├─[39m [2m/cutoffs/dfccil-executive-2026/index.html[22m [2m(+34ms)[22m 
[2m16:41:04[22m   [34m├─[39m [2m/cutoffs/dfccil-executive/index.html[22m [2m(+27ms)[22m 
[2m16:41:04[22m   [34m├─[39m [2m/cutoffs/dmrc-am-je-2026/index.html[22m [2m(+54ms)[22m 
[2m16:41:05[22m   [34m├─[39m [2m/cutoffs/dmrc-am-je/index.html[22m [2m(+99ms)[22m 
[2m16:41:05[22m   [34m├─[39m [2m/cutoffs/lmrc-upmrc-2026/index.html[22m [2m(+70ms)[22m 
[2m16:41:05[22m   [34m├─[39m [2m/cutoffs/lmrc-upmrc/index.html[22m [2m(+113ms)[22m 
[2m16:41:05[22m   [34m├─[39m [2m/cutoffs/kmrc-kolkata-2026/index.html[22m [2m(+39ms)[22m 
[2m16:41:05[22m   [34m├─[39m [2m/cutoffs/kmrc-kolkata/index.html[22m [2m(+66ms)[22m 
[2m16:41:05[22m   [34m├─[39m [2m/cutoffs/bmrc-bengaluru-2026/index.html[22m [2m(+39ms)[22m 
[2m16:41:05[22m   [34m├─[39m [2m/cutoffs/bmrc-bengaluru/index.html[22m [2m(+191ms)[22m 
[2m16:41:05[22m   [34m├─[39m [2m/cutoffs/cmrl-chennai-2026/index.html[22m [2m(+119ms)[22m 
[2m16:41:05[22m   [34m├─[39m [2m/cutoffs/cmrl-chennai/index.html[22m [2m(+127ms)[22m 
[2m16:41:05[22m   [34m├─[39m [2m/cutoffs/mmrc-mumbai-metro-2026/index.html[22m [2m(+70ms)[22m 
[2m16:41:05[22m   [34m├─[39m [2m/cutoffs/mmrc-mumbai-metro/index.html[22m [2m(+33ms)[22m 
[2m16:41:06[22m   [34m├─[39m [2m/cutoffs/konkan-railway-2026/index.html[22m [2m(+80ms)[22m 
[2m16:41:06[22m   [34m├─[39m [2m/cutoffs/konkan-railway/index.html[22m [2m(+67ms)[22m 
[2m16:41:06[22m   [34m├─[39m [2m/cutoffs/ircon-works-engineer-2026/index.html[22m [2m(+20ms)[22m 
[2m16:41:06[22m   [34m├─[39m [2m/cutoffs/ircon-works-engineer/index.html[22m [2m(+30ms)[22m 
[2m16:41:06[22m   [34m├─[39m [2m/cutoffs/rvnl-site-inspector-2026/index.html[22m [2m(+20ms)[22m 
[2m16:41:06[22m   [34m├─[39m [2m/cutoffs/rvnl-site-inspector/index.html[22m [2m(+51ms)[22m 
[2m16:41:06[22m   [34m├─[39m [2m/cutoffs/rites-engineer-2026/index.html[22m [2m(+194ms)[22m 
[2m16:41:06[22m   [34m├─[39m [2m/cutoffs/rites-engineer/index.html[22m [2m(+51ms)[22m 
[2m16:41:06[22m   [34m├─[39m [2m/cutoffs/cris-ase-2026/index.html[22m [2m(+37ms)[22m 
[2m16:41:06[22m   [34m├─[39m [2m/cutoffs/cris-ase/index.html[22m [2m(+175ms)[22m 
[2m16:41:06[22m   [34m├─[39m [2m/cutoffs/railtel-mt-2026/index.html[22m [2m(+66ms)[22m 
[2m16:41:06[22m   [34m├─[39m [2m/cutoffs/railtel-mt/index.html[22m [2m(+34ms)[22m 
[2m16:41:06[22m   [34m├─[39m [2m/cutoffs/irctc-recruitment-2026/index.html[22m [2m(+63ms)[22m 
[2m16:41:06[22m   [34m├─[39m [2m/cutoffs/irctc-recruitment/index.html[22m [2m(+50ms)[22m 
[2m16:41:06[22m   [34m├─[39m [2m/cutoffs/clw-apprentice-2026/index.html[22m [2m(+114ms)[22m 
[2m16:41:07[22m   [34m├─[39m [2m/cutoffs/clw-apprentice/index.html[22m [2m(+103ms)[22m 
[2m16:41:07[22m   [34m├─[39m [2m/cutoffs/blw-apprentice-2026/index.html[22m [2m(+53ms)[22m 
[2m16:41:07[22m   [34m├─[39m [2m/cutoffs/blw-apprentice/index.html[22m [2m(+45ms)[22m 
[2m16:41:07[22m   [34m├─[39m [2m/cutoffs/icf-apprentice-2026/index.html[22m [2m(+32ms)[22m 
[2m16:41:07[22m   [34m├─[39m [2m/cutoffs/icf-apprentice/index.html[22m [2m(+21ms)[22m 
[2m16:41:07[22m   [34m├─[39m [2m/cutoffs/rcf-apprentice-2026/index.html[22m [2m(+164ms)[22m 
[2m16:41:07[22m   [34m├─[39m [2m/cutoffs/rcf-apprentice/index.html[22m [2m(+133ms)[22m 
[2m16:41:07[22m   [34m├─[39m [2m/cutoffs/rwf-apprentice-2026/index.html[22m [2m(+77ms)[22m 
[2m16:41:07[22m   [34m├─[39m [2m/cutoffs/rwf-apprentice/index.html[22m [2m(+124ms)[22m 
[2m16:41:07[22m   [34m├─[39m [2m/cutoffs/rwp-bela-apprentice-2026/index.html[22m [2m(+68ms)[22m 
[2m16:41:07[22m   [34m├─[39m [2m/cutoffs/rwp-bela-apprentice/index.html[22m [2m(+79ms)[22m 
[2m16:41:07[22m   [34m├─[39m [2m/cutoffs/dmw-apprentice-2026/index.html[22m [2m(+47ms)[22m 
[2m16:41:08[22m   [34m├─[39m [2m/cutoffs/dmw-apprentice/index.html[22m [2m(+177ms)[22m 
[2m16:41:08[22m   [34m├─[39m [2m/cutoffs/metro-kolkata-apprentice-2026/index.html[22m [2m(+37ms)[22m 
[2m16:41:08[22m   [34m├─[39m [2m/cutoffs/metro-kolkata-apprentice/index.html[22m [2m(+23ms)[22m 
[2m16:41:08[22m   [34m├─[39m [2m/cutoffs/nfr-apprentice-2026/index.html[22m [2m(+118ms)[22m 
[2m16:41:08[22m   [34m├─[39m [2m/cutoffs/nfr-apprentice/index.html[22m [2m(+59ms)[22m 
[2m16:41:08[22m   [34m├─[39m [2m/cutoffs/ncr-apprentice-2026/index.html[22m [2m(+58ms)[22m 
[2m16:41:08[22m   [34m├─[39m [2m/cutoffs/ncr-apprentice/index.html[22m [2m(+72ms)[22m 
[2m16:41:08[22m   [34m├─[39m [2m/cutoffs/ecr-apprentice-2026/index.html[22m [2m(+48ms)[22m 
[2m16:41:08[22m   [34m├─[39m [2m/cutoffs/ecr-apprentice/index.html[22m [2m(+42ms)[22m 
[2m16:41:08[22m   [34m├─[39m [2m/cutoffs/secr-apprentice-2026/index.html[22m [2m(+57ms)[22m 
[2m16:41:08[22m   [34m├─[39m [2m/cutoffs/secr-apprentice/index.html[22m [2m(+46ms)[22m 
[2m16:41:08[22m   [34m├─[39m [2m/cutoffs/wcr-apprentice-2026/index.html[22m [2m(+36ms)[22m 
[2m16:41:08[22m   [34m├─[39m [2m/cutoffs/wcr-apprentice/index.html[22m [2m(+231ms)[22m 
[2m16:41:09[22m   [34m├─[39m [2m/cutoffs/swr-apprentice-2026/index.html[22m [2m(+65ms)[22m 
[2m16:41:09[22m   [34m├─[39m [2m/cutoffs/swr-apprentice/index.html[22m [2m(+36ms)[22m 
[2m16:41:09[22m   [34m├─[39m [2m/cutoffs/ser-apprentice-2026/index.html[22m [2m(+33ms)[22m 
[2m16:41:09[22m   [34m├─[39m [2m/cutoffs/ser-apprentice/index.html[22m [2m(+77ms)[22m 
[2m16:41:09[22m   [34m├─[39m [2m/cutoffs/bihar-railway-apprentice-2026/index.html[22m [2m(+98ms)[22m 
[2m16:41:09[22m   [34m├─[39m [2m/cutoffs/bihar-railway-apprentice/index.html[22m [2m(+64ms)[22m 
[2m16:41:09[22m   [34m├─[39m [2m/cutoffs/ibps-po-xvi-2026/index.html[22m [2m(+115ms)[22m 
[2m16:41:09[22m   [34m├─[39m [2m/cutoffs/ibps-po-xvi/index.html[22m [2m(+33ms)[22m 
[2m16:41:09[22m   [34m├─[39m [2m/cutoffs/sbi-po-2026-1/index.html[22m [2m(+71ms)[22m 
[2m16:41:09[22m   [34m├─[39m [2m/cutoffs/ibps-spl-xvi-2026/index.html[22m [2m(+46ms)[22m 
[2m16:41:09[22m   [34m├─[39m [2m/cutoffs/ibps-spl-xvi/index.html[22m [2m(+102ms)[22m 
[2m16:41:09[22m   [34m├─[39m [2m/cutoffs/ibps-rrb-po-2026-1/index.html[22m [2m(+82ms)[22m 
[2m16:41:09[22m   [34m├─[39m [2m/cutoffs/ibps-rrb-clerk-2026-1/index.html[22m [2m(+68ms)[22m 
[2m16:41:09[22m   [34m├─[39m [2m/cutoffs/ibps-rrb-scale-ii-iii-2026/index.html[22m [2m(+30ms)[22m 
[2m16:41:10[22m   [34m├─[39m [2m/cutoffs/ibps-rrb-scale-ii-iii/index.html[22m [2m(+66ms)[22m 
[2m16:41:10[22m   [34m├─[39m [2m/cutoffs/rbi-grade-b-2026-1/index.html[22m [2m(+66ms)[22m 
[2m16:41:10[22m   [34m├─[39m [2m/cutoffs/rbi-assistant-2026-1/index.html[22m [2m(+103ms)[22m 
[2m16:41:10[22m   [34m├─[39m [2m/cutoffs/rbi-attendant-2026/index.html[22m [2m(+54ms)[22m 
[2m16:41:10[22m   [34m├─[39m [2m/cutoffs/rbi-attendant/index.html[22m [2m(+80ms)[22m 
[2m16:41:10[22m   [34m├─[39m [2m/cutoffs/nabard-grade-a-2026-1/index.html[22m [2m(+101ms)[22m 
[2m16:41:10[22m   [34m├─[39m [2m/cutoffs/nabard-grade-b-2026/index.html[22m [2m(+45ms)[22m 
[2m16:41:10[22m   [34m├─[39m [2m/cutoffs/nabard-grade-b/index.html[22m [2m(+22ms)[22m 
[2m16:41:10[22m   [34m├─[39m [2m/cutoffs/sebi-grade-a-2026/index.html[22m [2m(+116ms)[22m 
[2m16:41:10[22m   [34m├─[39m [2m/cutoffs/sebi-grade-a/index.html[22m [2m(+62ms)[22m 
[2m16:41:10[22m   [34m├─[39m [2m/cutoffs/sidbi-grade-a-2026-1/index.html[22m [2m(+171ms)[22m 
[2m16:41:10[22m   [34m├─[39m [2m/cutoffs/lic-aao-2026/index.html[22m [2m(+156ms)[22m 
[2m16:41:11[22m   [34m├─[39m [2m/cutoffs/lic-aao/index.html[22m [2m(+175ms)[22m 
[2m16:41:11[22m   [34m├─[39m [2m/cutoffs/lic-ado-2026/index.html[22m [2m(+41ms)[22m 
[2m16:41:11[22m   [34m├─[39m [2m/cutoffs/lic-ado/index.html[22m [2m(+22ms)[22m 
[2m16:41:11[22m   [34m├─[39m [2m/cutoffs/sbi-cbo-2026/index.html[22m [2m(+42ms)[22m 
[2m16:41:11[22m   [34m├─[39m [2m/cutoffs/sbi-cbo/index.html[22m [2m(+52ms)[22m 
[2m16:41:11[22m   [34m├─[39m [2m/cutoffs/sbi-sco-2026/index.html[22m [2m(+54ms)[22m 
[2m16:41:11[22m   [34m├─[39m [2m/cutoffs/sbi-sco/index.html[22m [2m(+167ms)[22m 
[2m16:41:11[22m   [34m├─[39m [2m/cutoffs/sbi-apprentice-2026-1/index.html[22m [2m(+36ms)[22m 
[2m16:41:11[22m   [34m├─[39m [2m/cutoffs/pnb-lbo-2026/index.html[22m [2m(+31ms)[22m 
[2m16:41:11[22m   [34m├─[39m [2m/cutoffs/pnb-lbo/index.html[22m [2m(+18ms)[22m 
[2m16:41:11[22m   [34m├─[39m [2m/cutoffs/canara-bank-apprentice-2026/index.html[22m [2m(+33ms)[22m 
[2m16:41:11[22m   [34m├─[39m [2m/cutoffs/canara-bank-apprentice/index.html[22m [2m(+135ms)[22m 
[2m16:41:11[22m   [34m├─[39m [2m/cutoffs/ubi-lbo-2026/index.html[22m [2m(+86ms)[22m 
[2m16:41:12[22m   [34m├─[39m [2m/cutoffs/ubi-lbo/index.html[22m [2m(+105ms)[22m 
[2m16:41:12[22m   [34m├─[39m [2m/cutoffs/indian-bank-apprentice-2026/index.html[22m [2m(+18ms)[22m 
[2m16:41:12[22m   [34m├─[39m [2m/cutoffs/indian-bank-apprentice/index.html[22m [2m(+15ms)[22m 
[2m16:41:12[22m   [34m├─[39m [2m/cutoffs/central-bank-apprentice-2026-1/index.html[22m [2m(+15ms)[22m 
[2m16:41:12[22m   [34m├─[39m [2m/cutoffs/bom-apprentice-2026/index.html[22m [2m(+127ms)[22m 
[2m16:41:12[22m   [34m├─[39m [2m/cutoffs/bom-apprentice/index.html[22m [2m(+66ms)[22m 
[2m16:41:12[22m   [34m├─[39m [2m/cutoffs/boi-apprentice-2026/index.html[22m [2m(+83ms)[22m 
[2m16:41:12[22m   [34m├─[39m [2m/cutoffs/boi-apprentice/index.html[22m [2m(+49ms)[22m 
[2m16:41:12[22m   [34m├─[39m [2m/cutoffs/iob-apprentice-2026/index.html[22m [2m(+87ms)[22m 
[2m16:41:12[22m   [34m├─[39m [2m/cutoffs/iob-apprentice/index.html[22m [2m(+49ms)[22m 
[2m16:41:12[22m   [34m├─[39m [2m/cutoffs/uco-bank-apprentice-2026/index.html[22m [2m(+109ms)[22m 
[2m16:41:12[22m   [34m├─[39m [2m/cutoffs/uco-bank-apprentice/index.html[22m [2m(+30ms)[22m 
[2m16:41:12[22m   [34m├─[39m [2m/cutoffs/idbi-executive-2026/index.html[22m [2m(+127ms)[22m 
[2m16:41:12[22m   [34m├─[39m [2m/cutoffs/idbi-executive/index.html[22m [2m(+140ms)[22m 
[2m16:41:13[22m   [34m├─[39m [2m/cutoffs/idbi-am-2026/index.html[22m [2m(+37ms)[22m 
[2m16:41:13[22m   [34m├─[39m [2m/cutoffs/idbi-am/index.html[22m [2m(+62ms)[22m 
[2m16:41:13[22m   [34m├─[39m [2m/cutoffs/psb-it-officer-2026/index.html[22m [2m(+100ms)[22m 
[2m16:41:13[22m   [34m├─[39m [2m/cutoffs/psb-it-officer/index.html[22m [2m(+73ms)[22m 
[2m16:41:13[22m   [34m├─[39m [2m/cutoffs/exim-bank-mt-2026/index.html[22m [2m(+89ms)[22m 
[2m16:41:13[22m   [34m├─[39m [2m/cutoffs/exim-bank-mt/index.html[22m [2m(+137ms)[22m 
[2m16:41:13[22m   [34m├─[39m [2m/cutoffs/ippb-executive-2026/index.html[22m [2m(+48ms)[22m 
[2m16:41:13[22m   [34m├─[39m [2m/cutoffs/ippb-executive/index.html[22m [2m(+36ms)[22m 
[2m16:41:13[22m   [34m├─[39m [2m/cutoffs/bob-apprentice-2026/index.html[22m [2m(+83ms)[22m 
[2m16:41:13[22m   [34m├─[39m [2m/cutoffs/bob-apprentice/index.html[22m [2m(+125ms)[22m 
[2m16:41:13[22m   [34m├─[39m [2m/cutoffs/karnataka-bank-po-2026/index.html[22m [2m(+264ms)[22m 
[2m16:41:14[22m   [34m├─[39m [2m/cutoffs/karnataka-bank-po/index.html[22m [2m(+25ms)[22m 
[2m16:41:14[22m   [34m├─[39m [2m/cutoffs/kvb-bdo-2026/index.html[22m [2m(+23ms)[22m 
[2m16:41:14[22m   [34m├─[39m [2m/cutoffs/kvb-bdo/index.html[22m [2m(+26ms)[22m 
[2m16:41:14[22m   [34m├─[39m [2m/cutoffs/federal-bank-po-2026/index.html[22m [2m(+35ms)[22m 
[2m16:41:14[22m   [34m├─[39m [2m/cutoffs/federal-bank-po/index.html[22m [2m(+80ms)[22m 
[2m16:41:14[22m   [34m├─[39m [2m/cutoffs/sib-clerk-2026/index.html[22m [2m(+276ms)[22m 
[2m16:41:14[22m   [34m├─[39m [2m/cutoffs/sib-clerk/index.html[22m [2m(+15ms)[22m 
[2m16:41:14[22m   [34m├─[39m [2m/cutoffs/tmb-clerk-2026/index.html[22m [2m(+13ms)[22m 
[2m16:41:14[22m   [34m├─[39m [2m/cutoffs/tmb-clerk/index.html[22m [2m(+16ms)[22m 
[2m16:41:14[22m   [34m├─[39m [2m/cutoffs/uco-bank-lbo-2026/index.html[22m [2m(+15ms)[22m 
[2m16:41:14[22m   [34m├─[39m [2m/cutoffs/uco-bank-lbo/index.html[22m [2m(+33ms)[22m 
[2m16:41:14[22m   [34m├─[39m [2m/cutoffs/ssc-cgl-2026-1/index.html[22m [2m(+284ms)[22m 
[2m16:41:15[22m   [34m├─[39m [2m/cutoffs/ssc-chsl-2026-1/index.html[22m [2m(+68ms)[22m 
[2m16:41:15[22m   [34m├─[39m [2m/cutoffs/ssc-mts-2026-1/index.html[22m [2m(+84ms)[22m 
[2m16:41:15[22m   [34m├─[39m [2m/cutoffs/ssc-gd/index.html[22m [2m(+45ms)[22m 
[2m16:41:15[22m   [34m├─[39m [2m/cutoffs/ssc-cpo-2026-1/index.html[22m [2m(+131ms)[22m 
[2m16:41:15[22m   [34m├─[39m [2m/cutoffs/ssc-steno-2026/index.html[22m [2m(+82ms)[22m 
[2m16:41:15[22m   [34m├─[39m [2m/cutoffs/ssc-steno/index.html[22m [2m(+93ms)[22m 
[2m16:41:15[22m   [34m├─[39m [2m/cutoffs/ssc-je-2026-1/index.html[22m [2m(+194ms)[22m 
[2m16:41:15[22m   [34m├─[39m [2m/cutoffs/ssc-sel-post-phase-14/index.html[22m [2m(+36ms)[22m 
[2m16:41:15[22m   [34m├─[39m [2m/cutoffs/ssc-sel-post-phase-15/index.html[22m [2m(+74ms)[22m 
[2m16:41:15[22m   [34m├─[39m [2m/cutoffs/ssc-jht-2026/index.html[22m [2m(+55ms)[22m 
[2m16:41:15[22m   [34m├─[39m [2m/cutoffs/ssc-jht/index.html[22m [2m(+102ms)[22m 
[2m16:41:15[22m   [34m├─[39m [2m/cutoffs/ssc-sci-asst-imd-2026/index.html[22m [2m(+81ms)[22m 
[2m16:41:16[22m   [34m├─[39m [2m/cutoffs/ssc-sci-asst-imd/index.html[22m [2m(+12ms)[22m 
[2m16:41:16[22m   [34m├─[39m [2m/cutoffs/ssc-delhi-police-constable-2026/index.html[22m [2m(+21ms)[22m 
[2m16:41:16[22m   [34m├─[39m [2m/cutoffs/ssc-delhi-police-constable/index.html[22m [2m(+50ms)[22m 
[2m16:41:16[22m   [34m├─[39m [2m/cutoffs/ssc-dp-hc-ministerial-2026/index.html[22m [2m(+100ms)[22m 
[2m16:41:16[22m   [34m├─[39m [2m/cutoffs/ssc-dp-hc-ministerial/index.html[22m [2m(+119ms)[22m 
[2m16:41:16[22m   [34m├─[39m [2m/cutoffs/ssc-dp-awo-tpo-2026/index.html[22m [2m(+43ms)[22m 
[2m16:41:16[22m   [34m├─[39m [2m/cutoffs/ssc-dp-awo-tpo/index.html[22m [2m(+32ms)[22m 
[2m16:41:16[22m   [34m├─[39m [2m/cutoffs/ssc-dp-driver-2026/index.html[22m [2m(+20ms)[22m 
[2m16:41:16[22m   [34m├─[39m [2m/cutoffs/ssc-dp-driver/index.html[22m [2m(+20ms)[22m 
[2m16:41:16[22m   [34m├─[39m [2m/cutoffs/ssc-havaldar-2026/index.html[22m [2m(+69ms)[22m 
[2m16:41:16[22m   [34m├─[39m [2m/cutoffs/ssc-havaldar/index.html[22m [2m(+128ms)[22m 
[2m16:41:16[22m   [34m├─[39m [2m/cutoffs/ssc-mts-2025/index.html[22m [2m(+88ms)[22m 
[2m16:41:16[22m   [34m├─[39m [2m/cutoffs/ssc-gd-2025-result/index.html[22m [2m(+24ms)[22m 
[2m16:41:16[22m   [34m├─[39m [2m/cutoffs/ssc-phase-13-dv-2026/index.html[22m [2m(+24ms)[22m 
[2m16:41:16[22m   [34m├─[39m [2m/cutoffs/ssc-phase-13-dv/index.html[22m [2m(+81ms)[22m 
[2m16:41:16[22m   [34m├─[39m [2m/cutoffs/ssc-cgl-2025-status/index.html[22m [2m(+34ms)[22m 
[2m16:41:16[22m   [34m├─[39m [2m/cutoffs/ssc-cgl-2027/index.html[22m [2m(+18ms)[22m 
[2m16:41:16[22m   [34m├─[39m [2m/cutoffs/ssc-chsl-2027/index.html[22m [2m(+22ms)[22m 
[2m16:41:16[22m   [34m├─[39m [2m/cutoffs/ssc-gd-2028/index.html[22m [2m(+18ms)[22m 
[2m16:41:16[22m   [34m├─[39m [2m/cutoffs/ssc-mts-2027/index.html[22m [2m(+112ms)[22m 
[2m16:41:17[22m   [34m├─[39m [2m/cutoffs/ssc-cpo-2027/index.html[22m [2m(+14ms)[22m 
[2m16:41:17[22m   [34m├─[39m [2m/cutoffs/ssc-phase-16-2027/index.html[22m [2m(+120ms)[22m 
[2m16:41:17[22m   [34m├─[39m [2m/cutoffs/ssc-phase-16/index.html[22m [2m(+13ms)[22m 
[2m16:41:17[22m   [34m├─[39m [2m/cutoffs/ssc-je-2027/index.html[22m [2m(+18ms)[22m 
[2m16:41:17[22m   [34m├─[39m [2m/cutoffs/ssc-jht-2027/index.html[22m [2m(+26ms)[22m 
[2m16:41:17[22m   [34m├─[39m [2m/cutoffs/uppsc-pcs-2026-1/index.html[22m [2m(+22ms)[22m 
[2m16:41:17[22m   [34m├─[39m [2m/cutoffs/uppsc-ro-aro-2026/index.html[22m [2m(+305ms)[22m 
[2m16:41:17[22m   [34m├─[39m [2m/cutoffs/uppsc-ro-aro/index.html[22m [2m(+15ms)[22m 
[2m16:41:17[22m   [34m├─[39m [2m/cutoffs/uppsc-lecturer-2026/index.html[22m [2m(+14ms)[22m 
[2m16:41:17[22m   [34m├─[39m [2m/cutoffs/uppsc-lecturer/index.html[22m [2m(+25ms)[22m 
[2m16:41:17[22m   [34m├─[39m [2m/cutoffs/uppsc-staff-nurse-2026/index.html[22m [2m(+183ms)[22m 
[2m16:41:17[22m   [34m├─[39m [2m/cutoffs/uppsc-staff-nurse/index.html[22m [2m(+18ms)[22m 
[2m16:41:17[22m   [34m├─[39m [2m/cutoffs/uppsc-fso-2026/index.html[22m [2m(+172ms)[22m 
[2m16:41:18[22m   [34m├─[39m [2m/cutoffs/uppsc-fso/index.html[22m [2m(+301ms)[22m 
[2m16:41:18[22m   [34m├─[39m [2m/cutoffs/uppsc-apo-2026/index.html[22m [2m(+77ms)[22m 
[2m16:41:18[22m   [34m├─[39m [2m/cutoffs/uppsc-apo/index.html[22m [2m(+32ms)[22m 
[2m16:41:18[22m   [34m├─[39m [2m/cutoffs/up-mines-inspector-2026/index.html[22m [2m(+57ms)[22m 
[2m16:41:18[22m   [34m├─[39m [2m/cutoffs/up-mines-inspector/index.html[22m [2m(+66ms)[22m 
[2m16:41:18[22m   [34m├─[39m [2m/cutoffs/bpsc-73rd-2026-1/index.html[22m [2m(+147ms)[22m 
[2m16:41:18[22m   [34m├─[39m [2m/cutoffs/bpsc-74th-2026/index.html[22m [2m(+87ms)[22m 
[2m16:41:18[22m   [34m├─[39m [2m/cutoffs/bpsc-74th/index.html[22m [2m(+114ms)[22m 
[2m16:41:18[22m   [34m├─[39m [2m/cutoffs/bpsc-asst-prof-2026/index.html[22m [2m(+65ms)[22m 
[2m16:41:19[22m   [34m├─[39m [2m/cutoffs/bpsc-asst-prof/index.html[22m [2m(+118ms)[22m 
[2m16:41:19[22m   [34m├─[39m [2m/cutoffs/bpsc-dental-surgeon-2026/index.html[22m [2m(+152ms)[22m 
[2m16:41:19[22m   [34m├─[39m [2m/cutoffs/bpsc-dental-surgeon/index.html[22m [2m(+63ms)[22m 
[2m16:41:19[22m   [34m├─[39m [2m/cutoffs/bpsc-head-master-2026/index.html[22m [2m(+45ms)[22m 
[2m16:41:19[22m   [34m├─[39m [2m/cutoffs/bpsc-head-master/index.html[22m [2m(+373ms)[22m 
[2m16:41:19[22m   [34m├─[39m [2m/cutoffs/bpsc-mo-2026/index.html[22m [2m(+46ms)[22m 
[2m16:41:19[22m   [34m├─[39m [2m/cutoffs/bpsc-mo/index.html[22m [2m(+47ms)[22m 
[2m16:41:19[22m   [34m├─[39m [2m/cutoffs/bpsc-mvi-2026/index.html[22m [2m(+32ms)[22m 
[2m16:41:19[22m   [34m├─[39m [2m/cutoffs/bpsc-mvi/index.html[22m [2m(+40ms)[22m 
[2m16:41:19[22m   [34m├─[39m [2m/cutoffs/bpsc-bfs-2026/index.html[22m [2m(+212ms)[22m 
[2m16:41:20[22m   [34m├─[39m [2m/cutoffs/bpsc-bfs/index.html[22m [2m(+149ms)[22m 
[2m16:41:20[22m   [34m├─[39m [2m/cutoffs/mppsc-sse-2026/index.html[22m [2m(+49ms)[22m 
[2m16:41:20[22m   [34m├─[39m [2m/cutoffs/mppsc-sse/index.html[22m [2m(+20ms)[22m 
[2m16:41:20[22m   [34m├─[39m [2m/cutoffs/mppsc-asst-prof-2026/index.html[22m [2m(+74ms)[22m 
[2m16:41:20[22m   [34m├─[39m [2m/cutoffs/mppsc-asst-prof/index.html[22m [2m(+186ms)[22m 
[2m16:41:20[22m   [34m├─[39m [2m/cutoffs/mppsc-dental-2026/index.html[22m [2m(+100ms)[22m 
[2m16:41:20[22m   [34m├─[39m [2m/cutoffs/mppsc-dental/index.html[22m [2m(+261ms)[22m 
[2m16:41:20[22m   [34m├─[39m [2m/cutoffs/mp-forester-2026/index.html[22m [2m(+153ms)[22m 
[2m16:41:21[22m   [34m├─[39m [2m/cutoffs/mp-forester/index.html[22m [2m(+77ms)[22m 
[2m16:41:21[22m   [34m├─[39m [2m/cutoffs/mp-supervisor-2026/index.html[22m [2m(+67ms)[22m 
[2m16:41:21[22m   [34m├─[39m [2m/cutoffs/mp-supervisor/index.html[22m [2m(+291ms)[22m 
[2m16:41:21[22m   [34m├─[39m [2m/cutoffs/rpsc-ras-2026-1/index.html[22m [2m(+122ms)[22m 
[2m16:41:21[22m   [34m├─[39m [2m/cutoffs/rpsc-lecturer-2026/index.html[22m [2m(+180ms)[22m 
[2m16:41:21[22m   [34m├─[39m [2m/cutoffs/rpsc-lecturer/index.html[22m [2m(+20ms)[22m 
[2m16:41:21[22m   [34m├─[39m [2m/cutoffs/rpsc-2nd-grade/index.html[22m [2m(+24ms)[22m 
[2m16:41:21[22m   [34m├─[39m [2m/cutoffs/rpsc-pharmacist-2026/index.html[22m [2m(+21ms)[22m 
[2m16:41:21[22m   [34m├─[39m [2m/cutoffs/rpsc-pharmacist/index.html[22m [2m(+162ms)[22m 
[2m16:41:22[22m   [34m├─[39m [2m/cutoffs/rpsc-nursing-2026/index.html[22m [2m(+23ms)[22m 
[2m16:41:22[22m   [34m├─[39m [2m/cutoffs/rpsc-nursing/index.html[22m [2m(+103ms)[22m 
[2m16:41:22[22m   [34m├─[39m [2m/cutoffs/rpsc-pti-2026/index.html[22m [2m(+16ms)[22m 
[2m16:41:22[22m   [34m├─[39m [2m/cutoffs/rpsc-pti/index.html[22m [2m(+44ms)[22m 
[2m16:41:22[22m   [34m├─[39m [2m/cutoffs/rpsc-taxation-2026/index.html[22m [2m(+23ms)[22m 
[2m16:41:22[22m   [34m├─[39m [2m/cutoffs/rpsc-taxation/index.html[22m [2m(+44ms)[22m 
[2m16:41:22[22m   [34m├─[39m [2m/cutoffs/rpsc-sanskrit-2026/index.html[22m [2m(+37ms)[22m 
[2m16:41:22[22m   [34m├─[39m [2m/cutoffs/rpsc-sanskrit/index.html[22m [2m(+113ms)[22m 
[2m16:41:22[22m   [34m├─[39m [2m/cutoffs/up-asst-teacher-2026/index.html[22m [2m(+149ms)[22m 
[2m16:41:22[22m   [34m├─[39m [2m/cutoffs/up-asst-teacher/index.html[22m [2m(+67ms)[22m 
[2m16:41:22[22m   [34m├─[39m [2m/cutoffs/up-pension-2026/index.html[22m [2m(+137ms)[22m 
[2m16:41:22[22m   [34m├─[39m [2m/cutoffs/up-pension/index.html[22m [2m(+32ms)[22m 
[2m16:41:22[22m   [34m├─[39m [2m/cutoffs/bpsc-head-master-50k/index.html[22m [2m(+32ms)[22m 
[2m16:41:22[22m   [34m├─[39m [2m/cutoffs/bpsc-tre-5-0-2026/index.html[22m [2m(+36ms)[22m 
[2m16:41:22[22m   [34m├─[39m [2m/cutoffs/bpsc-tre-5-0/index.html[22m [2m(+298ms)[22m 
[2m16:41:23[22m   [34m├─[39m [2m/cutoffs/rpsc-hospital-asst-2026/index.html[22m [2m(+108ms)[22m 
[2m16:41:23[22m   [34m├─[39m [2m/cutoffs/rpsc-hospital-asst/index.html[22m [2m(+137ms)[22m 
[2m16:41:23[22m   [34m├─[39m [2m/cutoffs/mppsc-leo-2026/index.html[22m [2m(+118ms)[22m 
[2m16:41:23[22m   [34m├─[39m [2m/cutoffs/mppsc-leo/index.html[22m [2m(+320ms)[22m 
[2m16:41:23[22m   [34m├─[39m [2m/cutoffs/army-agniveer-cohort-iii/index.html[22m [2m(+312ms)[22m 
[2m16:41:24[22m   [34m├─[39m [2m/cutoffs/iaf-agniveer-vayu-intake-2/index.html[22m [2m(+24ms)[22m 
[2m16:41:24[22m   [34m├─[39m [2m/cutoffs/navy-agniveer-mr-2026-1/index.html[22m [2m(+48ms)[22m 
[2m16:41:24[22m   [34m├─[39m [2m/cutoffs/bsf-constable-gd-2026/index.html[22m [2m(+163ms)[22m 
[2m16:41:24[22m   [34m├─[39m [2m/cutoffs/bsf-constable-gd/index.html[22m [2m(+384ms)[22m 
[2m16:41:24[22m   [34m├─[39m [2m/cutoffs/bsf-hc-min-2026/index.html[22m [2m(+51ms)[22m 
[2m16:41:24[22m   [34m├─[39m [2m/cutoffs/bsf-hc-min/index.html[22m [2m(+64ms)[22m 
[2m16:41:25[22m   [34m├─[39m [2m/cutoffs/bsf-water-wing-2026/index.html[22m [2m(+80ms)[22m 
[2m16:41:25[22m   [34m├─[39m [2m/cutoffs/bsf-water-wing/index.html[22m [2m(+140ms)[22m 
[2m16:41:25[22m   [34m├─[39m [2m/cutoffs/bsf-asi-steno-2026/index.html[22m [2m(+31ms)[22m 
[2m16:41:25[22m   [34m├─[39m [2m/cutoffs/bsf-asi-steno/index.html[22m [2m(+59ms)[22m 
[2m16:41:25[22m   [34m├─[39m [2m/cutoffs/cisf-fire-constable-2026/index.html[22m [2m(+90ms)[22m 
[2m16:41:25[22m   [34m├─[39m [2m/cutoffs/cisf-fire-constable/index.html[22m [2m(+300ms)[22m 
[2m16:41:25[22m   [34m├─[39m [2m/cutoffs/cisf-hc-min-2026/index.html[22m [2m(+133ms)[22m 
[2m16:41:25[22m   [34m├─[39m [2m/cutoffs/cisf-hc-min/index.html[22m [2m(+96ms)[22m 
[2m16:41:26[22m   [34m├─[39m [2m/cutoffs/cisf-asi-steno-2026/index.html[22m [2m(+161ms)[22m 
[2m16:41:26[22m   [34m├─[39m [2m/cutoffs/cisf-asi-steno/index.html[22m [2m(+46ms)[22m 
[2m16:41:26[22m   [34m├─[39m [2m/cutoffs/crpf-gd-constable-2026/index.html[22m [2m(+68ms)[22m 
[2m16:41:26[22m   [34m├─[39m [2m/cutoffs/crpf-gd-constable/index.html[22m [2m(+79ms)[22m 
[2m16:41:26[22m   [34m├─[39m [2m/cutoffs/crpf-hc-min-2026/index.html[22m [2m(+130ms)[22m 
[2m16:41:26[22m   [34m├─[39m [2m/cutoffs/crpf-hc-min/index.html[22m [2m(+83ms)[22m 
[2m16:41:26[22m   [34m├─[39m [2m/cutoffs/crpf-asi-steno-2026/index.html[22m [2m(+77ms)[22m 
[2m16:41:26[22m   [34m├─[39m [2m/cutoffs/crpf-asi-steno/index.html[22m [2m(+25ms)[22m 
[2m16:41:26[22m   [34m├─[39m [2m/cutoffs/itbp-constable-tradesman-2026/index.html[22m [2m(+26ms)[22m 
[2m16:41:26[22m   [34m├─[39m [2m/cutoffs/itbp-constable-tradesman/index.html[22m [2m(+39ms)[22m 
[2m16:41:26[22m   [34m├─[39m [2m/cutoffs/itbp-driver-2026/index.html[22m [2m(+150ms)[22m 
[2m16:41:26[22m   [34m├─[39m [2m/cutoffs/itbp-driver/index.html[22m [2m(+49ms)[22m 
[2m16:41:26[22m   [34m├─[39m [2m/cutoffs/ssb-gd-constable-2026/index.html[22m [2m(+103ms)[22m 
[2m16:41:27[22m   [34m├─[39m [2m/cutoffs/ssb-gd-constable/index.html[22m [2m(+17ms)[22m 
[2m16:41:27[22m   [34m├─[39m [2m/cutoffs/ssb-hc-min-2026/index.html[22m [2m(+65ms)[22m 
[2m16:41:27[22m   [34m├─[39m [2m/cutoffs/ssb-hc-min/index.html[22m [2m(+100ms)[22m 
[2m16:41:27[22m   [34m├─[39m [2m/cutoffs/assam-rifles-tradesman-2026/index.html[22m [2m(+168ms)[22m 
[2m16:41:27[22m   [34m├─[39m [2m/cutoffs/assam-rifles-tradesman/index.html[22m [2m(+66ms)[22m 
[2m16:41:27[22m   [34m├─[39m [2m/cutoffs/ar-hc-min-2026/index.html[22m [2m(+112ms)[22m 
[2m16:41:27[22m   [34m├─[39m [2m/cutoffs/ar-hc-min/index.html[22m [2m(+135ms)[22m 
[2m16:41:27[22m   [34m├─[39m [2m/cutoffs/bro-tradesman-2026/index.html[22m [2m(+70ms)[22m 
[2m16:41:27[22m   [34m├─[39m [2m/cutoffs/bro-tradesman/index.html[22m [2m(+49ms)[22m 
[2m16:41:27[22m   [34m├─[39m [2m/cutoffs/bro-msw-2026/index.html[22m [2m(+84ms)[22m 
[2m16:41:27[22m   [34m├─[39m [2m/cutoffs/bro-msw/index.html[22m [2m(+80ms)[22m 
[2m16:41:27[22m   [34m├─[39m [2m/cutoffs/bro-draughtsman-2026/index.html[22m [2m(+35ms)[22m 
[2m16:41:28[22m   [34m├─[39m [2m/cutoffs/bro-draughtsman/index.html[22m [2m(+99ms)[22m 
[2m16:41:28[22m   [34m├─[39m [2m/cutoffs/ncb-inspector-2026/index.html[22m [2m(+202ms)[22m 
[2m16:41:28[22m   [34m├─[39m [2m/cutoffs/ncb-inspector/index.html[22m [2m(+66ms)[22m 
[2m16:41:28[22m   [34m├─[39m [2m/cutoffs/navy-dockyard-apprentice-2026/index.html[22m [2m(+31ms)[22m 
[2m16:41:28[22m   [34m├─[39m [2m/cutoffs/navy-dockyard-apprentice/index.html[22m [2m(+419ms)[22m 
[2m16:41:28[22m   [34m├─[39m [2m/cutoffs/army-ssc-tech-2026/index.html[22m [2m(+127ms)[22m 
[2m16:41:28[22m   [34m├─[39m [2m/cutoffs/army-ssc-tech/index.html[22m [2m(+48ms)[22m 
[2m16:41:29[22m   [34m├─[39m [2m/cutoffs/army-ncc-special-2026/index.html[22m [2m(+24ms)[22m 
[2m16:41:29[22m   [34m├─[39m [2m/cutoffs/army-ncc-special/index.html[22m [2m(+34ms)[22m 
[2m16:41:29[22m   [34m├─[39m [2m/cutoffs/army-jag-entry-2026/index.html[22m [2m(+215ms)[22m 
[2m16:41:29[22m   [34m├─[39m [2m/cutoffs/army-jag-entry/index.html[22m [2m(+217ms)[22m 
[2m16:41:29[22m   [34m├─[39m [2m/cutoffs/army-tgc-2026/index.html[22m [2m(+48ms)[22m 
[2m16:41:29[22m   [34m├─[39m [2m/cutoffs/army-tgc/index.html[22m [2m(+91ms)[22m 
[2m16:41:29[22m   [34m├─[39m [2m/cutoffs/navy-ssc-officer-2026/index.html[22m [2m(+21ms)[22m 
[2m16:41:29[22m   [34m├─[39m [2m/cutoffs/navy-ssc-officer/index.html[22m [2m(+103ms)[22m 
[2m16:41:29[22m   [34m├─[39m [2m/cutoffs/navy-ues-2026/index.html[22m [2m(+168ms)[22m 
[2m16:41:29[22m   [34m├─[39m [2m/cutoffs/navy-ues/index.html[22m [2m(+56ms)[22m 
[2m16:41:30[22m   [34m├─[39m [2m/cutoffs/iaf-afcat-2-2026/index.html[22m [2m(+48ms)[22m 
[2m16:41:30[22m   [34m├─[39m [2m/cutoffs/iaf-afcat-2/index.html[22m [2m(+33ms)[22m 
[2m16:41:30[22m   [34m├─[39m [2m/cutoffs/iaf-afcat-1-2026-result/index.html[22m [2m(+114ms)[22m 
[2m16:41:30[22m   [34m├─[39m [2m/cutoffs/kvs-pgt-2026/index.html[22m [2m(+69ms)[22m 
[2m16:41:30[22m   [34m├─[39m [2m/cutoffs/kvs-pgt/index.html[22m [2m(+33ms)[22m 
[2m16:41:30[22m   [34m├─[39m [2m/cutoffs/kvs-tgt-2026/index.html[22m [2m(+121ms)[22m 
[2m16:41:30[22m   [34m├─[39m [2m/cutoffs/kvs-tgt/index.html[22m [2m(+95ms)[22m 
[2m16:41:30[22m   [34m├─[39m [2m/cutoffs/kvs-prt-2026/index.html[22m [2m(+169ms)[22m 
[2m16:41:30[22m   [34m├─[39m [2m/cutoffs/kvs-prt/index.html[22m [2m(+42ms)[22m 
[2m16:41:30[22m   [34m├─[39m [2m/cutoffs/kvs-non-teaching-2026/index.html[22m [2m(+73ms)[22m 
[2m16:41:30[22m   [34m├─[39m [2m/cutoffs/kvs-non-teaching/index.html[22m [2m(+102ms)[22m 
[2m16:41:30[22m   [34m├─[39m [2m/cutoffs/nvs-teaching-2026/index.html[22m [2m(+100ms)[22m 
[2m16:41:31[22m   [34m├─[39m [2m/cutoffs/nvs-teaching/index.html[22m [2m(+59ms)[22m 
[2m16:41:31[22m   [34m├─[39m [2m/cutoffs/nvs-non-teaching-2026/index.html[22m [2m(+14ms)[22m 
[2m16:41:31[22m   [34m├─[39m [2m/cutoffs/nvs-non-teaching/index.html[22m [2m(+76ms)[22m 
[2m16:41:31[22m   [34m├─[39m [2m/cutoffs/dsssb-pgt-2026/index.html[22m [2m(+24ms)[22m 
[2m16:41:31[22m   [34m├─[39m [2m/cutoffs/dsssb-pgt/index.html[22m [2m(+25ms)[22m 
[2m16:41:31[22m   [34m├─[39m [2m/cutoffs/dsssb-tgt-2026/index.html[22m [2m(+219ms)[22m 
[2m16:41:31[22m   [34m├─[39m [2m/cutoffs/dsssb-tgt/index.html[22m [2m(+60ms)[22m 
[2m16:41:31[22m   [34m├─[39m [2m/cutoffs/dsssb-prt-2026/index.html[22m [2m(+130ms)[22m 
[2m16:41:31[22m   [34m├─[39m [2m/cutoffs/dsssb-prt/index.html[22m [2m(+56ms)[22m 
[2m16:41:31[22m   [34m├─[39m [2m/cutoffs/dsssb-non-teaching-2026/index.html[22m [2m(+188ms)[22m 
[2m16:41:31[22m   [34m├─[39m [2m/cutoffs/dsssb-non-teaching/index.html[22m [2m(+60ms)[22m 
[2m16:41:31[22m   [34m├─[39m [2m/cutoffs/dsssb-librarian-2026/index.html[22m [2m(+416ms)[22m 
[2m16:41:32[22m   [34m├─[39m [2m/cutoffs/dsssb-librarian/index.html[22m [2m(+39ms)[22m 
[2m16:41:32[22m   [34m├─[39m [2m/cutoffs/bpsc-tre-5-0-2026-1/index.html[22m [2m(+64ms)[22m 
[2m16:41:32[22m   [34m├─[39m [2m/cutoffs/up-asst-teacher-2026-1/index.html[22m [2m(+52ms)[22m 
[2m16:41:32[22m   [34m├─[39m [2m/cutoffs/ctet-feb-2027/index.html[22m [2m(+118ms)[22m 
[2m16:41:32[22m   [34m├─[39m [2m/cutoffs/ctet-feb/index.html[22m [2m(+245ms)[22m 
[2m16:41:32[22m   [34m├─[39m [2m/cutoffs/ugc-net-dec-2026/index.html[22m [2m(+69ms)[22m 
[2m16:41:32[22m   [34m├─[39m [2m/cutoffs/ugc-net-dec/index.html[22m [2m(+65ms)[22m 
[2m16:41:32[22m   [34m├─[39m [2m/cutoffs/csir-net-dec-2026/index.html[22m [2m(+46ms)[22m 
[2m16:41:33[22m   [34m├─[39m [2m/cutoffs/csir-net-dec/index.html[22m [2m(+124ms)[22m 
[2m16:41:33[22m   [34m├─[39m [2m/cutoffs/kv-librarian-2026/index.html[22m [2m(+297ms)[22m 
[2m16:41:33[22m   [34m├─[39m [2m/cutoffs/kv-librarian/index.html[22m [2m(+45ms)[22m 
[2m16:41:33[22m   [34m├─[39m [2m/cutoffs/kvs-ac-2026/index.html[22m [2m(+40ms)[22m 
[2m16:41:33[22m   [34m├─[39m [2m/cutoffs/kvs-ac/index.html[22m [2m(+100ms)[22m 
[2m16:41:33[22m   [34m├─[39m [2m/cutoffs/haryana-htet-2026/index.html[22m [2m(+30ms)[22m 
[2m16:41:33[22m   [34m├─[39m [2m/cutoffs/haryana-htet/index.html[22m [2m(+52ms)[22m 
[2m16:41:33[22m   [34m├─[39m [2m/cutoffs/tripura-tet-2026/index.html[22m [2m(+185ms)[22m 
[2m16:41:33[22m   [34m├─[39m [2m/cutoffs/tripura-tet/index.html[22m [2m(+196ms)[22m 
[2m16:41:34[22m   [34m├─[39m [2m/cutoffs/assam-tet-2026/index.html[22m [2m(+78ms)[22m 
[2m16:41:34[22m   [34m├─[39m [2m/cutoffs/assam-tet/index.html[22m [2m(+102ms)[22m 
[2m16:41:34[22m   [34m├─[39m [2m/cutoffs/karnataka-tet-2026/index.html[22m [2m(+62ms)[22m 
[2m16:41:34[22m   [34m├─[39m [2m/cutoffs/karnataka-tet/index.html[22m [2m(+239ms)[22m 
[2m16:41:34[22m   [34m├─[39m [2m/cutoffs/mh-tet-2026/index.html[22m [2m(+148ms)[22m 
[2m16:41:34[22m   [34m├─[39m [2m/cutoffs/mh-tet/index.html[22m [2m(+88ms)[22m 
[2m16:41:34[22m   [34m├─[39m [2m/cutoffs/rpsc-school-lecturer-2026/index.html[22m [2m(+62ms)[22m 
[2m16:41:34[22m   [34m├─[39m [2m/cutoffs/rpsc-school-lecturer/index.html[22m [2m(+173ms)[22m 
[2m16:41:35[22m   [34m├─[39m [2m/cutoffs/bpsc-head-master-50k-teaching/index.html[22m [2m(+165ms)[22m 
[2m16:41:35[22m   [34m├─[39m [2m/cutoffs/aiims-delhi-nursing-2026/index.html[22m [2m(+100ms)[22m 
[2m16:41:35[22m   [34m├─[39m [2m/cutoffs/aiims-delhi-nursing/index.html[22m [2m(+34ms)[22m 
[2m16:41:35[22m   [34m├─[39m [2m/cutoffs/aiims-jodhpur-nursing-2026/index.html[22m [2m(+56ms)[22m 
[2m16:41:35[22m   [34m├─[39m [2m/cutoffs/aiims-jodhpur-nursing/index.html[22m [2m(+44ms)[22m 
[2m16:41:35[22m   [34m├─[39m [2m/cutoffs/aiims-patna-nursing-2026/index.html[22m [2m(+79ms)[22m 
[2m16:41:35[22m   [34m├─[39m [2m/cutoffs/aiims-patna-nursing/index.html[22m [2m(+70ms)[22m 
[2m16:41:35[22m   [34m├─[39m [2m/cutoffs/aiims-bhopal-nursing-2026/index.html[22m [2m(+36ms)[22m 
[2m16:41:35[22m   [34m├─[39m [2m/cutoffs/aiims-bhopal-nursing/index.html[22m [2m(+81ms)[22m 
[2m16:41:35[22m   [34m├─[39m [2m/cutoffs/aiims-rishikesh-nursing-2026/index.html[22m [2m(+82ms)[22m 
[2m16:41:35[22m   [34m├─[39m [2m/cutoffs/aiims-rishikesh-nursing/index.html[22m [2m(+79ms)[22m 
[2m16:41:35[22m   [34m├─[39m [2m/cutoffs/aiims-bhubaneswar-nursing-2026/index.html[22m [2m(+97ms)[22m 
[2m16:41:36[22m   [34m├─[39m [2m/cutoffs/aiims-bhubaneswar-nursing/index.html[22m [2m(+51ms)[22m 
[2m16:41:36[22m   [34m├─[39m [2m/cutoffs/aiims-raipur-nursing-2026/index.html[22m [2m(+47ms)[22m 
[2m16:41:36[22m   [34m├─[39m [2m/cutoffs/aiims-raipur-nursing/index.html[22m [2m(+66ms)[22m 
[2m16:41:36[22m   [34m├─[39m [2m/cutoffs/aiims-nagpur-nursing-2026/index.html[22m [2m(+21ms)[22m 
[2m16:41:36[22m   [34m├─[39m [2m/cutoffs/aiims-nagpur-nursing/index.html[22m [2m(+66ms)[22m 
[2m16:41:36[22m   [34m├─[39m [2m/cutoffs/esic-hospital-2026/index.html[22m [2m(+49ms)[22m 
[2m16:41:36[22m   [34m├─[39m [2m/cutoffs/esic-hospital/index.html[22m [2m(+194ms)[22m 
[2m16:41:36[22m   [34m├─[39m [2m/cutoffs/esic-nursing-2026/index.html[22m [2m(+102ms)[22m 
[2m16:41:36[22m   [34m├─[39m [2m/cutoffs/esic-nursing/index.html[22m [2m(+24ms)[22m 
[2m16:41:36[22m   [34m├─[39m [2m/cutoffs/nhm-cho-2026/index.html[22m [2m(+95ms)[22m 
[2m16:41:36[22m   [34m├─[39m [2m/cutoffs/nhm-cho/index.html[22m [2m(+86ms)[22m 
[2m16:41:36[22m   [34m├─[39m [2m/cutoffs/nhm-staff-nurse-2026/index.html[22m [2m(+40ms)[22m 
[2m16:41:36[22m   [34m├─[39m [2m/cutoffs/nhm-staff-nurse/index.html[22m [2m(+151ms)[22m 
[2m16:41:37[22m   [34m├─[39m [2m/cutoffs/nhm-mo-2026/index.html[22m [2m(+97ms)[22m 
[2m16:41:37[22m   [34m├─[39m [2m/cutoffs/nhm-mo/index.html[22m [2m(+26ms)[22m 
[2m16:41:37[22m   [34m├─[39m [2m/cutoffs/nhm-anm-2026/index.html[22m [2m(+113ms)[22m 
[2m16:41:37[22m   [34m├─[39m [2m/cutoffs/nhm-anm/index.html[22m [2m(+114ms)[22m 
[2m16:41:37[22m   [34m├─[39m [2m/cutoffs/nhm-pharmacist-2026/index.html[22m [2m(+57ms)[22m 
[2m16:41:37[22m   [34m├─[39m [2m/cutoffs/nhm-pharmacist/index.html[22m [2m(+32ms)[22m 
[2m16:41:37[22m   [34m├─[39m [2m/cutoffs/cghs-doctor-2026/index.html[22m [2m(+42ms)[22m 
[2m16:41:37[22m   [34m├─[39m [2m/cutoffs/cghs-doctor/index.html[22m [2m(+157ms)[22m 
[2m16:41:37[22m   [34m├─[39m [2m/cutoffs/army-medical-corps-2026/index.html[22m [2m(+61ms)[22m 
[2m16:41:37[22m   [34m├─[39m [2m/cutoffs/army-medical-corps/index.html[22m [2m(+58ms)[22m 
[2m16:41:37[22m   [34m├─[39m [2m/cutoffs/navy-medical-officer-2026/index.html[22m [2m(+94ms)[22m 
[2m16:41:37[22m   [34m├─[39m [2m/cutoffs/navy-medical-officer/index.html[22m [2m(+33ms)[22m 
[2m16:41:37[22m   [34m├─[39m [2m/cutoffs/iaf-medical-officer-2026/index.html[22m [2m(+52ms)[22m 
[2m16:41:37[22m   [34m├─[39m [2m/cutoffs/iaf-medical-officer/index.html[22m [2m(+35ms)[22m 
[2m16:41:37[22m   [34m├─[39m [2m/cutoffs/jipmer-nursing-2026/index.html[22m [2m(+129ms)[22m 
[2m16:41:38[22m   [34m├─[39m [2m/cutoffs/jipmer-nursing/index.html[22m [2m(+55ms)[22m 
[2m16:41:38[22m   [34m├─[39m [2m/cutoffs/nhm-lab-tech-2026/index.html[22m [2m(+24ms)[22m 
[2m16:41:38[22m   [34m├─[39m [2m/cutoffs/nhm-lab-tech/index.html[22m [2m(+121ms)[22m 
[2m16:41:38[22m   [34m├─[39m [2m/cutoffs/isro-scientist-2026/index.html[22m [2m(+29ms)[22m 
[2m16:41:38[22m   [34m├─[39m [2m/cutoffs/isro-scientist/index.html[22m [2m(+36ms)[22m 
[2m16:41:38[22m   [34m├─[39m [2m/cutoffs/isro-tech-asst-2026/index.html[22m [2m(+146ms)[22m 
[2m16:41:38[22m   [34m├─[39m [2m/cutoffs/isro-tech-asst/index.html[22m [2m(+60ms)[22m 
[2m16:41:38[22m   [34m├─[39m [2m/cutoffs/isro-technician-2026/index.html[22m [2m(+60ms)[22m 
[2m16:41:38[22m   [34m├─[39m [2m/cutoffs/isro-technician/index.html[22m [2m(+150ms)[22m 
[2m16:41:38[22m   [34m├─[39m [2m/cutoffs/drdo-scientist-b-2026/index.html[22m [2m(+38ms)[22m 
[2m16:41:38[22m   [34m├─[39m [2m/cutoffs/drdo-scientist-b/index.html[22m [2m(+131ms)[22m 
[2m16:41:38[22m   [34m├─[39m [2m/cutoffs/barc-scientific-officer-2026/index.html[22m [2m(+21ms)[22m 
[2m16:41:38[22m   [34m├─[39m [2m/cutoffs/barc-scientific-officer/index.html[22m [2m(+49ms)[22m 
[2m16:41:39[22m   [34m├─[39m [2m/cutoffs/barc-trainee-2026/index.html[22m [2m(+108ms)[22m 
[2m16:41:39[22m   [34m├─[39m [2m/cutoffs/barc-trainee/index.html[22m [2m(+176ms)[22m 
[2m16:41:39[22m   [34m├─[39m [2m/cutoffs/ntpc-et-2026/index.html[22m [2m(+45ms)[22m 
[2m16:41:39[22m   [34m├─[39m [2m/cutoffs/ntpc-et/index.html[22m [2m(+98ms)[22m 
[2m16:41:39[22m   [34m├─[39m [2m/cutoffs/ntpc-diploma-2026/index.html[22m [2m(+51ms)[22m 
[2m16:41:39[22m   [34m├─[39m [2m/cutoffs/ntpc-diploma/index.html[22m [2m(+70ms)[22m 
[2m16:41:39[22m   [34m├─[39m [2m/cutoffs/nhpc-et-2026/index.html[22m [2m(+134ms)[22m 
[2m16:41:39[22m   [34m├─[39m [2m/cutoffs/nhpc-et/index.html[22m [2m(+114ms)[22m 
[2m16:41:39[22m   [34m├─[39m [2m/cutoffs/pgcil-et-2026/index.html[22m [2m(+117ms)[22m 
[2m16:41:39[22m   [34m├─[39m [2m/cutoffs/pgcil-et/index.html[22m [2m(+79ms)[22m 
[2m16:41:40[22m   [34m├─[39m [2m/cutoffs/aai-je-airport-ops-2026/index.html[22m [2m(+70ms)[22m 
[2m16:41:40[22m   [34m├─[39m [2m/cutoffs/aai-je-airport-ops/index.html[22m [2m(+116ms)[22m 
[2m16:41:40[22m   [34m├─[39m [2m/cutoffs/nhai-deputy-manager-2026/index.html[22m [2m(+83ms)[22m 
[2m16:41:40[22m   [34m├─[39m [2m/cutoffs/nhai-deputy-manager/index.html[22m [2m(+37ms)[22m 
[2m16:41:40[22m   [34m├─[39m [2m/cutoffs/cpwd-section-eng-2026/index.html[22m [2m(+33ms)[22m 
[2m16:41:40[22m   [34m├─[39m [2m/cutoffs/cpwd-section-eng/index.html[22m [2m(+129ms)[22m 
[2m16:41:40[22m   [34m├─[39m [2m/cutoffs/bro-je-technician-2026/index.html[22m [2m(+103ms)[22m 
[2m16:41:40[22m   [34m├─[39m [2m/cutoffs/bro-je-technician/index.html[22m [2m(+117ms)[22m 
[2m16:41:40[22m   [34m├─[39m [2m/cutoffs/bhel-et-2026/index.html[22m [2m(+165ms)[22m 
[2m16:41:40[22m   [34m├─[39m [2m/cutoffs/bhel-et/index.html[22m [2m(+133ms)[22m 
[2m16:41:41[22m   [34m├─[39m [2m/cutoffs/bhel-apprentice-2026/index.html[22m [2m(+120ms)[22m 
[2m16:41:41[22m   [34m├─[39m [2m/cutoffs/bhel-apprentice/index.html[22m [2m(+67ms)[22m 
[2m16:41:41[22m   [34m├─[39m [2m/cutoffs/sail-mt-2026-1/index.html[22m [2m(+77ms)[22m 
[2m16:41:41[22m   [34m├─[39m [2m/cutoffs/sail-apprentice-2026/index.html[22m [2m(+83ms)[22m 
[2m16:41:41[22m   [34m├─[39m [2m/cutoffs/sail-apprentice/index.html[22m [2m(+105ms)[22m 
[2m16:41:41[22m   [34m├─[39m [2m/cutoffs/ongc-apprentice-2026/index.html[22m [2m(+64ms)[22m 
[2m16:41:41[22m   [34m├─[39m [2m/cutoffs/ongc-apprentice/index.html[22m [2m(+54ms)[22m 
[2m16:41:41[22m   [34m├─[39m [2m/cutoffs/gail-apprentice-2026/index.html[22m [2m(+67ms)[22m 
[2m16:41:41[22m   [34m├─[39m [2m/cutoffs/gail-apprentice/index.html[22m [2m(+50ms)[22m 
[2m16:41:41[22m   [34m├─[39m [2m/cutoffs/hpcl-technician-2026/index.html[22m [2m(+143ms)[22m 
[2m16:41:41[22m   [34m├─[39m [2m/cutoffs/hpcl-technician/index.html[22m [2m(+335ms)[22m 
[2m16:41:42[22m   [34m├─[39m [2m/cutoffs/hcl-officer-2026/index.html[22m [2m(+28ms)[22m 
[2m16:41:42[22m   [34m├─[39m [2m/cutoffs/hcl-officer/index.html[22m [2m(+22ms)[22m 
[2m16:41:42[22m   [34m├─[39m [2m/cutoffs/nmdc-mining-2026/index.html[22m [2m(+102ms)[22m 
[2m16:41:42[22m   [34m├─[39m [2m/cutoffs/nmdc-mining/index.html[22m [2m(+85ms)[22m 
[2m16:41:42[22m   [34m├─[39m [2m/cutoffs/mecon-engineer-2026/index.html[22m [2m(+84ms)[22m 
[2m16:41:42[22m   [34m├─[39m [2m/cutoffs/mecon-engineer/index.html[22m [2m(+170ms)[22m 
[2m16:41:42[22m   [34m├─[39m [2m/cutoffs/eil-officer-2026/index.html[22m [2m(+32ms)[22m 
[2m16:41:42[22m   [34m├─[39m [2m/cutoffs/eil-officer/index.html[22m [2m(+66ms)[22m 
[2m16:41:42[22m   [34m├─[39m [2m/cutoffs/mh-police-constable-2026/index.html[22m [2m(+66ms)[22m 
[2m16:41:42[22m   [34m├─[39m [2m/cutoffs/mh-police-constable/index.html[22m [2m(+55ms)[22m 
[2m16:41:42[22m   [34m├─[39m [2m/cutoffs/mh-police-si-2026/index.html[22m [2m(+31ms)[22m 
[2m16:41:42[22m   [34m├─[39m [2m/cutoffs/mh-police-si/index.html[22m [2m(+119ms)[22m 
[2m16:41:43[22m   [34m├─[39m [2m/cutoffs/gujarat-police-constable-2026/index.html[22m [2m(+128ms)[22m 
[2m16:41:43[22m   [34m├─[39m [2m/cutoffs/gujarat-police-constable/index.html[22m [2m(+49ms)[22m 
[2m16:41:43[22m   [34m├─[39m [2m/cutoffs/gujarat-police-si-2026/index.html[22m [2m(+228ms)[22m 
[2m16:41:43[22m   [34m├─[39m [2m/cutoffs/gujarat-police-si/index.html[22m [2m(+44ms)[22m 
[2m16:41:43[22m   [34m├─[39m [2m/cutoffs/karnataka-police-constable-2026/index.html[22m [2m(+94ms)[22m 
[2m16:41:43[22m   [34m├─[39m [2m/cutoffs/karnataka-police-constable/index.html[22m [2m(+62ms)[22m 
[2m16:41:43[22m   [34m├─[39m [2m/cutoffs/karnataka-police-si-2026/index.html[22m [2m(+25ms)[22m 
[2m16:41:43[22m   [34m├─[39m [2m/cutoffs/karnataka-police-si/index.html[22m [2m(+29ms)[22m 
[2m16:41:43[22m   [34m├─[39m [2m/cutoffs/tn-police-constable-2026/index.html[22m [2m(+256ms)[22m 
[2m16:41:43[22m   [34m├─[39m [2m/cutoffs/tn-police-constable/index.html[22m [2m(+65ms)[22m 
[2m16:41:44[22m   [34m├─[39m [2m/cutoffs/tn-police-si-2026/index.html[22m [2m(+68ms)[22m 
[2m16:41:44[22m   [34m├─[39m [2m/cutoffs/tn-police-si/index.html[22m [2m(+75ms)[22m 
[2m16:41:44[22m   [34m├─[39m [2m/cutoffs/wb-police-constable-2026/index.html[22m [2m(+103ms)[22m 
[2m16:41:44[22m   [34m├─[39m [2m/cutoffs/wb-police-constable/index.html[22m [2m(+72ms)[22m 
[2m16:41:44[22m   [34m├─[39m [2m/cutoffs/wb-police-si-2026/index.html[22m [2m(+113ms)[22m 
[2m16:41:44[22m   [34m├─[39m [2m/cutoffs/wb-police-si/index.html[22m [2m(+170ms)[22m 
[2m16:41:44[22m   [34m├─[39m [2m/cutoffs/odisha-police-constable-2026/index.html[22m [2m(+81ms)[22m 
[2m16:41:44[22m   [34m├─[39m [2m/cutoffs/odisha-police-constable/index.html[22m [2m(+52ms)[22m 
[2m16:41:44[22m   [34m├─[39m [2m/cutoffs/jharkhand-police-constable-2026/index.html[22m [2m(+114ms)[22m 
[2m16:41:44[22m   [34m├─[39m [2m/cutoffs/jharkhand-police-constable/index.html[22m [2m(+34ms)[22m 
[2m16:41:44[22m   [34m├─[39m [2m/cutoffs/cg-police-constable-2026/index.html[22m [2m(+66ms)[22m 
[2m16:41:45[22m   [34m├─[39m [2m/cutoffs/cg-police-constable/index.html[22m [2m(+50ms)[22m 
[2m16:41:45[22m   [34m├─[39m [2m/cutoffs/jk-police-constable-2026/index.html[22m [2m(+29ms)[22m 
[2m16:41:45[22m   [34m├─[39m [2m/cutoffs/jk-police-constable/index.html[22m [2m(+73ms)[22m 
[2m16:41:45[22m   [34m├─[39m [2m/cutoffs/haryana-police-constable-2026/index.html[22m [2m(+81ms)[22m 
[2m16:41:45[22m   [34m├─[39m [2m/cutoffs/haryana-police-constable/index.html[22m [2m(+370ms)[22m 
[2m16:41:45[22m   [34m├─[39m [2m/cutoffs/haryana-police-si-2026/index.html[22m [2m(+112ms)[22m 
[2m16:41:45[22m   [34m├─[39m [2m/cutoffs/haryana-police-si/index.html[22m [2m(+65ms)[22m 
[2m16:41:45[22m   [34m├─[39m [2m/cutoffs/punjab-police-constable-2026/index.html[22m [2m(+102ms)[22m 
[2m16:41:45[22m   [34m├─[39m [2m/cutoffs/punjab-police-constable/index.html[22m [2m(+101ms)[22m 
[2m16:41:45[22m   [34m├─[39m [2m/cutoffs/hp-police-constable-2026/index.html[22m [2m(+85ms)[22m 
[2m16:41:46[22m   [34m├─[39m [2m/cutoffs/hp-police-constable/index.html[22m [2m(+158ms)[22m 
[2m16:41:46[22m   [34m├─[39m [2m/cutoffs/uttarakhand-police-constable-2026/index.html[22m [2m(+169ms)[22m 
[2m16:41:46[22m   [34m├─[39m [2m/cutoffs/uttarakhand-police-constable/index.html[22m [2m(+19ms)[22m 
[2m16:41:46[22m   [34m├─[39m [2m/cutoffs/assam-police-constable-2026/index.html[22m [2m(+81ms)[22m 
[2m16:41:46[22m   [34m├─[39m [2m/cutoffs/assam-police-constable/index.html[22m [2m(+55ms)[22m 
[2m16:41:46[22m   [34m├─[39m [2m/cutoffs/assam-police-si-2026/index.html[22m [2m(+118ms)[22m 
[2m16:41:46[22m   [34m├─[39m [2m/cutoffs/assam-police-si/index.html[22m [2m(+272ms)[22m 
[2m16:41:46[22m   [34m├─[39m [2m/cutoffs/ts-police-constable-2026/index.html[22m [2m(+28ms)[22m 
[2m16:41:46[22m   [34m├─[39m [2m/cutoffs/ts-police-constable/index.html[22m [2m(+31ms)[22m 
[2m16:41:47[22m   [34m├─[39m [2m/cutoffs/ap-police-constable-2026/index.html[22m [2m(+18ms)[22m 
[2m16:41:47[22m   [34m├─[39m [2m/cutoffs/ap-police-constable/index.html[22m [2m(+217ms)[22m 
[2m16:41:47[22m   [34m├─[39m [2m/cutoffs/up-police-constable-2027/index.html[22m [2m(+15ms)[22m 
[2m16:41:47[22m   [34m├─[39m [2m/cutoffs/allahabad-hc-cj-2026/index.html[22m [2m(+124ms)[22m 
[2m16:41:47[22m   [34m├─[39m [2m/cutoffs/allahabad-hc-cj/index.html[22m [2m(+44ms)[22m 
[2m16:41:47[22m   [34m├─[39m [2m/cutoffs/allahabad-hc-dj-2026/index.html[22m [2m(+67ms)[22m 
[2m16:41:47[22m   [34m├─[39m [2m/cutoffs/allahabad-hc-dj/index.html[22m [2m(+21ms)[22m 
[2m16:41:47[22m   [34m├─[39m [2m/cutoffs/patna-hc-cj-2026/index.html[22m [2m(+100ms)[22m 
[2m16:41:47[22m   [34m├─[39m [2m/cutoffs/patna-hc-cj/index.html[22m [2m(+53ms)[22m 
[2m16:41:47[22m   [34m├─[39m [2m/cutoffs/rajasthan-hc-cj-2026/index.html[22m [2m(+218ms)[22m 
[2m16:41:47[22m   [34m├─[39m [2m/cutoffs/rajasthan-hc-cj/index.html[22m [2m(+66ms)[22m 
[2m16:41:47[22m   [34m├─[39m [2m/cutoffs/mp-hc-cj-2026/index.html[22m [2m(+45ms)[22m 
[2m16:41:48[22m   [34m├─[39m [2m/cutoffs/mp-hc-cj/index.html[22m [2m(+27ms)[22m 
[2m16:41:48[22m   [34m├─[39m [2m/cutoffs/bombay-hc-cj-2026/index.html[22m [2m(+39ms)[22m 
[2m16:41:48[22m   [34m├─[39m [2m/cutoffs/bombay-hc-cj/index.html[22m [2m(+47ms)[22m 
[2m16:41:48[22m   [34m├─[39m [2m/cutoffs/calcutta-hc-cj-2026/index.html[22m [2m(+55ms)[22m 
[2m16:41:48[22m   [34m├─[39m [2m/cutoffs/calcutta-hc-cj/index.html[22m [2m(+131ms)[22m 
[2m16:41:48[22m   [34m├─[39m [2m/cutoffs/madras-hc-cj-2026/index.html[22m [2m(+67ms)[22m 
[2m16:41:48[22m   [34m├─[39m [2m/cutoffs/madras-hc-cj/index.html[22m [2m(+99ms)[22m 
[2m16:41:48[22m   [34m├─[39m [2m/cutoffs/karnataka-hc-cj-2026/index.html[22m [2m(+78ms)[22m 
[2m16:41:48[22m   [34m├─[39m [2m/cutoffs/karnataka-hc-cj/index.html[22m [2m(+134ms)[22m 
[2m16:41:48[22m   [34m├─[39m [2m/cutoffs/allahabad-hc-dj-direct-2026/index.html[22m [2m(+173ms)[22m 
[2m16:41:48[22m   [34m├─[39m [2m/cutoffs/allahabad-hc-dj-direct/index.html[22m [2m(+65ms)[22m 
[2m16:41:48[22m   [34m├─[39m [2m/cutoffs/delhi-dc-cj-2026/index.html[22m [2m(+50ms)[22m 
[2m16:41:48[22m   [34m├─[39m [2m/cutoffs/delhi-dc-cj/index.html[22m [2m(+29ms)[22m 
[2m16:41:49[22m   [34m├─[39m [2m/cutoffs/sci-jca-2026/index.html[22m [2m(+33ms)[22m 
[2m16:41:49[22m   [34m├─[39m [2m/cutoffs/sci-jca/index.html[22m [2m(+55ms)[22m 
[2m16:41:49[22m   [34m├─[39m [2m/cutoffs/sci-pa-steno-2026/index.html[22m [2m(+414ms)[22m 
[2m16:41:49[22m   [34m├─[39m [2m/cutoffs/sci-pa-steno/index.html[22m [2m(+169ms)[22m 
[2m16:41:49[22m   [34m├─[39m [2m/cutoffs/telangana-hc-cj-2026/index.html[22m [2m(+30ms)[22m 
[2m16:41:49[22m   [34m├─[39m [2m/cutoffs/telangana-hc-cj/index.html[22m [2m(+58ms)[22m 
[2m16:41:49[22m   [34m├─[39m [2m/cutoffs/kerala-hc-cj-2026/index.html[22m [2m(+38ms)[22m 
[2m16:41:49[22m   [34m├─[39m [2m/cutoffs/kerala-hc-cj/index.html[22m [2m(+319ms)[22m 
[2m16:41:50[22m   [34m├─[39m [2m/cutoffs/gauhati-hc-cj-2026/index.html[22m [2m(+86ms)[22m 
[2m16:41:50[22m   [34m├─[39m [2m/cutoffs/gauhati-hc-cj/index.html[22m [2m(+61ms)[22m 
[2m16:41:50[22m   [34m├─[39m [2m/cutoffs/jharkhand-hc-cj-2026/index.html[22m [2m(+71ms)[22m 
[2m16:41:50[22m   [34m├─[39m [2m/cutoffs/jharkhand-hc-cj/index.html[22m [2m(+117ms)[22m 
[2m16:41:50[22m   [34m├─[39m [2m/cutoffs/cg-hc-cj-2026/index.html[22m [2m(+93ms)[22m 
[2m16:41:50[22m   [34m├─[39m [2m/cutoffs/cg-hc-cj/index.html[22m [2m(+68ms)[22m 
[2m16:41:50[22m   [34m├─[39m [2m/cutoffs/uk-hc-cj-2026/index.html[22m [2m(+53ms)[22m 
[2m16:41:50[22m   [34m├─[39m [2m/cutoffs/uk-hc-cj/index.html[22m [2m(+19ms)[22m 
[2m16:41:50[22m   [34m├─[39m [2m/cutoffs/goa-hc-cj-2026/index.html[22m [2m(+49ms)[22m 
[2m16:41:50[22m   [34m├─[39m [2m/cutoffs/goa-hc-cj/index.html[22m [2m(+177ms)[22m 
[2m16:41:50[22m   [34m├─[39m [2m/cutoffs/sikkim-hc-cj-2026/index.html[22m [2m(+136ms)[22m 
[2m16:41:51[22m   [34m└─[39m [2m/cutoffs/sikkim-hc-cj/index.html[22m [2m(+116ms)[22m 
[2m16:41:51[22m [32m▶[39m src/pages/cutoffs/index.astro
[2m16:41:51[22m   [34m└─[39m [2m/cutoffs/index.html[22m [2m(+93ms)[22m 
[2m16:41:51[22m [32m▶[39m src/pages/disclaimer.astro
[2m16:41:51[22m   [34m└─[39m [2m/disclaimer/index.html[22m [2m(+23ms)[22m 
[2m16:41:51[22m [32m▶[39m src/pages/employment-news.astro
[2m16:41:51[22m   [34m└─[39m [2m/employment-news/index.html[22m [2m(+40ms)[22m 
[2m16:41:51[22m [32m▶[39m src/pages/exam-calendar.astro
[2m16:41:51[22m   [34m└─[39m [2m/exam-calendar/index.html[22m [2m(+29ms)[22m 
[2m16:41:51[22m [32m▶[39m src/pages/faq.astro
[2m16:41:51[22m   [34m└─[39m [2m/faq/index.html[22m [2m(+17ms)[22m 
[2m16:41:51[22m [32m▶[39m src/pages/index.astro
[2m16:41:51[22m   [34m└─[39m [2m/index.html[22m [2m(+70ms)[22m 
[2m16:41:51[22m [32m▶[39m src/pages/latest-jobs/[slug].astro
[2m16:41:51[22m   [34m├─[39m [2m/latest-jobs/ibps-rrb-po-and-clerk-2026-apply-online-date-exten-2026/index.html[22m [2m(+177ms)[22m 
[2m16:41:51[22m   [34m├─[39m [2m/latest-jobs/gujarat-anganwadi-recruitment-2026-out-apply-onlin-2026/index.html[22m [2m(+50ms)[22m 
[2m16:41:52[22m   [34m├─[39m [2m/latest-jobs/assam-rifles-recruitment-2026-notification-out-for-2026/index.html[22m [2m(+68ms)[22m 
[2m16:41:52[22m   [34m├─[39m [2m/latest-jobs/jssc-jilcce-recruitment-2026-326-health-supervisor-2026/index.html[22m [2m(+53ms)[22m 
[2m16:41:52[22m   [34m├─[39m [2m/latest-jobs/ibps-rrb-apply-online-2026-ends-today-check-applic-2026/index.html[22m [2m(+113ms)[22m 
[2m16:41:52[22m   [34m├─[39m [2m/latest-jobs/up-excise-constable-cutoff-2026-check-category-wis-2026/index.html[22m [2m(+84ms)[22m 
[2m16:41:52[22m   [34m├─[39m [2m/latest-jobs/ibps-rrb-recruitment-2026-apply-online-last-date-t-2026/index.html[22m [2m(+47ms)[22m 
[2m16:41:52[22m   [34m├─[39m [2m/latest-jobs/upsssc-je-agriculture-recruitment-2026-apply-onlin-2026/index.html[22m [2m(+38ms)[22m 
[2m16:41:52[22m   [34m├─[39m [2m/latest-jobs/jharkhand-jssc-jilcce-recruitment-2026-notificatio-2026/index.html[22m [2m(+203ms)[22m 
[2m16:41:52[22m   [34m├─[39m [2m/latest-jobs/hppsc-medical-officer-recruitment-2026-notificatio-2026/index.html[22m [2m(+244ms)[22m 
[2m16:41:52[22m   [34m├─[39m [2m/latest-jobs/eil-recruitment-2026-notification-out-for-various--2026/index.html[22m [2m(+93ms)[22m 
[2m16:41:52[22m   [34m├─[39m [2m/latest-jobs/ignou-recruitment-2026-notification-out-for-variou-2026/index.html[22m [2m(+75ms)[22m 
[2m16:41:53[22m   [34m├─[39m [2m/latest-jobs/mp-police-constable-syllabus-2026-check-topic-wise-2026/index.html[22m [2m(+53ms)[22m 
[2m16:41:53[22m   [34m├─[39m [2m/latest-jobs/cpri-recruitment-2026-apply-online-for-110-enginee-2026/index.html[22m [2m(+67ms)[22m 
[2m16:41:53[22m   [34m├─[39m [2m/latest-jobs/mpesb-subedar-steno-asi-recruitment-2026-notificat-2026/index.html[22m [2m(+57ms)[22m 
[2m16:41:53[22m   [34m├─[39m [2m/latest-jobs/cpri-recruitment-2026-notification-out-apply-onlin-2026/index.html[22m [2m(+65ms)[22m 
[2m16:41:53[22m   [34m├─[39m [2m/latest-jobs/upsssc-je-recruitment-2026-apply-online-begins-for-2026/index.html[22m [2m(+256ms)[22m 
[2m16:41:53[22m   [34m├─[39m [2m/latest-jobs/tnpsc-cts-diploma-exam-date-2026-out-for-856-iti-p-2026/index.html[22m [2m(+81ms)[22m 
[2m16:41:53[22m   [34m├─[39m [2m/latest-jobs/ts-police-constable-si-salary-2026-check-pay-scale-2026/index.html[22m [2m(+49ms)[22m 
[2m16:41:53[22m   [34m├─[39m [2m/latest-jobs/upsssc-je-recruitment-2026-notification-out-apply--2026/index.html[22m [2m(+51ms)[22m 
[2m16:41:53[22m   [34m├─[39m [2m/latest-jobs/slprb-ap-police-recruitment-2026-notification-out--2026/index.html[22m [2m(+148ms)[22m 
[2m16:41:53[22m   [34m├─[39m [2m/latest-jobs/indian-post-office-gds-recruitment-2026-apply-link-2026/index.html[22m [2m(+103ms)[22m 
[2m16:41:53[22m   [34m├─[39m [2m/latest-jobs/india-post-gds-maharashtra-vacancy-2026-check-divi-2026/index.html[22m [2m(+347ms)[22m 
[2m16:41:54[22m   [34m├─[39m [2m/latest-jobs/bcpl-recruitment-2026-bcpl-vacancy-2026-iti-techni-2026/index.html[22m [2m(+18ms)[22m 
[2m16:41:54[22m   [34m├─[39m [2m/latest-jobs/psssb-group-c-recruitment-2026-notification-out-fo-2026/index.html[22m [2m(+34ms)[22m 
[2m16:41:54[22m   [34m├─[39m [2m/latest-jobs/dav-staff-recruitment-2026-notification-out-apply--2026/index.html[22m [2m(+33ms)[22m 
[2m16:41:54[22m   [34m├─[39m [2m/latest-jobs/pfrda-grade-a-notification-2026-out-check-apply-on-2026/index.html[22m [2m(+248ms)[22m 
[2m16:41:54[22m   [34m├─[39m [2m/latest-jobs/emrs-pgt-salary-2026-check-pay-scale-in-hand-salar-2026/index.html[22m [2m(+82ms)[22m 
[2m16:41:54[22m   [34m├─[39m [2m/latest-jobs/nta-recruitment-2026-check-eligibility-and-last-da-2026/index.html[22m [2m(+87ms)[22m 
[2m16:41:54[22m   [34m├─[39m [2m/latest-jobs/punjab-and-haryana-high-court-driver-recruitment-2-2026/index.html[22m [2m(+198ms)[22m 
[2m16:41:55[22m   [34m├─[39m [2m/latest-jobs/upsc-ese-notification-2026-released-apply-online-b-2026/index.html[22m [2m(+35ms)[22m 
[2m16:41:55[22m   [34m├─[39m [2m/latest-jobs/dsssb-aso-exam-date-2026-out-for-941-grade-2-posts-2026/index.html[22m [2m(+41ms)[22m 
[2m16:41:55[22m   [34m├─[39m [2m/latest-jobs/ecce-educator-vacancy-in-up-latest-news-educator-v-2026/index.html[22m [2m(+92ms)[22m 
[2m16:41:55[22m   [34m├─[39m [2m/latest-jobs/iob-local-bank-officer-exam-date-2026-out-check-ex-2026/index.html[22m [2m(+98ms)[22m 
[2m16:41:55[22m   [34m├─[39m [2m/latest-jobs/uksssc-scaler-recruitment-2026-notification-out-fo-2026/index.html[22m [2m(+307ms)[22m 
[2m16:41:55[22m   [34m├─[39m [2m/latest-jobs/mphc-recruitment-2026-mp-high-court-assistant-grad-2026/index.html[22m [2m(+74ms)[22m 
[2m16:41:55[22m   [34m├─[39m [2m/latest-jobs/rrb-je-exam-date-2026-out-check-cen-042026-junior--2026/index.html[22m [2m(+35ms)[22m 
[2m16:41:55[22m   [34m├─[39m [2m/latest-jobs/tslprb-notification-2026-apply-online-last-date-to-2026/index.html[22m [2m(+65ms)[22m 
[2m16:41:55[22m   [34m├─[39m [2m/latest-jobs/upcisb-exam-date-2026-out-for-2085-various-vacanci-2026/index.html[22m [2m(+176ms)[22m 
[2m16:41:55[22m   [34m├─[39m [2m/latest-jobs/up-pgt-teacher-notification-2026-out-apply-online--2026/index.html[22m [2m(+359ms)[22m 
[2m16:41:56[22m   [34m├─[39m [2m/latest-jobs/jkssb-recruitment-2026-notification-out-for-2863-p-2026/index.html[22m [2m(+49ms)[22m 
[2m16:41:56[22m   [34m├─[39m [2m/latest-jobs/ruhs-medical-officer-recruitment-2026-notification-2026/index.html[22m [2m(+68ms)[22m 
[2m16:41:56[22m   [34m├─[39m [2m/latest-jobs/upessc-up-prt-assistant-teacher-recruitment-2026-n-2026/index.html[22m [2m(+48ms)[22m 
[2m16:41:56[22m   [34m├─[39m [2m/latest-jobs/iob-local-bank-officer-lbo-exam-date-2026-out-for--2026/index.html[22m [2m(+28ms)[22m 
[2m16:41:56[22m   [34m├─[39m [2m/latest-jobs/up-teacher-recruitment-2026-applications-open-for--2026/index.html[22m [2m(+72ms)[22m 
[2m16:41:56[22m   [34m├─[39m [2m/latest-jobs/ibps-clerk-reserve-list-2026-out-download-2nd-prov-2026/index.html[22m [2m(+68ms)[22m 
[2m16:41:56[22m   [34m├─[39m [2m/latest-jobs/appsc-job-calendar-2026-new-released-at-portal-psc-2026/index.html[22m [31m(+514ms)[39m 
[2m16:41:57[22m   [34m├─[39m [2m/latest-jobs/uksssc-group-c-recruitment-2026-apply-online-for-p-2026/index.html[22m [2m(+69ms)[22m 
[2m16:41:57[22m   [34m├─[39m [2m/latest-jobs/coconut-development-board-recruitment-2026-out-for-2026/index.html[22m [2m(+55ms)[22m 
[2m16:41:57[22m   [34m├─[39m [2m/latest-jobs/rrc-ecor-recruitment-2026-last-date-today-apply-on-2026/index.html[22m [2m(+54ms)[22m 
[2m16:41:57[22m   [34m├─[39m [2m/latest-jobs/upsssc-veterinary-pharmacist-recruitment-2026-out--2026/index.html[22m [2m(+51ms)[22m 
[2m16:41:57[22m   [34m├─[39m [2m/latest-jobs/iob-specialist-officer-recruitment-2026-apply-onli-2026/index.html[22m [2m(+61ms)[22m 
[2m16:41:57[22m   [34m├─[39m [2m/latest-jobs/appsc-recruitment-2026-notification-out-for-892-gr-2026/index.html[22m [2m(+56ms)[22m 
[2m16:41:57[22m   [34m├─[39m [2m/latest-jobs/upsssc-veterinary-pharmacist-recruitment-2026-appl-2026/index.html[22m [2m(+432ms)[22m 
[2m16:41:57[22m   [34m├─[39m [2m/latest-jobs/iocl-exam-date-2026-out-check-official-schedule-fo-2026/index.html[22m [2m(+78ms)[22m 
[2m16:41:58[22m   [34m├─[39m [2m/latest-jobs/ruhs-medical-officer-recruitment-2026-apply-online-2026/index.html[22m [2m(+50ms)[22m 
[2m16:41:58[22m   [34m├─[39m [2m/latest-jobs/psssb-group-d-recruitment-2026-last-date-to-apply--2026/index.html[22m [2m(+30ms)[22m 
[2m16:41:58[22m   [34m├─[39m [2m/latest-jobs/kea-karnataka-recruitment-2026-notification-out-fo-2026/index.html[22m [2m(+90ms)[22m 
[2m16:41:58[22m   [34m├─[39m [2m/latest-jobs/rrb-paramedical-recruitment-2026-notification-out--2026/index.html[22m [2m(+84ms)[22m 
[2m16:41:58[22m   [34m├─[39m [2m/latest-jobs/mp-naib-tehsildar-notification-2026-out-for-106-po-2026/index.html[22m [2m(+133ms)[22m 
[2m16:41:58[22m   [34m├─[39m [2m/latest-jobs/jharkhand-home-guard-recruitment-2026-notification-2026/index.html[22m [2m(+463ms)[22m 
[2m16:41:58[22m   [34m├─[39m [2m/latest-jobs/haryana-police-vacancy-2026-30-posts-vacant-15000--2026/index.html[22m [2m(+50ms)[22m 
[2m16:41:58[22m   [34m├─[39m [2m/latest-jobs/tnpsc-ctse-notification-2026-out-for-170-interview-2026/index.html[22m [2m(+66ms)[22m 
[2m16:41:58[22m   [34m├─[39m [2m/latest-jobs/rrb-je-recruitment-2026-last-date-today-apply-onli-2026/index.html[22m [2m(+152ms)[22m 
[2m16:41:59[22m   [34m├─[39m [2m/latest-jobs/mp-sub-engineer-recruitment-2026-apply-online-last-2026/index.html[22m [2m(+83ms)[22m 
[2m16:41:59[22m   [34m├─[39m [2m/latest-jobs/jharkhand-teacher-vacancy-2026-7500-schools-have-o-2026/index.html[22m [2m(+33ms)[22m 
[2m16:41:59[22m   [34m├─[39m [2m/latest-jobs/tn-nhm-recruitment-2026-notification-released-for--2026/index.html[22m [2m(+67ms)[22m 
[2m16:41:59[22m   [34m├─[39m [2m/latest-jobs/upsc-epfo-apply-online-2026-extended-last-date-to--2026/index.html[22m [2m(+155ms)[22m 
[2m16:41:59[22m   [34m├─[39m [2m/latest-jobs/rrb-technician-recruitment-2026-application-status-2026/index.html[22m [2m(+282ms)[22m 
[2m16:41:59[22m   [34m├─[39m [2m/latest-jobs/ssc-cgl-notification-2026-out-for-12256-group-b-an-2026/index.html[22m [2m(+102ms)[22m 
[2m16:41:59[22m   [34m├─[39m [2m/latest-jobs/jnu-exam-date-2026-for-267-posts-check-complete-ex-2026/index.html[22m [2m(+101ms)[22m 
[2m16:41:59[22m   [34m├─[39m [2m/latest-jobs/mp-nayab-tehsildar-recruitment-2026-out-for-73-vac-2026/index.html[22m [2m(+38ms)[22m 
[2m16:42:00[22m   [34m├─[39m [2m/latest-jobs/ibps-rrb-vacancy-2026-increased-to-13745-check-sta-2026/index.html[22m [2m(+143ms)[22m 
[2m16:42:00[22m   [34m├─[39m [2m/latest-jobs/rrb-je-recruitment-2026-last-date-tomorrow-apply-o-2026/index.html[22m [2m(+72ms)[22m 
[2m16:42:00[22m   [34m├─[39m [2m/latest-jobs/ap-police-constable-notification-2026-out-soon-for-2026/index.html[22m [2m(+158ms)[22m 
[2m16:42:00[22m   [34m├─[39m [2m/latest-jobs/upsc-epfo-apfc-2026-last-date-extended-apply-onlin-2026/index.html[22m [2m(+207ms)[22m 
[2m16:42:00[22m   [34m├─[39m [2m/latest-jobs/ncrtc-recruitment-2026-apply-online-for-90-supervi-2026/index.html[22m [2m(+110ms)[22m 
[2m16:42:00[22m   [34m├─[39m [2m/latest-jobs/jkssb-recruitment-2026-notification-out-apply-onli-2026/index.html[22m [2m(+72ms)[22m 
[2m16:42:00[22m   [34m├─[39m [2m/latest-jobs/upsc-epfo-apfc-2026-apply-online-last-date-today-c-2026/index.html[22m [2m(+62ms)[22m 
[2m16:42:00[22m   [34m├─[39m [2m/latest-jobs/sns-bank-vijayapura-recruitment-2026-apply-online--2026/index.html[22m [2m(+53ms)[22m 
[2m16:42:00[22m   [34m├─[39m [2m/latest-jobs/mp-police-si-recruitment-2026-apply-online-starts--2026/index.html[22m [2m(+367ms)[22m 
[2m16:42:01[22m   [34m├─[39m [2m/latest-jobs/upsssc-senior-instructor-recruitment-2026-notifica-2026/index.html[22m [2m(+263ms)[22m 
[2m16:42:01[22m   [34m├─[39m [2m/latest-jobs/boi-so-recruitment-2026-out-for-205-posts-apply-on-2026/index.html[22m [2m(+113ms)[22m 
[2m16:42:01[22m   [34m├─[39m [2m/latest-jobs/upsc-epfo-apply-online-2026-today-is-last-date-to--2026/index.html[22m [2m(+39ms)[22m 
[2m16:42:01[22m   [34m├─[39m [2m/latest-jobs/ssc-cpo-notification-2026-out-apply-online-starts--2026/index.html[22m [2m(+33ms)[22m 
[2m16:42:01[22m   [34m├─[39m [2m/latest-jobs/india-post-gds-tamil-nadu-vacancy-2026-check-categ-2026/index.html[22m [2m(+37ms)[22m 
[2m16:42:01[22m   [34m├─[39m [2m/latest-jobs/tslprb-constable-recruitment-2026-apply-online-dat-2026/index.html[22m [2m(+365ms)[22m 
[2m16:42:02[22m   [34m├─[39m [2m/latest-jobs/ssc-cpo-si-vacancy-2026-check-category-wise-vacanc-2026/index.html[22m [2m(+112ms)[22m 
[2m16:42:02[22m   [34m├─[39m [2m/latest-jobs/ukpsc-recruitment-2026-notification-out-for-group--2026/index.html[22m [2m(+52ms)[22m 
[2m16:42:02[22m   [34m├─[39m [2m/latest-jobs/maha-metro-recruitment-2026-job-opportunities-vaca-2026/index.html[22m [2m(+139ms)[22m 
[2m16:42:02[22m   [34m├─[39m [2m/latest-jobs/pgimer-nursing-officer-recruitment-2026-notificati-2026/index.html[22m [2m(+332ms)[22m 
[2m16:42:02[22m   [34m├─[39m [2m/latest-jobs/kea-recruitment-2026-notification-out-for-4600-pos-2026/index.html[22m [2m(+67ms)[22m 
[2m16:42:02[22m   [34m├─[39m [2m/latest-jobs/india-post-gds-uttar-pradesh-vacancy-2026-check-di-2026/index.html[22m [2m(+72ms)[22m 
[2m16:42:02[22m   [34m├─[39m [2m/latest-jobs/rrb-paramedical-vacancy-2026-check-post-wise-zone--2026/index.html[22m [2m(+73ms)[22m 
[2m16:42:02[22m   [34m├─[39m [2m/latest-jobs/mp-police-constable-notification-2026-released-for-2026/index.html[22m [2m(+188ms)[22m 
[2m16:42:03[22m   [34m├─[39m [2m/latest-jobs/mp-police-si-vacancy-2026-apply-online-begins-for--2026/index.html[22m [2m(+100ms)[22m 
[2m16:42:03[22m   [34m├─[39m [2m/latest-jobs/upsssc-livestock-extension-officer-recruitment-202-2026/index.html[22m [2m(+46ms)[22m 
[2m16:42:03[22m   [34m├─[39m [2m/latest-jobs/ssc-nursing-officer-exam-date-2026-out-check-offic-2026/index.html[22m [2m(+346ms)[22m 
[2m16:42:03[22m   [34m├─[39m [2m/latest-jobs/upessc-assistant-professor-recruitment-2026-notifi-2026/index.html[22m [2m(+71ms)[22m 
[2m16:42:03[22m   [34m├─[39m [2m/latest-jobs/sbi-recruitment-2026-ctc-up-to-97-lakh-2026/index.html[22m [2m(+270ms)[22m 
[2m16:42:03[22m   [34m├─[39m [2m/latest-jobs/delhi-metro-new-vacancy-2026-10th-12th-pass-new-bh-2026/index.html[22m [2m(+130ms)[22m 
[2m16:42:04[22m   [34m├─[39m [2m/latest-jobs/ssc-chsl-vacancies-2026-check-post-wise-vacancy-de-2026/index.html[22m [2m(+117ms)[22m 
[2m16:42:04[22m   [34m├─[39m [2m/latest-jobs/uiic-recruitment-2026-225-posts-salary-110-lakh-2026/index.html[22m [2m(+83ms)[22m 
[2m16:42:04[22m   [34m├─[39m [2m/latest-jobs/uksssc-inter-level-group-c-recruitment-2026-notifi-2026/index.html[22m [2m(+85ms)[22m 
[2m16:42:04[22m   [34m├─[39m [2m/latest-jobs/rrb-paramedical-recruitment-2026-apply-online-for--2026/index.html[22m [2m(+265ms)[22m 
[2m16:42:04[22m   [34m├─[39m [2m/latest-jobs/bob-lbo-recruitment-2026-last-date-extended-apply--2026/index.html[22m [2m(+139ms)[22m 
[2m16:42:04[22m   [34m├─[39m [2m/latest-jobs/uksssc-pa-and-stenographer-recruitment-2026-notifi-2026/index.html[22m [2m(+230ms)[22m 
[2m16:42:05[22m   [34m├─[39m [2m/latest-jobs/sarkari-jobs-ssc-chsl-2026-application-begins-for--2026/index.html[22m [2m(+146ms)[22m 
[2m16:42:05[22m   [34m├─[39m [2m/latest-jobs/gims-staff-nurse-recruitment-2026-notification-out-2026/index.html[22m [2m(+102ms)[22m 
[2m16:42:05[22m   [34m├─[39m [2m/latest-jobs/bpssc-bihar-home-guard-recruitment-2026-for-65-pos-2026/index.html[22m [2m(+50ms)[22m 
[2m16:42:05[22m   [34m├─[39m [2m/latest-jobs/ssc-chsl-notification-2026-out-for-2536-posts-appl-2026/index.html[22m [2m(+134ms)[22m 
[2m16:42:05[22m   [34m├─[39m [2m/latest-jobs/sbi-sco-recruitment-2026-out-apply-online-starts-f-2026/index.html[22m [2m(+63ms)[22m 
[2m16:42:05[22m   [34m├─[39m [2m/latest-jobs/ssc-chsl-2026-notification-released-for-2536-posts-2026/index.html[22m [2m(+88ms)[22m 
[2m16:42:05[22m   [34m├─[39m [2m/latest-jobs/tnpsc-cts-recruitment-2026-apply-online-for-170-in-2026/index.html[22m [2m(+412ms)[22m 
[2m16:42:06[22m   [34m├─[39m [2m/latest-jobs/upcisb-exam-date-2026-out-for-je-clerk-and-other-p-2026/index.html[22m [2m(+121ms)[22m 
[2m16:42:06[22m   [34m├─[39m [2m/latest-jobs/kfd-forest-watcher-recruitment-2026-apply-online-f-2026/index.html[22m [2m(+135ms)[22m 
[2m16:42:06[22m   [34m├─[39m [2m/latest-jobs/kea-principal-recruitment-2026-apply-online-begins-2026/index.html[22m [2m(+140ms)[22m 
[2m16:42:06[22m   [34m├─[39m [2m/latest-jobs/uicc-ao-notification-2026-released-for-225-adminis-2026/index.html[22m [2m(+77ms)[22m 
[2m16:42:06[22m   [34m├─[39m [2m/latest-jobs/government-jobs-2026-ibps-railway-vacancies-open-2026/index.html[22m [2m(+48ms)[22m 
[2m16:42:06[22m   [34m├─[39m [2m/latest-jobs/uiic-ao-recruitment-2026-notification-out-apply-on-2026/index.html[22m [2m(+79ms)[22m 
[2m16:42:06[22m   [34m├─[39m [2m/latest-jobs/psssb-clerk-recruitment-2026-apply-online-closing--2026/index.html[22m [2m(+72ms)[22m 
[2m16:42:06[22m   [34m├─[39m [2m/latest-jobs/upsc-combined-geo-scientist-recruitment-2026-27-ou-2026/index.html[22m [2m(+413ms)[22m 
[2m16:42:07[22m   [34m├─[39m [2m/latest-jobs/aai-recruitment-2026-application-closes-tomorrow-f-2026/index.html[22m [2m(+154ms)[22m 
[2m16:42:07[22m   [34m├─[39m [2m/latest-jobs/neepco-recruitment-2027-out-apply-online-check-vac-2026/index.html[22m [2m(+65ms)[22m 
[2m16:42:07[22m   [34m├─[39m [2m/latest-jobs/sbi-so-wealth-management-recruitment-2026-notifica-2026/index.html[22m [2m(+164ms)[22m 
[2m16:42:07[22m   [34m├─[39m [2m/latest-jobs/delhi-high-court-senior-personal-assistant-persona-2026/index.html[22m [2m(+53ms)[22m 
[2m16:42:07[22m   [34m├─[39m [2m/latest-jobs/rfcl-recruitment-2026-applications-open-for-assist-2026/index.html[22m [2m(+181ms)[22m 
[2m16:42:07[22m   [34m├─[39m [2m/latest-jobs/nspcl-eet-recruitment-2026-apply-online-for-engine-2026/index.html[22m [2m(+51ms)[22m 
[2m16:42:07[22m   [34m├─[39m [2m/latest-jobs/odisha-teacher-recruitment-2026-cm-majhi-announces-2026/index.html[22m [2m(+84ms)[22m 
[2m16:42:07[22m   [34m├─[39m [2m/latest-jobs/bgssl-recruitment-2026-apply-online-for-2424-appre-2026/index.html[22m [2m(+314ms)[22m 
[2m16:42:08[22m   [34m├─[39m [2m/latest-jobs/bpcl-exam-date-2026-out-154-technician-operator-po-2026/index.html[22m [2m(+84ms)[22m 
[2m16:42:08[22m   [34m├─[39m [2m/latest-jobs/delhi-high-court-recruitment-2026-notification-out-2026/index.html[22m [2m(+109ms)[22m 
[2m16:42:08[22m   [34m├─[39m [2m/latest-jobs/upsc-epfo-apfc-apply-online-2026-started-check-app-2026/index.html[22m [2m(+138ms)[22m 
[2m16:42:08[22m   [34m├─[39m [2m/latest-jobs/ncl-driver-bharti-2026-total-form-kitne-bhare-1-la-2026/index.html[22m [2m(+53ms)[22m 
[2m16:42:08[22m   [34m├─[39m [2m/latest-jobs/bgssl-recruitment-2026-notification-out-apply-onli-2026/index.html[22m [2m(+66ms)[22m 
[2m16:42:08[22m   [34m├─[39m [2m/latest-jobs/ibps-clerk-2026-application-correction-window-star-2026/index.html[22m [2m(+150ms)[22m 
[2m16:42:08[22m   [34m├─[39m [2m/latest-jobs/bihar-librarian-bharti-2026-5800-vacancies-out-app-2026/index.html[22m [2m(+381ms)[22m 
[2m16:42:09[22m   [34m├─[39m [2m/latest-jobs/pmbi-recruitment-2026-notification-out-apply-for-1-2026/index.html[22m [2m(+104ms)[22m 
[2m16:42:09[22m   [34m├─[39m [2m/latest-jobs/bob-so-recruitment-2026-notification-released-for--2026/index.html[22m [2m(+94ms)[22m 
[2m16:42:09[22m   [34m├─[39m [2m/latest-jobs/rrb-ntpc-vacancy-2026-out-railway-board-approves-5-2026/index.html[22m [2m(+68ms)[22m 
[2m16:42:09[22m   [34m├─[39m [2m/latest-jobs/kolkata-police-si-recruitment-2023-vacancy-revised-2026/index.html[22m [2m(+50ms)[22m 
[2m16:42:09[22m   [34m├─[39m [2m/latest-jobs/bank-of-baroda-so-recruitment-2026-1100-vacancies--2026/index.html[22m [2m(+71ms)[22m 
[2m16:42:09[22m   [34m├─[39m [2m/latest-jobs/rcfl-apprentice-recruitment-2026-notification-out--2026/index.html[22m [2m(+104ms)[22m 
[2m16:42:09[22m   [34m├─[39m [2m/latest-jobs/psssb-group-d-recruitment-2026-apply-online-last-d-2026/index.html[22m [2m(+432ms)[22m 
[2m16:42:10[22m   [34m├─[39m [2m/latest-jobs/appsc-cre-recruitment-2026-notification-our-for-15-2026/index.html[22m [2m(+113ms)[22m 
[2m16:42:10[22m   [34m├─[39m [2m/latest-jobs/mecl-non-executive-recruitment-2026-notification-o-2026/index.html[22m [2m(+106ms)[22m 
[2m16:42:10[22m   [34m├─[39m [2m/latest-jobs/upsc-combined-geo-scientist-recruitment-2027-notif-2026/index.html[22m [2m(+84ms)[22m 
[2m16:42:10[22m   [34m├─[39m [2m/latest-jobs/up-government-job-alert-2026-70000-upcoming-vacanc-2026/index.html[22m [2m(+165ms)[22m 
[2m16:42:10[22m   [34m├─[39m [2m/latest-jobs/pfrda-grade-a-notification-2026-out-for-30-posts-a-2026/index.html[22m [2m(+129ms)[22m 
[2m16:42:10[22m   [34m├─[39m [2m/latest-jobs/ssc-je-recruitment-2026-notification-out-apply-onl-2026/index.html[22m [2m(+388ms)[22m 
[2m16:42:11[22m   [34m├─[39m [2m/latest-jobs/iocl-recruitment-2026-apply-online-ends-today-for--2026/index.html[22m [2m(+167ms)[22m 
[2m16:42:11[22m   [34m├─[39m [2m/latest-jobs/iocl-recruitment-2026-apply-online-last-date-for-4-2026/index.html[22m [2m(+99ms)[22m 
[2m16:42:11[22m   [34m├─[39m [2m/latest-jobs/ssc-je-recruitment-2026-notification-released-for--2026/index.html[22m [2m(+47ms)[22m 
[2m16:42:11[22m   [34m├─[39m [2m/latest-jobs/bpsc-tre-40-application-likely-from-september-21-f-2026/index.html[22m [2m(+133ms)[22m 
[2m16:42:11[22m   [34m├─[39m [2m/latest-jobs/mp-police-si-recruitment-2026-notification-out-for-2026/index.html[22m [2m(+116ms)[22m 
[2m16:42:11[22m   [34m├─[39m [2m/latest-jobs/mp-police-si-recruitment-2026-notification-out-app-2026/index.html[22m [2m(+169ms)[22m 
[2m16:42:11[22m   [34m├─[39m [2m/latest-jobs/iocl-recruitment-2026-last-date-tomorrow-apply-for-2026/index.html[22m [2m(+367ms)[22m 
[2m16:42:12[22m   [34m├─[39m [2m/latest-jobs/post-office-recruitment-2026-notification-applicat-2026/index.html[22m [2m(+89ms)[22m 
[2m16:42:12[22m   [34m├─[39m [2m/latest-jobs/jkssb-class-iv-recruitment-2026-notification-out-f-2026/index.html[22m [2m(+71ms)[22m 
[2m16:42:12[22m   [34m├─[39m [2m/latest-jobs/bihar-librarian-vacancy-2026-application-starts-fr-2026/index.html[22m [2m(+93ms)[22m 
[2m16:42:12[22m   [34m├─[39m [2m/latest-jobs/bpsc-tre-40-recruitment-2026-apply-online-begins-f-2026/index.html[22m [2m(+113ms)[22m 
[2m16:42:12[22m   [34m├─[39m [2m/latest-jobs/bpsc-tre-4-notification-and-apply-online-dates-202-2026/index.html[22m [2m(+123ms)[22m 
[2m16:42:12[22m   [34m├─[39m [2m/latest-jobs/karnataka-forest-department-recruitment-2026-out-f-2026/index.html[22m [2m(+167ms)[22m 
[2m16:42:12[22m   [34m├─[39m [2m/latest-jobs/tnpsc-cts-recruitment-2026-notification-out-for-17-2026/index.html[22m [2m(+135ms)[22m 
[2m16:42:12[22m   [34m├─[39m [2m/latest-jobs/bgssl-recruitment-2026-notification-out-apply-for--2026/index.html[22m [2m(+144ms)[22m 
[2m16:42:13[22m   [34m├─[39m [2m/latest-jobs/ncl-driver-vacancy-2026-total-form-count-2023-vs-2-2026/index.html[22m [2m(+123ms)[22m 
[2m16:42:13[22m   [34m├─[39m [2m/latest-jobs/uksssc-inter-level-recruitment-2026-notification-o-2026/index.html[22m [2m(+158ms)[22m 
[2m16:42:13[22m   [34m├─[39m [2m/latest-jobs/ibps-rrb-crp-xv-recruitment-2026-notification-out--2026/index.html[22m [2m(+189ms)[22m 
[2m16:42:13[22m   [34m├─[39m [2m/latest-jobs/nic-recruitment-2026-notification-out-apply-for-37-2026/index.html[22m [2m(+44ms)[22m 
[2m16:42:13[22m   [34m├─[39m [2m/latest-jobs/iocl-recruitment-2026-out-apply-online-for-470-exe-2026/index.html[22m [2m(+89ms)[22m 
[2m16:42:13[22m   [34m├─[39m [2m/latest-jobs/rvunl-recruitment-2026-apply-online-last-date-toda-2026/index.html[22m [2m(+381ms)[22m 
[2m16:42:14[22m   [34m├─[39m [2m/latest-jobs/hudco-recruitment-2026-apply-for-various-manageria-2026/index.html[22m [2m(+19ms)[22m 
[2m16:42:14[22m   [34m├─[39m [2m/latest-jobs/maharashtra-government-approves-recruitment-of-501-2026/index.html[22m [2m(+226ms)[22m 
[2m16:42:14[22m   [34m├─[39m [2m/latest-jobs/southern-railway-apprentice-recruitment-2026-notif-2026/index.html[22m [2m(+15ms)[22m 
[2m16:42:14[22m   [34m├─[39m [2m/latest-jobs/india-post-gds-recruitment-2026-apply-online-for-2-2026/index.html[22m [2m(+16ms)[22m 
[2m16:42:14[22m   [34m├─[39m [2m/latest-jobs/bpsc-tre-40-recruitment-2026-application-process-f-2026/index.html[22m [2m(+286ms)[22m 
[2m16:42:14[22m   [34m├─[39m [2m/latest-jobs/bihar-tre-4-vacancy-2026-111-more-music-teacher-po-2026/index.html[22m [2m(+400ms)[22m 
[2m16:42:15[22m   [34m├─[39m [2m/latest-jobs/iocl-recruitment-2026-470-executive-posts-apply-on-2026/index.html[22m [2m(+106ms)[22m 
[2m16:42:15[22m   [34m├─[39m [2m/latest-jobs/india-post-gds-recruitment-2026-otr-starts-today-f-2026/index.html[22m [2m(+164ms)[22m 
[2m16:42:15[22m   [34m├─[39m [2m/latest-jobs/india-post-gds-vacancy-2026-check-state-wise-circl-2026/index.html[22m [2m(+275ms)[22m 
[2m16:42:15[22m   [34m├─[39m [2m/latest-jobs/bank-of-india-so-recruitment-2026-notification-out-2026/index.html[22m [2m(+61ms)[22m 
[2m16:42:15[22m   [34m├─[39m [2m/latest-jobs/post-office-recruitment-2026-gds-new-vacancy-2026--2026/index.html[22m [2m(+158ms)[22m 
[2m16:42:15[22m   [34m├─[39m [2m/latest-jobs/ibps-rrb-short-notice-2026-out-for-around-12000-va-2026/index.html[22m [2m(+226ms)[22m 
[2m16:42:16[22m   [34m├─[39m [2m/latest-jobs/haryana-teacher-recruitment-2026-1054-primary-teac-2026/index.html[22m [2m(+87ms)[22m 
[2m16:42:16[22m   [34m├─[39m [2m/latest-jobs/sbi-clerk-2026-last-date-to-apply-online-tomorrow--2026/index.html[22m [2m(+129ms)[22m 
[2m16:42:16[22m   [34m├─[39m [2m/latest-jobs/mpesb-sub-engineer-notification-2026-out-apply-onl-2026/index.html[22m [2m(+54ms)[22m 
[2m16:42:16[22m   [34m├─[39m [2m/latest-jobs/mp-sub-engineer-recruitment-2026-notification-out--2026/index.html[22m [2m(+64ms)[22m 
[2m16:42:16[22m   [34m├─[39m [2m/latest-jobs/indian-overseas-bank-so-recruitment-2026-notificat-2026/index.html[22m [2m(+36ms)[22m 
[2m16:42:16[22m   [34m├─[39m [2m/latest-jobs/jkssb-recruitment-2026-apply-online-for-357-drafts-2026/index.html[22m [2m(+30ms)[22m 
[2m16:42:16[22m   [34m├─[39m [2m/latest-jobs/bihar-tre-40-111-more-music-teacher-posts-added-af-2026/index.html[22m [2m(+20ms)[22m 
[2m16:42:16[22m   [34m├─[39m [2m/latest-jobs/army-aoc-group-c-recruitment-2026-apply-online-for-2026/index.html[22m [31m(+578ms)[39m 
[2m16:42:17[22m   [34m├─[39m [2m/latest-jobs/1338-delhi-teacher-vacancy-2026-sanctioned-check-s-2026/index.html[22m [2m(+17ms)[22m 
[2m16:42:17[22m   [34m├─[39m [2m/latest-jobs/wbpsc-icds-recruitment-2026-notification-out-soon--2026/index.html[22m [2m(+18ms)[22m 
[2m16:42:17[22m   [34m├─[39m [2m/latest-jobs/ibps-so-2026-exam-tomorrow-check-exam-day-guidelin-2026/index.html[22m [2m(+24ms)[22m 
[2m16:42:17[22m   [34m├─[39m [2m/latest-jobs/osssc-radiographer-recruitment-2026-notification-o-2026/index.html[22m [2m(+32ms)[22m 
[2m16:42:17[22m   [34m├─[39m [2m/latest-jobs/ibps-clerk-2026-last-date-to-apply-online-today-at-2026/index.html[22m [31m(+672ms)[39m 
[2m16:42:17[22m   [34m├─[39m [2m/latest-jobs/army-aoc-group-c-recruitment-2026-notification-out-2026/index.html[22m [2m(+207ms)[22m 
[2m16:42:18[22m   [34m├─[39m [2m/latest-jobs/india-post-gds-apply-online-2026-starts-on-31-aug--2026/index.html[22m [2m(+118ms)[22m 
[2m16:42:18[22m   [34m├─[39m [2m/latest-jobs/sbi-clerk-vacancy-2026-check-state-wise-and-catego-2026/index.html[22m [2m(+286ms)[22m 
[2m16:42:18[22m   [34m├─[39m [2m/latest-jobs/punjab-lecturer-cadre-recruitment-2026-for-1013-po-2026/index.html[22m [2m(+100ms)[22m 
[2m16:42:18[22m   [34m├─[39m [2m/latest-jobs/punjab-pti-teacher-recruitment-2026-apply-online-f-2026/index.html[22m [2m(+304ms)[22m 
[2m16:42:18[22m   [34m├─[39m [2m/latest-jobs/isro-scientist-recruitment-2026-notification-out-a-2026/index.html[22m [2m(+160ms)[22m 
[2m16:42:19[22m   [34m├─[39m [2m/latest-jobs/iocl-recruitment-2026-470-executive-posts-eligibil-2026/index.html[22m [2m(+34ms)[22m 
[2m16:42:19[22m   [34m├─[39m [2m/latest-jobs/msebhcl-recruitment-2026-notification-out-apply-on-2026/index.html[22m [2m(+146ms)[22m 
[2m16:42:19[22m   [34m├─[39m [2m/latest-jobs/nfc-recruitment-2026-notification-out-for-432-appr-2026/index.html[22m [2m(+54ms)[22m 
[2m16:42:19[22m   [34m├─[39m [2m/latest-jobs/sbi-clerk-junior-associate-recruitment-2026-apply--2026/index.html[22m [2m(+36ms)[22m 
[2m16:42:19[22m   [34m├─[39m [2m/latest-jobs/india-post-gds-recruitment-2026-notification-out-f-2026/index.html[22m [2m(+147ms)[22m 
[2m16:42:19[22m   [34m├─[39m [2m/latest-jobs/india-post-gds-recruitment-2026-notification-out-a-2026/index.html[22m [2m(+300ms)[22m 
[2m16:42:19[22m   [34m├─[39m [2m/latest-jobs/hprca-assistant-staff-nurse-recruitment-2026-vacan-2026/index.html[22m [2m(+296ms)[22m 
[2m16:42:20[22m   [34m├─[39m [2m/latest-jobs/aoc-recruitment-2026-notification-out-for-2615-pos-2026/index.html[22m [2m(+73ms)[22m 
[2m16:42:20[22m   [34m├─[39m [2m/latest-jobs/tnpsc-group-2-recruitment-2026-apply-online-for-82-2026/index.html[22m [2m(+75ms)[22m 
[2m16:42:20[22m   [34m├─[39m [2m/latest-jobs/upsssc-excise-constable-exam-date-2026-out-check-o-2026/index.html[22m [2m(+72ms)[22m 
[2m16:42:20[22m   [34m├─[39m [2m/latest-jobs/hppsc-hpas-recruitment-2026-apply-online-for-bdo-t-2026/index.html[22m [2m(+65ms)[22m 
[2m16:42:20[22m   [34m├─[39m [2m/latest-jobs/sbc-visakhapatnam-group-c-recruitment-2026-apply-o-2026/index.html[22m [2m(+263ms)[22m 
[2m16:42:20[22m   [34m├─[39m [2m/latest-jobs/dsssb-aso-exam-date-2026-out-check-official-exam-n-2026/index.html[22m [2m(+94ms)[22m 
[2m16:42:20[22m   [34m├─[39m [2m/latest-jobs/rvunl-je-recruitment-2026-last-date-extended-apply-2026/index.html[22m [2m(+107ms)[22m 
[2m16:42:20[22m   [34m├─[39m [2m/latest-jobs/upsc-epfo-apfc-notification-2026-out-for-80-posts--2026/index.html[22m [2m(+88ms)[22m 
[2m16:42:20[22m   [34m├─[39m [2m/latest-jobs/dsssb-aso-recruitment-2026-exam-date-out-for-941-p-2026/index.html[22m [2m(+45ms)[22m 
[2m16:42:20[22m   [34m├─[39m [2m/latest-jobs/ada-recruitment-2026-notification-out-for-111-proj-2026/index.html[22m [2m(+201ms)[22m 
[2m16:42:21[22m   [34m├─[39m [2m/latest-jobs/psssb-group-d-recruitment-2026-apply-online-reopen-2026/index.html[22m [2m(+86ms)[22m 
[2m16:42:21[22m   [34m├─[39m [2m/latest-jobs/psssb-clerk-recruitment-2026-apply-online-reopens--2026/index.html[22m [2m(+114ms)[22m 
[2m16:42:21[22m   [34m├─[39m [2m/latest-jobs/bpsc-tre-4-notification-2026-out-for-32388-vacanci-2026/index.html[22m [2m(+349ms)[22m 
[2m16:42:21[22m   [34m├─[39m [2m/latest-jobs/india-post-gds-recruitment-2026-notification-soon--2026/index.html[22m [2m(+21ms)[22m 
[2m16:42:21[22m   [34m├─[39m [2m/latest-jobs/uppsc-food-safety-officer-exam-date-2026-soon-chec-2026/index.html[22m [2m(+33ms)[22m 
[2m16:42:21[22m   [34m├─[39m [2m/latest-jobs/jal-vibhag-bharti-2026-notification-out-for-80469--2026/index.html[22m [2m(+30ms)[22m 
[2m16:42:21[22m   [34m├─[39m [2m/latest-jobs/sbi-clerk-2026/index.html[22m [2m(+101ms)[22m 
[2m16:42:21[22m   [34m├─[39m [2m/latest-jobs/ibps-clerk-16th-2026/index.html[22m [2m(+347ms)[22m 
[2m16:42:22[22m   [34m├─[39m [2m/latest-jobs/rssb-je-2026/index.html[22m [2m(+169ms)[22m 
[2m16:42:22[22m   [34m├─[39m [2m/latest-jobs/rvunl-2026/index.html[22m [2m(+159ms)[22m 
[2m16:42:22[22m   [34m├─[39m [2m/latest-jobs/upsc-epfo-2026/index.html[22m [2m(+60ms)[22m 
[2m16:42:22[22m   [34m├─[39m [2m/latest-jobs/rrb-je-2026/index.html[22m [2m(+82ms)[22m 
[2m16:42:22[22m   [34m├─[39m [2m/latest-jobs/bpsc-tre-4-2026/index.html[22m [2m(+165ms)[22m 
[2m16:42:22[22m   [34m├─[39m [2m/latest-jobs/raj-safai-2026/index.html[22m [2m(+362ms)[22m 
[2m16:42:23[22m   [34m├─[39m [2m/latest-jobs/upsssc-pet-2026/index.html[22m [2m(+74ms)[22m 
[2m16:42:23[22m   [34m├─[39m [2m/latest-jobs/bob-lbo-2026/index.html[22m [2m(+357ms)[22m 
[2m16:42:23[22m   [34m├─[39m [2m/latest-jobs/iocl-executive-2026/index.html[22m [2m(+150ms)[22m 
[2m16:42:23[22m   [34m├─[39m [2m/latest-jobs/mpesb-group2-2026/index.html[22m [2m(+53ms)[22m 
[2m16:42:23[22m   [34m├─[39m [2m/latest-jobs/navy-agniveer-2026/index.html[22m [2m(+256ms)[22m 
[2m16:42:24[22m   [34m├─[39m [2m/latest-jobs/rssb-computer-instructor-2026/index.html[22m [2m(+176ms)[22m 
[2m16:42:24[22m   [34m├─[39m [2m/latest-jobs/up-anganwadi-2026/index.html[22m [2m(+49ms)[22m 
[2m16:42:24[22m   [34m├─[39m [2m/latest-jobs/bpsc-tre-4-0-2026/index.html[22m [2m(+98ms)[22m 
[2m16:42:24[22m   [34m├─[39m [2m/latest-jobs/coal-india-mt-2026/index.html[22m [2m(+69ms)[22m 
[2m16:42:24[22m   [34m├─[39m [2m/latest-jobs/isro-lpsc-2026/index.html[22m [2m(+182ms)[22m 
[2m16:42:24[22m   [34m├─[39m [2m/latest-jobs/bob-lbo-2026/index.html[22m [2m(+34ms)[22m 
[2m16:42:24[22m   [34m├─[39m [2m/latest-jobs/raj-safai-karmi-2026/index.html[22m [2m(+52ms)[22m 
[2m16:42:24[22m   [34m├─[39m [2m/latest-jobs/upsssc-leo-2026/index.html[22m [2m(+165ms)[22m 
[2m16:42:24[22m   [34m├─[39m [2m/latest-jobs/sbi-po-2026/index.html[22m [2m(+63ms)[22m 
[2m16:42:24[22m   [34m├─[39m [2m/latest-jobs/ibps-po-xvii-2026/index.html[22m [2m(+36ms)[22m 
[2m16:42:25[22m   [34m├─[39m [2m/latest-jobs/bob-lbo-sep-2026/index.html[22m [2m(+22ms)[22m 
[2m16:42:25[22m   [34m├─[39m [2m/latest-jobs/rbi-assistant-2026/index.html[22m [2m(+194ms)[22m 
[2m16:42:25[22m   [34m├─[39m [2m/latest-jobs/nabard-grade-a-2026/index.html[22m [2m(+235ms)[22m 
[2m16:42:25[22m   [34m├─[39m [2m/latest-jobs/sidbi-grade-a-2026/index.html[22m [2m(+54ms)[22m 
[2m16:42:25[22m   [34m├─[39m [2m/latest-jobs/rrb-alp-cen-01-2026/index.html[22m [2m(+204ms)[22m 
[2m16:42:25[22m   [34m├─[39m [2m/latest-jobs/rrb-technician-2026/index.html[22m [2m(+93ms)[22m 
[2m16:42:25[22m   [34m├─[39m [2m/latest-jobs/rrb-ntpc-ug-2026/index.html[22m [2m(+293ms)[22m 
[2m16:42:26[22m   [34m├─[39m [2m/latest-jobs/indian-railways-apprentices-2026/index.html[22m [2m(+168ms)[22m 
[2m16:42:26[22m   [34m├─[39m [2m/latest-jobs/ssc-cpo-2026/index.html[22m [2m(+189ms)[22m 
[2m16:42:26[22m   [34m├─[39m [2m/latest-jobs/ssc-stenographer-2026/index.html[22m [2m(+200ms)[22m 
[2m16:42:26[22m   [34m├─[39m [2m/latest-jobs/ssc-gd-constable-2026/index.html[22m [2m(+201ms)[22m 
[2m16:42:26[22m   [34m├─[39m [2m/latest-jobs/upsc-civil-services-2026/index.html[22m [2m(+279ms)[22m 
[2m16:42:27[22m   [34m├─[39m [2m/latest-jobs/upsc-ies-2026/index.html[22m [2m(+71ms)[22m 
[2m16:42:27[22m   [34m├─[39m [2m/latest-jobs/delhi-police-constable-2026/index.html[22m [2m(+83ms)[22m 
[2m16:42:27[22m   [34m├─[39m [2m/latest-jobs/crpf-asi-hc-2026/index.html[22m [2m(+143ms)[22m 
[2m16:42:27[22m   [34m├─[39m [2m/latest-jobs/bsf-head-constable-2026/index.html[22m [2m(+63ms)[22m 
[2m16:42:27[22m   [34m├─[39m [2m/latest-jobs/army-agniveer-2026/index.html[22m [2m(+41ms)[22m 
[2m16:42:27[22m   [34m├─[39m [2m/latest-jobs/iaf-agniveer-vayu-2026/index.html[22m [2m(+49ms)[22m 
[2m16:42:27[22m   [34m├─[39m [2m/latest-jobs/navy-ssr-aa-2026/index.html[22m [2m(+51ms)[22m 
[2m16:42:27[22m   [34m├─[39m [2m/latest-jobs/raj-police-constable-2026/index.html[22m [2m(+204ms)[22m 
[2m16:42:27[22m   [34m├─[39m [2m/latest-jobs/rajasthan-si-2026/index.html[22m [2m(+162ms)[22m 
[2m16:42:28[22m   [34m├─[39m [2m/latest-jobs/reet-level-1-2-2026/index.html[22m [2m(+132ms)[22m 
[2m16:42:28[22m   [34m├─[39m [2m/latest-jobs/rssb-pharmacist-2026/index.html[22m [2m(+95ms)[22m 
[2m16:42:28[22m   [34m├─[39m [2m/latest-jobs/rssb-lab-assistant-2026/index.html[22m [2m(+59ms)[22m 
[2m16:42:28[22m   [34m├─[39m [2m/latest-jobs/up-pcs-2026/index.html[22m [2m(+83ms)[22m 
[2m16:42:28[22m   [34m├─[39m [2m/latest-jobs/bpsc-73rd-2026/index.html[22m [2m(+57ms)[22m 
[2m16:42:28[22m   [34m├─[39m [2m/latest-jobs/mpsc-group-b-2026/index.html[22m [2m(+57ms)[22m 
[2m16:42:28[22m   [34m├─[39m [2m/latest-jobs/wbpsc-clerk-2026/index.html[22m [2m(+360ms)[22m 
[2m16:42:28[22m   [34m├─[39m [2m/latest-jobs/hpsc-hcs-2026/index.html[22m [2m(+149ms)[22m 
[2m16:42:29[22m   [34m├─[39m [2m/latest-jobs/ongc-aee-2026/index.html[22m [2m(+79ms)[22m 
[2m16:42:29[22m   [34m├─[39m [2m/latest-jobs/gail-executive-trainee-2026/index.html[22m [2m(+25ms)[22m 
[2m16:42:29[22m   [34m├─[39m [2m/latest-jobs/nlc-india-gt-2026/index.html[22m [2m(+32ms)[22m 
[2m16:42:29[22m   [34m├─[39m [2m/latest-jobs/bhel-engineer-trainee-2026/index.html[22m [2m(+67ms)[22m 
[2m16:42:29[22m   [34m├─[39m [2m/latest-jobs/canara-bank-po-2026/index.html[22m [2m(+67ms)[22m 
[2m16:42:29[22m   [34m├─[39m [2m/latest-jobs/pnb-clerk-2026/index.html[22m [2m(+64ms)[22m 
[2m16:42:29[22m   [34m├─[39m [2m/latest-jobs/bank-of-india-po-2026/index.html[22m [2m(+102ms)[22m 
[2m16:42:29[22m   [34m├─[39m [2m/latest-jobs/union-bank-clerk-2026/index.html[22m [2m(+279ms)[22m 
[2m16:42:29[22m   [34m├─[39m [2m/latest-jobs/idbi-bank-executive-2026/index.html[22m [2m(+86ms)[22m 
[2m16:42:29[22m   [34m├─[39m [2m/latest-jobs/sbi-apprentice-2026/index.html[22m [2m(+63ms)[22m 
[2m16:42:29[22m   [34m├─[39m [2m/latest-jobs/ibps-rrb-po-2026/index.html[22m [2m(+36ms)[22m 
[2m16:42:29[22m   [34m├─[39m [2m/latest-jobs/ibps-rrb-clerk-2026/index.html[22m [2m(+68ms)[22m 
[2m16:42:29[22m   [34m├─[39m [2m/latest-jobs/rbi-grade-b-2026/index.html[22m [2m(+78ms)[22m 
[2m16:42:30[22m   [34m├─[39m [2m/latest-jobs/rbi-assistant-online-2026/index.html[22m [2m(+41ms)[22m 
[2m16:42:30[22m   [34m├─[39m [2m/latest-jobs/nabard-grade-a-recruitment-2026/index.html[22m [2m(+98ms)[22m 
[2m16:42:30[22m   [34m├─[39m [2m/latest-jobs/sidbi-grade-a-recruitment-2026/index.html[22m [2m(+182ms)[22m 
[2m16:42:30[22m   [34m├─[39m [2m/latest-jobs/indian-bank-po-2026/index.html[22m [2m(+80ms)[22m 
[2m16:42:30[22m   [34m├─[39m [2m/latest-jobs/uco-bank-clerk-2026/index.html[22m [2m(+85ms)[22m 
[2m16:42:30[22m   [34m├─[39m [2m/latest-jobs/central-bank-apprentice-2026/index.html[22m [2m(+116ms)[22m 
[2m16:42:30[22m   [34m├─[39m [2m/latest-jobs/ssc-cgl-2026/index.html[22m [2m(+98ms)[22m 
[2m16:42:30[22m   [34m├─[39m [2m/latest-jobs/ssc-chsl-2026/index.html[22m [2m(+99ms)[22m 
[2m16:42:30[22m   [34m├─[39m [2m/latest-jobs/ssc-mts-2026/index.html[22m [2m(+137ms)[22m 
[2m16:42:31[22m   [34m├─[39m [2m/latest-jobs/ssc-cpo-recruitment-2026/index.html[22m [2m(+101ms)[22m 
[2m16:42:31[22m   [34m├─[39m [2m/latest-jobs/ssc-gd-constable-recruitment-2026/index.html[22m [2m(+32ms)[22m 
[2m16:42:31[22m   [34m├─[39m [2m/latest-jobs/ssc-stenographer-recruitment-2026/index.html[22m [2m(+101ms)[22m 
[2m16:42:31[22m   [34m├─[39m [2m/latest-jobs/ssc-je-2026/index.html[22m [2m(+33ms)[22m 
[2m16:42:31[22m   [34m├─[39m [2m/latest-jobs/ssc-selection-post-2026/index.html[22m [2m(+47ms)[22m 
[2m16:42:31[22m   [34m├─[39m [2m/latest-jobs/upsc-cse-2026/index.html[22m [2m(+82ms)[22m 
[2m16:42:31[22m   [34m├─[39m [2m/latest-jobs/upsc-nda-2026/index.html[22m [2m(+104ms)[22m 
[2m16:42:31[22m   [34m├─[39m [2m/latest-jobs/upsc-cds-2026/index.html[22m [2m(+69ms)[22m 
[2m16:42:31[22m   [34m├─[39m [2m/latest-jobs/upsc-ese-2026/index.html[22m [2m(+365ms)[22m 
[2m16:42:31[22m   [34m├─[39m [2m/latest-jobs/upsc-epfo-recruitment-2026/index.html[22m [2m(+98ms)[22m 
[2m16:42:32[22m   [34m├─[39m [2m/latest-jobs/upsc-cms-2026/index.html[22m [2m(+33ms)[22m 
[2m16:42:32[22m   [34m├─[39m [2m/latest-jobs/upsc-ifs-2026/index.html[22m [2m(+49ms)[22m 
[2m16:42:32[22m   [34m├─[39m [2m/latest-jobs/ugc-net-june-2026/index.html[22m [2m(+149ms)[22m 
[2m16:42:32[22m   [34m├─[39m [2m/latest-jobs/csir-net-june-2026/index.html[22m [2m(+36ms)[22m 
[2m16:42:32[22m   [34m├─[39m [2m/latest-jobs/nta-cuet-ug-2026/index.html[22m [2m(+46ms)[22m 
[2m16:42:32[22m   [34m├─[39m [2m/latest-jobs/nta-neet-ug-2026/index.html[22m [2m(+40ms)[22m 
[2m16:42:32[22m   [34m├─[39m [2m/latest-jobs/ctet-july-2026/index.html[22m [2m(+311ms)[22m 
[2m16:42:32[22m   [34m├─[39m [2m/latest-jobs/rrb-ntpc-ug-recruitment-2026/index.html[22m [2m(+44ms)[22m 
[2m16:42:32[22m   [34m├─[39m [2m/latest-jobs/rrb-ntpc-graduate-2026/index.html[22m [2m(+24ms)[22m 
[2m16:42:32[22m   [34m├─[39m [2m/latest-jobs/rrb-group-d-2026/index.html[22m [2m(+35ms)[22m 
[2m16:42:32[22m   [34m├─[39m [2m/latest-jobs/rrb-je-recruitment-2026/index.html[22m [2m(+151ms)[22m 
[2m16:42:32[22m   [34m├─[39m [2m/latest-jobs/rrb-alp-2026/index.html[22m [2m(+14ms)[22m 
[2m16:42:32[22m   [34m├─[39m [2m/latest-jobs/rrb-technician-recruitment-2026/index.html[22m [2m(+215ms)[22m 
[2m16:42:33[22m   [34m├─[39m [2m/latest-jobs/rrb-apprentice-2026/index.html[22m [2m(+204ms)[22m 
[2m16:42:33[22m   [34m├─[39m [2m/latest-jobs/rpf-constable-2026/index.html[22m [2m(+31ms)[22m 
[2m16:42:33[22m   [34m├─[39m [2m/latest-jobs/rpf-si-2026/index.html[22m [2m(+33ms)[22m 
[2m16:42:33[22m   [34m├─[39m [2m/latest-jobs/railway-act-apprentice-2026/index.html[22m [2m(+96ms)[22m 
[2m16:42:33[22m   [34m├─[39m [2m/latest-jobs/uppsc-pcs-2026/index.html[22m [2m(+39ms)[22m 
[2m16:42:33[22m   [34m├─[39m [2m/latest-jobs/bpsc-73rd-recruitment-2026/index.html[22m [2m(+150ms)[22m 
[2m16:42:33[22m   [34m├─[39m [2m/latest-jobs/rpsc-ras-2026/index.html[22m [2m(+314ms)[22m 
[2m16:42:34[22m   [34m├─[39m [2m/latest-jobs/mpsc-group-b-recruitment-2026/index.html[22m [2m(+32ms)[22m 
[2m16:42:34[22m   [34m├─[39m [2m/latest-jobs/wbpsc-clerk-recruitment-2026/index.html[22m [2m(+119ms)[22m 
[2m16:42:34[22m   [34m├─[39m [2m/latest-jobs/army-agniveer-40k-2026/index.html[22m [2m(+32ms)[22m 
[2m16:42:34[22m   [34m├─[39m [2m/latest-jobs/navy-agniveer-ssr-2026/index.html[22m [2m(+82ms)[22m 
[2m16:42:34[22m   [34m├─[39m [2m/latest-jobs/navy-agniveer-mr-2026/index.html[22m [2m(+232ms)[22m 
[2m16:42:34[22m   [34m├─[39m [2m/latest-jobs/iaf-agniveer-vayu-5k-2026/index.html[22m [2m(+109ms)[22m 
[2m16:42:34[22m   [34m├─[39m [2m/latest-jobs/bsf-hc-3k-2026/index.html[22m [2m(+274ms)[22m 
[2m16:42:34[22m   [34m├─[39m [2m/latest-jobs/crpf-asi-hc-5k-2026/index.html[22m [2m(+33ms)[22m 
[2m16:42:34[22m   [34m├─[39m [2m/latest-jobs/cisf-fire-engine-driver-2026/index.html[22m [2m(+66ms)[22m 
[2m16:42:35[22m   [34m├─[39m [2m/latest-jobs/itbp-head-constable-2026/index.html[22m [2m(+17ms)[22m 
[2m16:42:35[22m   [34m├─[39m [2m/latest-jobs/ssb-head-constable-2026/index.html[22m [2m(+312ms)[22m 
[2m16:42:35[22m   [34m├─[39m [2m/latest-jobs/delhi-police-constable-7k-2026/index.html[22m [2m(+19ms)[22m 
[2m16:42:35[22m   [34m├─[39m [2m/latest-jobs/delhi-police-hc-ministerial-2026/index.html[22m [2m(+173ms)[22m 
[2m16:42:35[22m   [34m├─[39m [2m/latest-jobs/icg-navik-gd-2026/index.html[22m [2m(+316ms)[22m 
[2m16:42:35[22m   [34m├─[39m [2m/latest-jobs/icg-yantrik-2026/index.html[22m [2m(+237ms)[22m 
[2m16:42:36[22m   [34m├─[39m [2m/latest-jobs/nia-si-2026/index.html[22m [2m(+256ms)[22m 
[2m16:42:36[22m   [34m├─[39m [2m/latest-jobs/ed-inspector-2026/index.html[22m [2m(+89ms)[22m 
[2m16:42:36[22m   [34m├─[39m [2m/latest-jobs/ongc-aee-500-2026/index.html[22m [2m(+161ms)[22m 
[2m16:42:36[22m   [34m├─[39m [2m/latest-jobs/iocl-apprentice-2026/index.html[22m [2m(+171ms)[22m 
[2m16:42:36[22m   [34m├─[39m [2m/latest-jobs/gail-et-200-2026/index.html[22m [2m(+76ms)[22m 
[2m16:42:36[22m   [34m├─[39m [2m/latest-jobs/nlc-gt-300-2026/index.html[22m [2m(+80ms)[22m 
[2m16:42:36[22m   [34m├─[39m [2m/latest-jobs/cil-mt-1k-2026/index.html[22m [2m(+35ms)[22m 
[2m16:42:36[22m   [34m├─[39m [2m/latest-jobs/bel-engineer-trainee-2026/index.html[22m [2m(+32ms)[22m 
[2m16:42:37[22m   [34m├─[39m [2m/latest-jobs/hal-engineer-trainee-2026/index.html[22m [2m(+346ms)[22m 
[2m16:42:37[22m   [34m├─[39m [2m/latest-jobs/bhel-et-350-2026/index.html[22m [2m(+79ms)[22m 
[2m16:42:37[22m   [34m├─[39m [2m/latest-jobs/sail-mt-2026/index.html[22m [2m(+45ms)[22m 
[2m16:42:37[22m   [34m├─[39m [2m/latest-jobs/nmdc-mt-2026/index.html[22m [2m(+23ms)[22m 
[2m16:42:37[22m   [34m├─[39m [2m/latest-jobs/hpcl-engineer-2026/index.html[22m [2m(+227ms)[22m 
[2m16:42:37[22m   [34m├─[39m [2m/latest-jobs/bpcl-mt-2026/index.html[22m [2m(+495ms)[22m 
[2m16:42:38[22m   [34m├─[39m [2m/latest-jobs/ecl-mt-2026/index.html[22m [2m(+69ms)[22m 
[2m16:42:38[22m   [34m├─[39m [2m/latest-jobs/secl-mt-2026/index.html[22m [2m(+41ms)[22m 
[2m16:42:38[22m   [34m├─[39m [2m/latest-jobs/northern-coalfields-mt-2026/index.html[22m [2m(+149ms)[22m 
[2m16:42:38[22m   [34m├─[39m [2m/latest-jobs/upsssc-pet-sep-2026/index.html[22m [2m(+68ms)[22m 
[2m16:42:38[22m   [34m├─[39m [2m/latest-jobs/up-anganwadi-nov-2026/index.html[22m [2m(+65ms)[22m 
[2m16:42:38[22m   [34m├─[39m [2m/latest-jobs/up-lekhpal-2026/index.html[22m [2m(+216ms)[22m 
[2m16:42:38[22m   [34m├─[39m [2m/latest-jobs/up-police-constable-2026/index.html[22m [2m(+175ms)[22m 
[2m16:42:39[22m   [34m├─[39m [2m/latest-jobs/up-police-si-2026/index.html[22m [2m(+120ms)[22m 
[2m16:42:39[22m   [34m├─[39m [2m/latest-jobs/bihar-police-constable-2026/index.html[22m [2m(+49ms)[22m 
[2m16:42:39[22m   [34m├─[39m [2m/latest-jobs/bihar-police-si-2026/index.html[22m [2m(+284ms)[22m 
[2m16:42:39[22m   [34m├─[39m [2m/latest-jobs/raj-police-constable-15k-2026/index.html[22m [2m(+204ms)[22m 
[2m16:42:39[22m   [34m├─[39m [2m/latest-jobs/raj-si-2k-2026/index.html[22m [2m(+96ms)[22m 
[2m16:42:39[22m   [34m├─[39m [2m/latest-jobs/raj-patwari-2026/index.html[22m [2m(+35ms)[22m 
[2m16:42:39[22m   [34m├─[39m [2m/latest-jobs/reet-exam-2026/index.html[22m [2m(+36ms)[22m 
[2m16:42:39[22m   [34m├─[39m [2m/latest-jobs/rssb-pharmacist-2k-2026/index.html[22m [2m(+31ms)[22m 
[2m16:42:39[22m   [34m├─[39m [2m/latest-jobs/rssb-lab-assistant-1k-2026/index.html[22m [2m(+165ms)[22m 
[2m16:42:40[22m   [34m├─[39m [2m/latest-jobs/rssb-computer-instructor-500-2026/index.html[22m [2m(+196ms)[22m 
[2m16:42:40[22m   [34m├─[39m [2m/latest-jobs/mp-police-constable-2026/index.html[22m [2m(+229ms)[22m 
[2m16:42:40[22m   [34m├─[39m [2m/latest-jobs/mp-police-si-2026/index.html[22m [2m(+36ms)[22m 
[2m16:42:40[22m   [34m├─[39m [2m/latest-jobs/mp-patwari-2026/index.html[22m [2m(+106ms)[22m 
[2m16:42:40[22m   [34m├─[39m [2m/latest-jobs/delhi-hc-judicial-2026/index.html[22m [2m(+113ms)[22m 
[2m16:42:40[22m   [34m├─[39m [2m/latest-jobs/dsssb-tgt-pgt-2026/index.html[22m [2m(+102ms)[22m 
[2m16:42:40[22m   [34m├─[39m [2m/latest-jobs/kvs-prt-tgt-pgt-2026/index.html[22m [2m(+152ms)[22m 
[2m16:42:40[22m   [34m├─[39m [2m/latest-jobs/rrb-ntpc-graduate-2026-1/index.html[22m [2m(+66ms)[22m 
[2m16:42:41[22m   [34m├─[39m [2m/latest-jobs/rrb-ntpc-ug-2026-1/index.html[22m [2m(+47ms)[22m 
[2m16:42:41[22m   [34m├─[39m [2m/latest-jobs/rrb-group-d-2026-1/index.html[22m [2m(+135ms)[22m 
[2m16:42:41[22m   [34m├─[39m [2m/latest-jobs/rrb-alp-2026-1/index.html[22m [2m(+210ms)[22m 
[2m16:42:41[22m   [34m├─[39m [2m/latest-jobs/rrb-tech-gr-i-signal-2026/index.html[22m [2m(+51ms)[22m 
[2m16:42:41[22m   [34m├─[39m [2m/latest-jobs/rrb-tech-gr-iii-2026/index.html[22m [2m(+149ms)[22m 
[2m16:42:41[22m   [34m├─[39m [2m/latest-jobs/rrb-ministerial-2026/index.html[22m [2m(+66ms)[22m 
[2m16:42:41[22m   [34m├─[39m [2m/latest-jobs/rrb-paramedical-2026/index.html[22m [2m(+68ms)[22m 
[2m16:42:41[22m   [34m├─[39m [2m/latest-jobs/rrb-sports-quota-2026/index.html[22m [2m(+51ms)[22m 
[2m16:42:41[22m   [34m├─[39m [2m/latest-jobs/railway-zonal-apprentices-2026/index.html[22m [2m(+20ms)[22m 
[2m16:42:41[22m   [34m├─[39m [2m/latest-jobs/rpf-constable-si-2026/index.html[22m [2m(+364ms)[22m 
[2m16:42:42[22m   [34m├─[39m [2m/latest-jobs/dfccil-executive-2026/index.html[22m [2m(+102ms)[22m 
[2m16:42:42[22m   [34m├─[39m [2m/latest-jobs/dmrc-am-je-2026/index.html[22m [2m(+98ms)[22m 
[2m16:42:42[22m   [34m├─[39m [2m/latest-jobs/lmrc-upmrc-2026/index.html[22m [2m(+64ms)[22m 
[2m16:42:42[22m   [34m├─[39m [2m/latest-jobs/kmrc-kolkata-2026/index.html[22m [2m(+30ms)[22m 
[2m16:42:42[22m   [34m├─[39m [2m/latest-jobs/bmrc-bengaluru-2026/index.html[22m [2m(+24ms)[22m 
[2m16:42:42[22m   [34m├─[39m [2m/latest-jobs/cmrl-chennai-2026/index.html[22m [2m(+324ms)[22m 
[2m16:42:42[22m   [34m├─[39m [2m/latest-jobs/mmrc-mumbai-metro-2026/index.html[22m [2m(+158ms)[22m 
[2m16:42:43[22m   [34m├─[39m [2m/latest-jobs/konkan-railway-2026/index.html[22m [2m(+55ms)[22m 
[2m16:42:43[22m   [34m├─[39m [2m/latest-jobs/ircon-works-engineer-2026/index.html[22m [2m(+24ms)[22m 
[2m16:42:43[22m   [34m├─[39m [2m/latest-jobs/rvnl-site-inspector-2026/index.html[22m [2m(+38ms)[22m 
[2m16:42:43[22m   [34m├─[39m [2m/latest-jobs/rites-engineer-2026/index.html[22m [2m(+44ms)[22m 
[2m16:42:43[22m   [34m├─[39m [2m/latest-jobs/cris-ase-2026/index.html[22m [2m(+53ms)[22m 
[2m16:42:43[22m   [34m├─[39m [2m/latest-jobs/railtel-mt-2026/index.html[22m [2m(+228ms)[22m 
[2m16:42:43[22m   [34m├─[39m [2m/latest-jobs/irctc-recruitment-2026/index.html[22m [2m(+204ms)[22m 
[2m16:42:43[22m   [34m├─[39m [2m/latest-jobs/clw-apprentice-2026/index.html[22m [2m(+71ms)[22m 
[2m16:42:43[22m   [34m├─[39m [2m/latest-jobs/blw-apprentice-2026/index.html[22m [2m(+44ms)[22m 
[2m16:42:43[22m   [34m├─[39m [2m/latest-jobs/icf-apprentice-2026/index.html[22m [2m(+21ms)[22m 
[2m16:42:43[22m   [34m├─[39m [2m/latest-jobs/rcf-apprentice-2026/index.html[22m [2m(+113ms)[22m 
[2m16:42:43[22m   [34m├─[39m [2m/latest-jobs/rwf-apprentice-2026/index.html[22m [2m(+117ms)[22m 
[2m16:42:44[22m   [34m├─[39m [2m/latest-jobs/rwp-bela-apprentice-2026/index.html[22m [2m(+83ms)[22m 
[2m16:42:44[22m   [34m├─[39m [2m/latest-jobs/dmw-apprentice-2026/index.html[22m [2m(+186ms)[22m 
[2m16:42:44[22m   [34m├─[39m [2m/latest-jobs/metro-kolkata-apprentice-2026/index.html[22m [2m(+40ms)[22m 
[2m16:42:44[22m   [34m├─[39m [2m/latest-jobs/nfr-apprentice-2026/index.html[22m [2m(+36ms)[22m 
[2m16:42:44[22m   [34m├─[39m [2m/latest-jobs/ncr-apprentice-2026/index.html[22m [2m(+66ms)[22m 
[2m16:42:44[22m   [34m├─[39m [2m/latest-jobs/ecr-apprentice-2026/index.html[22m [2m(+34ms)[22m 
[2m16:42:44[22m   [34m├─[39m [2m/latest-jobs/secr-apprentice-2026/index.html[22m [2m(+33ms)[22m 
[2m16:42:44[22m   [34m├─[39m [2m/latest-jobs/wcr-apprentice-2026/index.html[22m [2m(+291ms)[22m 
[2m16:42:44[22m   [34m├─[39m [2m/latest-jobs/swr-apprentice-2026/index.html[22m [2m(+59ms)[22m 
[2m16:42:44[22m   [34m├─[39m [2m/latest-jobs/ser-apprentice-2026/index.html[22m [2m(+130ms)[22m 
[2m16:42:45[22m   [34m├─[39m [2m/latest-jobs/bihar-railway-apprentice-2026/index.html[22m [2m(+118ms)[22m 
[2m16:42:45[22m   [34m├─[39m [2m/latest-jobs/ibps-po-xvi-2026/index.html[22m [2m(+70ms)[22m 
[2m16:42:45[22m   [34m├─[39m [2m/latest-jobs/sbi-po-2026-1/index.html[22m [2m(+28ms)[22m 
[2m16:42:45[22m   [34m├─[39m [2m/latest-jobs/ibps-spl-xvi-2026/index.html[22m [2m(+32ms)[22m 
[2m16:42:45[22m   [34m├─[39m [2m/latest-jobs/ibps-rrb-po-2026-1/index.html[22m [2m(+35ms)[22m 
[2m16:42:45[22m   [34m├─[39m [2m/latest-jobs/ibps-rrb-clerk-2026-1/index.html[22m [2m(+86ms)[22m 
[2m16:42:45[22m   [34m├─[39m [2m/latest-jobs/ibps-rrb-scale-ii-iii-2026/index.html[22m [2m(+247ms)[22m 
[2m16:42:45[22m   [34m├─[39m [2m/latest-jobs/rbi-grade-b-2026-1/index.html[22m [2m(+322ms)[22m 
[2m16:42:46[22m   [34m├─[39m [2m/latest-jobs/rbi-assistant-2026-1/index.html[22m [2m(+47ms)[22m 
[2m16:42:46[22m   [34m├─[39m [2m/latest-jobs/rbi-attendant-2026/index.html[22m [2m(+53ms)[22m 
[2m16:42:46[22m   [34m├─[39m [2m/latest-jobs/nabard-grade-a-2026-1/index.html[22m [2m(+81ms)[22m 
[2m16:42:46[22m   [34m├─[39m [2m/latest-jobs/nabard-grade-b-2026/index.html[22m [2m(+95ms)[22m 
[2m16:42:46[22m   [34m├─[39m [2m/latest-jobs/sebi-grade-a-2026/index.html[22m [2m(+37ms)[22m 
[2m16:42:46[22m   [34m├─[39m [2m/latest-jobs/sidbi-grade-a-2026-1/index.html[22m [2m(+81ms)[22m 
[2m16:42:46[22m   [34m├─[39m [2m/latest-jobs/lic-aao-2026/index.html[22m [2m(+117ms)[22m 
[2m16:42:46[22m   [34m├─[39m [2m/latest-jobs/lic-ado-2026/index.html[22m [2m(+235ms)[22m 
[2m16:42:46[22m   [34m├─[39m [2m/latest-jobs/sbi-cbo-2026/index.html[22m [2m(+52ms)[22m 
[2m16:42:46[22m   [34m├─[39m [2m/latest-jobs/sbi-sco-2026/index.html[22m [2m(+177ms)[22m 
[2m16:42:47[22m   [34m├─[39m [2m/latest-jobs/sbi-apprentice-2026-1/index.html[22m [2m(+118ms)[22m 
[2m16:42:47[22m   [34m├─[39m [2m/latest-jobs/pnb-lbo-2026/index.html[22m [2m(+36ms)[22m 
[2m16:42:47[22m   [34m├─[39m [2m/latest-jobs/canara-bank-apprentice-2026/index.html[22m [2m(+47ms)[22m 
[2m16:42:47[22m   [34m├─[39m [2m/latest-jobs/ubi-lbo-2026/index.html[22m [2m(+52ms)[22m 
[2m16:42:47[22m   [34m├─[39m [2m/latest-jobs/indian-bank-apprentice-2026/index.html[22m [2m(+207ms)[22m 
[2m16:42:47[22m   [34m├─[39m [2m/latest-jobs/central-bank-apprentice-2026-1/index.html[22m [2m(+141ms)[22m 
[2m16:42:47[22m   [34m├─[39m [2m/latest-jobs/bom-apprentice-2026/index.html[22m [2m(+84ms)[22m 
[2m16:42:47[22m   [34m├─[39m [2m/latest-jobs/boi-apprentice-2026/index.html[22m [2m(+104ms)[22m 
[2m16:42:47[22m   [34m├─[39m [2m/latest-jobs/iob-apprentice-2026/index.html[22m [2m(+103ms)[22m 
[2m16:42:47[22m   [34m├─[39m [2m/latest-jobs/uco-bank-apprentice-2026/index.html[22m [2m(+38ms)[22m 
[2m16:42:47[22m   [34m├─[39m [2m/latest-jobs/idbi-executive-2026/index.html[22m [2m(+46ms)[22m 
[2m16:42:47[22m   [34m├─[39m [2m/latest-jobs/idbi-am-2026/index.html[22m [2m(+38ms)[22m 
[2m16:42:48[22m   [34m├─[39m [2m/latest-jobs/psb-it-officer-2026/index.html[22m [2m(+135ms)[22m 
[2m16:42:48[22m   [34m├─[39m [2m/latest-jobs/exim-bank-mt-2026/index.html[22m [2m(+179ms)[22m 
[2m16:42:48[22m   [34m├─[39m [2m/latest-jobs/ippb-executive-2026/index.html[22m [2m(+205ms)[22m 
[2m16:42:48[22m   [34m├─[39m [2m/latest-jobs/bob-apprentice-2026/index.html[22m [2m(+31ms)[22m 
[2m16:42:48[22m   [34m├─[39m [2m/latest-jobs/karnataka-bank-po-2026/index.html[22m [2m(+81ms)[22m 
[2m16:42:48[22m   [34m├─[39m [2m/latest-jobs/kvb-bdo-2026/index.html[22m [2m(+48ms)[22m 
[2m16:42:48[22m   [34m├─[39m [2m/latest-jobs/federal-bank-po-2026/index.html[22m [2m(+90ms)[22m 
[2m16:42:48[22m   [34m├─[39m [2m/latest-jobs/sib-clerk-2026/index.html[22m [2m(+40ms)[22m 
[2m16:42:48[22m   [34m├─[39m [2m/latest-jobs/tmb-clerk-2026/index.html[22m [2m(+52ms)[22m 
[2m16:42:48[22m   [34m├─[39m [2m/latest-jobs/uco-bank-lbo-2026/index.html[22m [2m(+50ms)[22m 
[2m16:42:48[22m   [34m├─[39m [2m/latest-jobs/ssc-cgl-2026-1/index.html[22m [2m(+174ms)[22m 
[2m16:42:49[22m   [34m├─[39m [2m/latest-jobs/ssc-chsl-2026-1/index.html[22m [2m(+314ms)[22m 
[2m16:42:49[22m   [34m├─[39m [2m/latest-jobs/ssc-mts-2026-1/index.html[22m [2m(+56ms)[22m 
[2m16:42:49[22m   [34m├─[39m [2m/latest-jobs/ssc-gd-2026/index.html[22m [2m(+45ms)[22m 
[2m16:42:49[22m   [34m├─[39m [2m/latest-jobs/ssc-cpo-2026-1/index.html[22m [2m(+60ms)[22m 
[2m16:42:49[22m   [34m├─[39m [2m/latest-jobs/ssc-steno-2026/index.html[22m [2m(+35ms)[22m 
[2m16:42:49[22m   [34m├─[39m [2m/latest-jobs/ssc-je-2026-1/index.html[22m [2m(+119ms)[22m 
[2m16:42:49[22m   [34m├─[39m [2m/latest-jobs/ssc-sel-post-phase-14/index.html[22m [2m(+65ms)[22m 
[2m16:42:49[22m   [34m├─[39m [2m/latest-jobs/ssc-sel-post-phase-15/index.html[22m [2m(+303ms)[22m 
[2m16:42:50[22m   [34m├─[39m [2m/latest-jobs/ssc-jht-2026/index.html[22m [2m(+65ms)[22m 
[2m16:42:50[22m   [34m├─[39m [2m/latest-jobs/ssc-sci-asst-imd-2026/index.html[22m [2m(+34ms)[22m 
[2m16:42:50[22m   [34m├─[39m [2m/latest-jobs/ssc-delhi-police-constable-2026/index.html[22m [2m(+127ms)[22m 
[2m16:42:50[22m   [34m├─[39m [2m/latest-jobs/ssc-dp-hc-ministerial-2026/index.html[22m [2m(+55ms)[22m 
[2m16:42:50[22m   [34m├─[39m [2m/latest-jobs/ssc-dp-awo-tpo-2026/index.html[22m [2m(+47ms)[22m 
[2m16:42:50[22m   [34m├─[39m [2m/latest-jobs/ssc-dp-driver-2026/index.html[22m [2m(+72ms)[22m 
[2m16:42:50[22m   [34m├─[39m [2m/latest-jobs/ssc-havaldar-2026/index.html[22m [2m(+167ms)[22m 
[2m16:42:50[22m   [34m├─[39m [2m/latest-jobs/ssc-chsl-2025/index.html[22m [2m(+126ms)[22m 
[2m16:42:50[22m   [34m├─[39m [2m/latest-jobs/ssc-mts-2025/index.html[22m [2m(+149ms)[22m 
[2m16:42:50[22m   [34m├─[39m [2m/latest-jobs/ssc-gd-2025-result/index.html[22m [2m(+140ms)[22m 
[2m16:42:51[22m   [34m├─[39m [2m/latest-jobs/ssc-cpo-2025/index.html[22m [2m(+31ms)[22m 
[2m16:42:51[22m   [34m├─[39m [2m/latest-jobs/ssc-steno-2025/index.html[22m [2m(+37ms)[22m 
[2m16:42:51[22m   [34m├─[39m [2m/latest-jobs/ssc-je-2025/index.html[22m [2m(+44ms)[22m 
[2m16:42:51[22m   [34m├─[39m [2m/latest-jobs/ssc-phase-13-dv-2026/index.html[22m [2m(+88ms)[22m 
[2m16:42:51[22m   [34m├─[39m [2m/latest-jobs/ssc-cgl-2025-status/index.html[22m [2m(+234ms)[22m 
[2m16:42:51[22m   [34m├─[39m [2m/latest-jobs/ssc-cgl-2027/index.html[22m [2m(+292ms)[22m 
[2m16:42:51[22m   [34m├─[39m [2m/latest-jobs/ssc-chsl-2027/index.html[22m [2m(+81ms)[22m 
[2m16:42:51[22m   [34m├─[39m [2m/latest-jobs/ssc-gd-2028/index.html[22m [2m(+137ms)[22m 
[2m16:42:52[22m   [34m├─[39m [2m/latest-jobs/ssc-mts-2027/index.html[22m [2m(+97ms)[22m 
[2m16:42:52[22m   [34m├─[39m [2m/latest-jobs/ssc-cpo-2027/index.html[22m [2m(+54ms)[22m 
[2m16:42:52[22m   [34m├─[39m [2m/latest-jobs/ssc-phase-16-2027/index.html[22m [2m(+99ms)[22m 
[2m16:42:52[22m   [34m├─[39m [2m/latest-jobs/ssc-je-2027/index.html[22m [2m(+184ms)[22m 
[2m16:42:52[22m   [34m├─[39m [2m/latest-jobs/ssc-jht-2027/index.html[22m [2m(+70ms)[22m 
[2m16:42:52[22m   [34m├─[39m [2m/latest-jobs/uppsc-pcs-2026-1/index.html[22m [2m(+77ms)[22m 
[2m16:42:52[22m   [34m├─[39m [2m/latest-jobs/uppsc-ro-aro-2026/index.html[22m [2m(+92ms)[22m 
[2m16:42:52[22m   [34m├─[39m [2m/latest-jobs/uppsc-lecturer-2026/index.html[22m [2m(+48ms)[22m 
[2m16:42:52[22m   [34m├─[39m [2m/latest-jobs/uppsc-staff-nurse-2026/index.html[22m [2m(+186ms)[22m 
[2m16:42:53[22m   [34m├─[39m [2m/latest-jobs/uppsc-fso-2026/index.html[22m [2m(+65ms)[22m 
[2m16:42:53[22m   [34m├─[39m [2m/latest-jobs/uppsc-apo-2026/index.html[22m [2m(+90ms)[22m 
[2m16:42:53[22m   [34m├─[39m [2m/latest-jobs/up-mines-inspector-2026/index.html[22m [2m(+142ms)[22m 
[2m16:42:53[22m   [34m├─[39m [2m/latest-jobs/bpsc-73rd-2026-1/index.html[22m [2m(+64ms)[22m 
[2m16:42:53[22m   [34m├─[39m [2m/latest-jobs/bpsc-74th-2026/index.html[22m [2m(+150ms)[22m 
[2m16:42:53[22m   [34m├─[39m [2m/latest-jobs/bpsc-asst-prof-2026/index.html[22m [2m(+35ms)[22m 
[2m16:42:53[22m   [34m├─[39m [2m/latest-jobs/bpsc-dental-surgeon-2026/index.html[22m [2m(+134ms)[22m 
[2m16:42:53[22m   [34m├─[39m [2m/latest-jobs/bpsc-head-master-2026/index.html[22m [2m(+44ms)[22m 
[2m16:42:53[22m   [34m├─[39m [2m/latest-jobs/bpsc-mo-2026/index.html[22m [2m(+165ms)[22m 
[2m16:42:53[22m   [34m├─[39m [2m/latest-jobs/bpsc-mvi-2026/index.html[22m [2m(+171ms)[22m 
[2m16:42:54[22m   [34m├─[39m [2m/latest-jobs/bpsc-bfs-2026/index.html[22m [2m(+32ms)[22m 
[2m16:42:54[22m   [34m├─[39m [2m/latest-jobs/mppsc-sse-2026/index.html[22m [2m(+52ms)[22m 
[2m16:42:54[22m   [34m├─[39m [2m/latest-jobs/mppsc-asst-prof-2026/index.html[22m [2m(+115ms)[22m 
[2m16:42:54[22m   [34m├─[39m [2m/latest-jobs/mppsc-dental-2026/index.html[22m [2m(+38ms)[22m 
[2m16:42:54[22m   [34m├─[39m [2m/latest-jobs/mp-forester-2026/index.html[22m [2m(+219ms)[22m 
[2m16:42:54[22m   [34m├─[39m [2m/latest-jobs/mp-supervisor-2026/index.html[22m [2m(+105ms)[22m 
[2m16:42:54[22m   [34m├─[39m [2m/latest-jobs/rpsc-ras-2026-1/index.html[22m [2m(+225ms)[22m 
[2m16:42:54[22m   [34m├─[39m [2m/latest-jobs/rpsc-lecturer-2026/index.html[22m [2m(+98ms)[22m 
[2m16:42:54[22m   [34m├─[39m [2m/latest-jobs/rpsc-2nd-grade-2026/index.html[22m [2m(+51ms)[22m 
[2m16:42:54[22m   [34m├─[39m [2m/latest-jobs/rpsc-pharmacist-2026/index.html[22m [2m(+29ms)[22m 
[2m16:42:55[22m   [34m├─[39m [2m/latest-jobs/rpsc-nursing-2026/index.html[22m [2m(+22ms)[22m 
[2m16:42:55[22m   [34m├─[39m [2m/latest-jobs/rpsc-pti-2026/index.html[22m [2m(+259ms)[22m 
[2m16:42:55[22m   [34m├─[39m [2m/latest-jobs/rpsc-taxation-2026/index.html[22m [2m(+173ms)[22m 
[2m16:42:55[22m   [34m├─[39m [2m/latest-jobs/rpsc-sanskrit-2026/index.html[22m [2m(+64ms)[22m 
[2m16:42:55[22m   [34m├─[39m [2m/latest-jobs/up-asst-teacher-2026/index.html[22m [2m(+146ms)[22m 
[2m16:42:55[22m   [34m├─[39m [2m/latest-jobs/up-pension-2026/index.html[22m [2m(+67ms)[22m 
[2m16:42:55[22m   [34m├─[39m [2m/latest-jobs/bpsc-head-master-50k/index.html[22m [2m(+139ms)[22m 
[2m16:42:55[22m   [34m├─[39m [2m/latest-jobs/bpsc-tre-5-0-2026/index.html[22m [2m(+214ms)[22m 
[2m16:42:56[22m   [34m├─[39m [2m/latest-jobs/rpsc-hospital-asst-2026/index.html[22m [2m(+127ms)[22m 
[2m16:42:56[22m   [34m├─[39m [2m/latest-jobs/mppsc-leo-2026/index.html[22m [2m(+40ms)[22m 
[2m16:42:56[22m   [34m├─[39m [2m/latest-jobs/army-agniveer-cohort-iii/index.html[22m [2m(+47ms)[22m 
[2m16:42:56[22m   [34m├─[39m [2m/latest-jobs/iaf-agniveer-vayu-intake-2/index.html[22m [2m(+87ms)[22m 
[2m16:42:56[22m   [34m├─[39m [2m/latest-jobs/navy-agniveer-mr-2026-1/index.html[22m [2m(+199ms)[22m 
[2m16:42:56[22m   [34m├─[39m [2m/latest-jobs/bsf-constable-gd-2026/index.html[22m [2m(+227ms)[22m 
[2m16:42:56[22m   [34m├─[39m [2m/latest-jobs/bsf-hc-min-2026/index.html[22m [2m(+92ms)[22m 
[2m16:42:56[22m   [34m├─[39m [2m/latest-jobs/bsf-water-wing-2026/index.html[22m [2m(+72ms)[22m 
[2m16:42:56[22m   [34m├─[39m [2m/latest-jobs/bsf-asi-steno-2026/index.html[22m [2m(+55ms)[22m 
[2m16:42:57[22m   [34m├─[39m [2m/latest-jobs/cisf-fire-constable-2026/index.html[22m [2m(+88ms)[22m 
[2m16:42:57[22m   [34m├─[39m [2m/latest-jobs/cisf-hc-min-2026/index.html[22m [2m(+384ms)[22m 
[2m16:42:57[22m   [34m├─[39m [2m/latest-jobs/cisf-asi-steno-2026/index.html[22m [2m(+51ms)[22m 
[2m16:42:57[22m   [34m├─[39m [2m/latest-jobs/crpf-gd-constable-2026/index.html[22m [2m(+45ms)[22m 
[2m16:42:57[22m   [34m├─[39m [2m/latest-jobs/crpf-hc-min-2026/index.html[22m [2m(+50ms)[22m 
[2m16:42:57[22m   [34m├─[39m [2m/latest-jobs/crpf-asi-steno-2026/index.html[22m [2m(+23ms)[22m 
[2m16:42:57[22m   [34m├─[39m [2m/latest-jobs/itbp-constable-tradesman-2026/index.html[22m [2m(+430ms)[22m 
[2m16:42:58[22m   [34m├─[39m [2m/latest-jobs/itbp-driver-2026/index.html[22m [2m(+80ms)[22m 
[2m16:42:58[22m   [34m├─[39m [2m/latest-jobs/ssb-gd-constable-2026/index.html[22m [2m(+50ms)[22m 
[2m16:42:58[22m   [34m├─[39m [2m/latest-jobs/ssb-hc-min-2026/index.html[22m [2m(+222ms)[22m 
[2m16:42:58[22m   [34m├─[39m [2m/latest-jobs/assam-rifles-tradesman-2026/index.html[22m [2m(+31ms)[22m 
[2m16:42:58[22m   [34m├─[39m [2m/latest-jobs/ar-hc-min-2026/index.html[22m [2m(+95ms)[22m 
[2m16:42:58[22m   [34m├─[39m [2m/latest-jobs/bro-tradesman-2026/index.html[22m [2m(+190ms)[22m 
[2m16:42:58[22m   [34m├─[39m [2m/latest-jobs/bro-msw-2026/index.html[22m [2m(+192ms)[22m 
[2m16:42:59[22m   [34m├─[39m [2m/latest-jobs/bro-draughtsman-2026/index.html[22m [2m(+172ms)[22m 
[2m16:42:59[22m   [34m├─[39m [2m/latest-jobs/ncb-inspector-2026/index.html[22m [2m(+34ms)[22m 
[2m16:42:59[22m   [34m├─[39m [2m/latest-jobs/navy-dockyard-apprentice-2026/index.html[22m [2m(+35ms)[22m 
[2m16:42:59[22m   [34m├─[39m [2m/latest-jobs/army-ssc-tech-2026/index.html[22m [2m(+62ms)[22m 
[2m16:42:59[22m   [34m├─[39m [2m/latest-jobs/army-ncc-special-2026/index.html[22m [2m(+171ms)[22m 
[2m16:42:59[22m   [34m├─[39m [2m/latest-jobs/army-jag-entry-2026/index.html[22m [2m(+272ms)[22m 
[2m16:42:59[22m   [34m├─[39m [2m/latest-jobs/army-tgc-2026/index.html[22m [2m(+417ms)[22m 
[2m16:43:00[22m   [34m├─[39m [2m/latest-jobs/navy-ssc-officer-2026/index.html[22m [2m(+28ms)[22m 
[2m16:43:00[22m   [34m├─[39m [2m/latest-jobs/navy-ues-2026/index.html[22m [2m(+382ms)[22m 
[2m16:43:00[22m   [34m├─[39m [2m/latest-jobs/iaf-afcat-2-2026/index.html[22m [2m(+80ms)[22m 
[2m16:43:00[22m   [34m├─[39m [2m/latest-jobs/iaf-afcat-1-2026-result/index.html[22m [2m(+153ms)[22m 
[2m16:43:01[22m   [34m├─[39m [2m/latest-jobs/kvs-pgt-2026/index.html[22m [2m(+383ms)[22m 
[2m16:43:01[22m   [34m├─[39m [2m/latest-jobs/kvs-tgt-2026/index.html[22m [2m(+100ms)[22m 
[2m16:43:01[22m   [34m├─[39m [2m/latest-jobs/kvs-prt-2026/index.html[22m [2m(+165ms)[22m 
[2m16:43:01[22m   [34m├─[39m [2m/latest-jobs/kvs-non-teaching-2026/index.html[22m [2m(+61ms)[22m 
[2m16:43:01[22m   [34m├─[39m [2m/latest-jobs/nvs-teaching-2026/index.html[22m [2m(+96ms)[22m 
[2m16:43:01[22m   [34m├─[39m [2m/latest-jobs/nvs-non-teaching-2026/index.html[22m [2m(+168ms)[22m 
[2m16:43:01[22m   [34m├─[39m [2m/latest-jobs/dsssb-pgt-2026/index.html[22m [2m(+145ms)[22m 
[2m16:43:02[22m   [34m├─[39m [2m/latest-jobs/dsssb-tgt-2026/index.html[22m [2m(+58ms)[22m 
[2m16:43:02[22m   [34m├─[39m [2m/latest-jobs/dsssb-prt-2026/index.html[22m [2m(+108ms)[22m 
[2m16:43:02[22m   [34m├─[39m [2m/latest-jobs/dsssb-non-teaching-2026/index.html[22m [2m(+26ms)[22m 
[2m16:43:02[22m   [34m├─[39m [2m/latest-jobs/dsssb-librarian-2026/index.html[22m [2m(+165ms)[22m 
[2m16:43:02[22m   [34m├─[39m [2m/latest-jobs/bpsc-tre-5-0-2026-1/index.html[22m [2m(+280ms)[22m 
[2m16:43:02[22m   [34m├─[39m [2m/latest-jobs/up-asst-teacher-2026-1/index.html[22m [2m(+278ms)[22m 
[2m16:43:03[22m   [34m├─[39m [2m/latest-jobs/ctet-feb-2027/index.html[22m [2m(+49ms)[22m 
[2m16:43:03[22m   [34m├─[39m [2m/latest-jobs/ugc-net-dec-2026/index.html[22m [2m(+72ms)[22m 
[2m16:43:03[22m   [34m├─[39m [2m/latest-jobs/csir-net-dec-2026/index.html[22m [2m(+205ms)[22m 
[2m16:43:03[22m   [34m├─[39m [2m/latest-jobs/kv-librarian-2026/index.html[22m [2m(+108ms)[22m 
[2m16:43:03[22m   [34m├─[39m [2m/latest-jobs/kvs-ac-2026/index.html[22m [2m(+61ms)[22m 
[2m16:43:03[22m   [34m├─[39m [2m/latest-jobs/haryana-htet-2026/index.html[22m [2m(+172ms)[22m 
[2m16:43:03[22m   [34m├─[39m [2m/latest-jobs/tripura-tet-2026/index.html[22m [2m(+124ms)[22m 
[2m16:43:03[22m   [34m├─[39m [2m/latest-jobs/assam-tet-2026/index.html[22m [2m(+84ms)[22m 
[2m16:43:03[22m   [34m├─[39m [2m/latest-jobs/karnataka-tet-2026/index.html[22m [2m(+95ms)[22m 
[2m16:43:04[22m   [34m├─[39m [2m/latest-jobs/mh-tet-2026/index.html[22m [2m(+35ms)[22m 
[2m16:43:04[22m   [34m├─[39m [2m/latest-jobs/rpsc-school-lecturer-2026/index.html[22m [2m(+96ms)[22m 
[2m16:43:04[22m   [34m├─[39m [2m/latest-jobs/bpsc-head-master-50k-teaching/index.html[22m [2m(+160ms)[22m 
[2m16:43:04[22m   [34m├─[39m [2m/latest-jobs/aiims-delhi-nursing-2026/index.html[22m [2m(+441ms)[22m 
[2m16:43:04[22m   [34m├─[39m [2m/latest-jobs/aiims-jodhpur-nursing-2026/index.html[22m [2m(+43ms)[22m 
[2m16:43:04[22m   [34m├─[39m [2m/latest-jobs/aiims-patna-nursing-2026/index.html[22m [2m(+171ms)[22m 
[2m16:43:04[22m   [34m├─[39m [2m/latest-jobs/aiims-bhopal-nursing-2026/index.html[22m [2m(+53ms)[22m 
[2m16:43:05[22m   [34m├─[39m [2m/latest-jobs/aiims-rishikesh-nursing-2026/index.html[22m [2m(+164ms)[22m 
[2m16:43:05[22m   [34m├─[39m [2m/latest-jobs/aiims-bhubaneswar-nursing-2026/index.html[22m [2m(+103ms)[22m 
[2m16:43:05[22m   [34m├─[39m [2m/latest-jobs/aiims-raipur-nursing-2026/index.html[22m [2m(+146ms)[22m 
[2m16:43:05[22m   [34m├─[39m [2m/latest-jobs/aiims-nagpur-nursing-2026/index.html[22m [2m(+70ms)[22m 
[2m16:43:05[22m   [34m├─[39m [2m/latest-jobs/esic-hospital-2026/index.html[22m [2m(+30ms)[22m 
[2m16:43:05[22m   [34m├─[39m [2m/latest-jobs/esic-nursing-2026/index.html[22m [2m(+38ms)[22m 
[2m16:43:05[22m   [34m├─[39m [2m/latest-jobs/nhm-cho-2026/index.html[22m [2m(+171ms)[22m 
[2m16:43:05[22m   [34m├─[39m [2m/latest-jobs/nhm-staff-nurse-2026/index.html[22m [2m(+241ms)[22m 
[2m16:43:06[22m   [34m├─[39m [2m/latest-jobs/nhm-mo-2026/index.html[22m [2m(+22ms)[22m 
[2m16:43:06[22m   [34m├─[39m [2m/latest-jobs/nhm-anm-2026/index.html[22m [2m(+56ms)[22m 
[2m16:43:06[22m   [34m├─[39m [2m/latest-jobs/nhm-pharmacist-2026/index.html[22m [2m(+18ms)[22m 
[2m16:43:06[22m   [34m├─[39m [2m/latest-jobs/cghs-doctor-2026/index.html[22m [2m(+25ms)[22m 
[2m16:43:06[22m   [34m├─[39m [2m/latest-jobs/army-medical-corps-2026/index.html[22m [2m(+27ms)[22m 
[2m16:43:06[22m   [34m├─[39m [2m/latest-jobs/navy-medical-officer-2026/index.html[22m [2m(+36ms)[22m 
[2m16:43:06[22m   [34m├─[39m [2m/latest-jobs/iaf-medical-officer-2026/index.html[22m [2m(+297ms)[22m 
[2m16:43:06[22m   [34m├─[39m [2m/latest-jobs/jipmer-nursing-2026/index.html[22m [2m(+27ms)[22m 
[2m16:43:06[22m   [34m├─[39m [2m/latest-jobs/nhm-lab-tech-2026/index.html[22m [2m(+23ms)[22m 
[2m16:43:06[22m   [34m├─[39m [2m/latest-jobs/isro-scientist-2026/index.html[22m [2m(+266ms)[22m 
[2m16:43:06[22m   [34m├─[39m [2m/latest-jobs/isro-tech-asst-2026/index.html[22m [2m(+74ms)[22m 
[2m16:43:06[22m   [34m├─[39m [2m/latest-jobs/isro-technician-2026/index.html[22m [2m(+61ms)[22m 
[2m16:43:06[22m   [34m├─[39m [2m/latest-jobs/drdo-scientist-b-2026/index.html[22m [2m(+114ms)[22m 
[2m16:43:07[22m   [34m├─[39m [2m/latest-jobs/barc-scientific-officer-2026/index.html[22m [2m(+172ms)[22m 
[2m16:43:07[22m   [34m├─[39m [2m/latest-jobs/barc-trainee-2026/index.html[22m [2m(+23ms)[22m 
[2m16:43:07[22m   [34m├─[39m [2m/latest-jobs/ntpc-et-2026/index.html[22m [2m(+107ms)[22m 
[2m16:43:07[22m   [34m├─[39m [2m/latest-jobs/ntpc-diploma-2026/index.html[22m [2m(+125ms)[22m 
[2m16:43:07[22m   [34m├─[39m [2m/latest-jobs/nhpc-et-2026/index.html[22m [2m(+16ms)[22m 
[2m16:43:07[22m   [34m├─[39m [2m/latest-jobs/pgcil-et-2026/index.html[22m [2m(+43ms)[22m 
[2m16:43:07[22m   [34m├─[39m [2m/latest-jobs/aai-je-airport-ops-2026/index.html[22m [2m(+23ms)[22m 
[2m16:43:07[22m   [34m├─[39m [2m/latest-jobs/nhai-deputy-manager-2026/index.html[22m [2m(+24ms)[22m 
[2m16:43:07[22m   [34m├─[39m [2m/latest-jobs/cpwd-section-eng-2026/index.html[22m [2m(+152ms)[22m 
[2m16:43:07[22m   [34m├─[39m [2m/latest-jobs/bro-je-technician-2026/index.html[22m [2m(+258ms)[22m 
[2m16:43:07[22m   [34m├─[39m [2m/latest-jobs/bhel-et-2026/index.html[22m [2m(+22ms)[22m 
[2m16:43:08[22m   [34m├─[39m [2m/latest-jobs/bhel-apprentice-2026/index.html[22m [2m(+22ms)[22m 
[2m16:43:08[22m   [34m├─[39m [2m/latest-jobs/sail-mt-2026-1/index.html[22m [2m(+197ms)[22m 
[2m16:43:08[22m   [34m├─[39m [2m/latest-jobs/sail-apprentice-2026/index.html[22m [2m(+13ms)[22m 
[2m16:43:08[22m   [34m├─[39m [2m/latest-jobs/ongc-apprentice-2026/index.html[22m [2m(+22ms)[22m 
[2m16:43:08[22m   [34m├─[39m [2m/latest-jobs/gail-apprentice-2026/index.html[22m [2m(+26ms)[22m 
[2m16:43:08[22m   [34m├─[39m [2m/latest-jobs/hpcl-technician-2026/index.html[22m [31m(+507ms)[39m 
[2m16:43:08[22m   [34m├─[39m [2m/latest-jobs/hcl-officer-2026/index.html[22m [2m(+42ms)[22m 
[2m16:43:08[22m   [34m├─[39m [2m/latest-jobs/nmdc-mining-2026/index.html[22m [2m(+53ms)[22m 
[2m16:43:08[22m   [34m├─[39m [2m/latest-jobs/mecon-engineer-2026/index.html[22m [2m(+30ms)[22m 
[2m16:43:08[22m   [34m├─[39m [2m/latest-jobs/eil-officer-2026/index.html[22m [2m(+32ms)[22m 
[2m16:43:08[22m   [34m├─[39m [2m/latest-jobs/mh-police-constable-2026/index.html[22m [2m(+167ms)[22m 
[2m16:43:09[22m   [34m├─[39m [2m/latest-jobs/mh-police-si-2026/index.html[22m [2m(+30ms)[22m 
[2m16:43:09[22m   [34m├─[39m [2m/latest-jobs/gujarat-police-constable-2026/index.html[22m [2m(+207ms)[22m 
[2m16:43:09[22m   [34m├─[39m [2m/latest-jobs/gujarat-police-si-2026/index.html[22m [2m(+87ms)[22m 
[2m16:43:09[22m   [34m├─[39m [2m/latest-jobs/karnataka-police-constable-2026/index.html[22m [2m(+70ms)[22m 
[2m16:43:09[22m   [34m├─[39m [2m/latest-jobs/karnataka-police-si-2026/index.html[22m [2m(+182ms)[22m 
[2m16:43:09[22m   [34m├─[39m [2m/latest-jobs/tn-police-constable-2026/index.html[22m [2m(+97ms)[22m 
[2m16:43:09[22m   [34m├─[39m [2m/latest-jobs/tn-police-si-2026/index.html[22m [2m(+197ms)[22m 
[2m16:43:10[22m   [34m├─[39m [2m/latest-jobs/wb-police-constable-2026/index.html[22m [2m(+21ms)[22m 
[2m16:43:10[22m   [34m├─[39m [2m/latest-jobs/wb-police-si-2026/index.html[22m [2m(+79ms)[22m 
[2m16:43:10[22m   [34m├─[39m [2m/latest-jobs/odisha-police-constable-2026/index.html[22m [2m(+23ms)[22m 
[2m16:43:10[22m   [34m├─[39m [2m/latest-jobs/jharkhand-police-constable-2026/index.html[22m [2m(+134ms)[22m 
[2m16:43:10[22m   [34m├─[39m [2m/latest-jobs/cg-police-constable-2026/index.html[22m [2m(+200ms)[22m 
[2m16:43:10[22m   [34m├─[39m [2m/latest-jobs/jk-police-constable-2026/index.html[22m [2m(+136ms)[22m 
[2m16:43:10[22m   [34m├─[39m [2m/latest-jobs/haryana-police-constable-2026/index.html[22m [2m(+63ms)[22m 
[2m16:43:10[22m   [34m├─[39m [2m/latest-jobs/haryana-police-si-2026/index.html[22m [2m(+55ms)[22m 
[2m16:43:10[22m   [34m├─[39m [2m/latest-jobs/punjab-police-constable-2026/index.html[22m [2m(+94ms)[22m 
[2m16:43:10[22m   [34m├─[39m [2m/latest-jobs/hp-police-constable-2026/index.html[22m [2m(+236ms)[22m 
[2m16:43:11[22m   [34m├─[39m [2m/latest-jobs/uttarakhand-police-constable-2026/index.html[22m [2m(+170ms)[22m 
[2m16:43:11[22m   [34m├─[39m [2m/latest-jobs/assam-police-constable-2026/index.html[22m [2m(+178ms)[22m 
[2m16:43:11[22m   [34m├─[39m [2m/latest-jobs/assam-police-si-2026/index.html[22m [2m(+268ms)[22m 
[2m16:43:11[22m   [34m├─[39m [2m/latest-jobs/ts-police-constable-2026/index.html[22m [2m(+80ms)[22m 
[2m16:43:11[22m   [34m├─[39m [2m/latest-jobs/ap-police-constable-2026/index.html[22m [2m(+84ms)[22m 
[2m16:43:11[22m   [34m├─[39m [2m/latest-jobs/up-police-constable-2027/index.html[22m [2m(+152ms)[22m 
[2m16:43:12[22m   [34m├─[39m [2m/latest-jobs/allahabad-hc-cj-2026/index.html[22m [2m(+31ms)[22m 
[2m16:43:12[22m   [34m├─[39m [2m/latest-jobs/allahabad-hc-dj-2026/index.html[22m [2m(+306ms)[22m 
[2m16:43:12[22m   [34m├─[39m [2m/latest-jobs/patna-hc-cj-2026/index.html[22m [2m(+79ms)[22m 
[2m16:43:12[22m   [34m├─[39m [2m/latest-jobs/rajasthan-hc-cj-2026/index.html[22m [2m(+179ms)[22m 
[2m16:43:12[22m   [34m├─[39m [2m/latest-jobs/mp-hc-cj-2026/index.html[22m [2m(+147ms)[22m 
[2m16:43:12[22m   [34m├─[39m [2m/latest-jobs/bombay-hc-cj-2026/index.html[22m [2m(+117ms)[22m 
[2m16:43:12[22m   [34m├─[39m [2m/latest-jobs/calcutta-hc-cj-2026/index.html[22m [2m(+208ms)[22m 
[2m16:43:13[22m   [34m├─[39m [2m/latest-jobs/madras-hc-cj-2026/index.html[22m [2m(+115ms)[22m 
[2m16:43:13[22m   [34m├─[39m [2m/latest-jobs/karnataka-hc-cj-2026/index.html[22m [2m(+51ms)[22m 
[2m16:43:13[22m   [34m├─[39m [2m/latest-jobs/allahabad-hc-dj-direct-2026/index.html[22m [2m(+164ms)[22m 
[2m16:43:13[22m   [34m├─[39m [2m/latest-jobs/delhi-dc-cj-2026/index.html[22m [2m(+105ms)[22m 
[2m16:43:13[22m   [34m├─[39m [2m/latest-jobs/sci-jca-2026/index.html[22m [2m(+378ms)[22m 
[2m16:43:13[22m   [34m├─[39m [2m/latest-jobs/sci-pa-steno-2026/index.html[22m [2m(+29ms)[22m 
[2m16:43:13[22m   [34m├─[39m [2m/latest-jobs/telangana-hc-cj-2026/index.html[22m [2m(+115ms)[22m 
[2m16:43:14[22m   [34m├─[39m [2m/latest-jobs/kerala-hc-cj-2026/index.html[22m [2m(+55ms)[22m 
[2m16:43:14[22m   [34m├─[39m [2m/latest-jobs/gauhati-hc-cj-2026/index.html[22m [2m(+31ms)[22m 
[2m16:43:14[22m   [34m├─[39m [2m/latest-jobs/jharkhand-hc-cj-2026/index.html[22m [2m(+303ms)[22m 
[2m16:43:14[22m   [34m├─[39m [2m/latest-jobs/cg-hc-cj-2026/index.html[22m [2m(+52ms)[22m 
[2m16:43:14[22m   [34m├─[39m [2m/latest-jobs/uk-hc-cj-2026/index.html[22m [2m(+136ms)[22m 
[2m16:43:14[22m   [34m├─[39m [2m/latest-jobs/goa-hc-cj-2026/index.html[22m [2m(+98ms)[22m 
[2m16:43:14[22m   [34m└─[39m [2m/latest-jobs/sikkim-hc-cj-2026/index.html[22m [2m(+201ms)[22m 
[2m16:43:15[22m [32m▶[39m src/pages/latest-jobs/index.astro
[2m16:43:15[22m   [34m└─[39m [2m/latest-jobs/index.html[22m [31m(+666ms)[39m 
[2m16:43:15[22m [32m▶[39m src/pages/link-with-us.astro
[2m16:43:15[22m   [34m└─[39m [2m/link-with-us/index.html[22m [2m(+33ms)[22m 
[2m16:43:15[22m [32m▶[39m src/pages/national-services/index.astro
[2m16:43:15[22m   [34m└─[39m [2m/national-services/index.html[22m [2m(+28ms)[22m 
[2m16:43:15[22m [32m▶[39m src/pages/privacy.astro
[2m16:43:15[22m   [34m└─[39m [2m/privacy/index.html[22m [2m(+43ms)[22m 
[2m16:43:16[22m [32m▶[39m src/pages/pyq/index.astro
[2m16:43:16[22m   [34m└─[39m [2m/pyq/index.html[22m [2m(+85ms)[22m 
[2m16:43:16[22m [32m▶[39m src/pages/qualifications/10th-pass.astro
[2m16:43:16[22m   [34m└─[39m [2m/qualifications/10th-pass/index.html[22m [2m(+70ms)[22m 
[2m16:43:16[22m [32m▶[39m src/pages/qualifications/12th-pass.astro
[2m16:43:16[22m   [34m└─[39m [2m/qualifications/12th-pass/index.html[22m [2m(+124ms)[22m 
[2m16:43:16[22m [32m▶[39m src/pages/qualifications/graduate.astro
[2m16:43:16[22m   [34m└─[39m [2m/qualifications/graduate/index.html[22m [2m(+91ms)[22m 
[2m16:43:16[22m [32m▶[39m src/pages/qualifications/index.astro
[2m16:43:16[22m   [34m└─[39m [2m/qualifications/index.html[22m [2m(+87ms)[22m 
[2m16:43:16[22m [32m▶[39m src/pages/qualifications/post-graduate.astro
[2m16:43:16[22m   [34m└─[39m [2m/qualifications/post-graduate/index.html[22m [2m(+117ms)[22m 
[2m16:43:16[22m [32m▶[39m src/pages/quiz/[category].astro
[2m16:43:16[22m   [34m├─[39m [2m/quiz/gk/index.html[22m [2m(+82ms)[22m 
[2m16:43:16[22m   [34m├─[39m [2m/quiz/current-affairs/index.html[22m [2m(+35ms)[22m 
[2m16:43:16[22m   [34m├─[39m [2m/quiz/ssc-cgl/index.html[22m [2m(+51ms)[22m 
[2m16:43:16[22m   [34m├─[39m [2m/quiz/railway/index.html[22m [2m(+52ms)[22m 
[2m16:43:17[22m   [34m├─[39m [2m/quiz/ibps/index.html[22m [2m(+203ms)[22m 
[2m16:43:17[22m   [34m├─[39m [2m/quiz/reasoning/index.html[22m [2m(+44ms)[22m 
[2m16:43:17[22m   [34m├─[39m [2m/quiz/mathematics/index.html[22m [2m(+14ms)[22m 
[2m16:43:17[22m   [34m├─[39m [2m/quiz/hindi-grammar/index.html[22m [2m(+59ms)[22m 
[2m16:43:17[22m   [34m├─[39m [2m/quiz/english-grammar/index.html[22m [2m(+75ms)[22m 
[2m16:43:17[22m   [34m└─[39m [2m/quiz/upsc/index.html[22m [2m(+72ms)[22m 
[2m16:43:17[22m [32m▶[39m src/pages/quiz/index.astro
[2m16:43:17[22m   [34m└─[39m [2m/quiz/index.html[22m [2m(+48ms)[22m 
[2m16:43:17[22m [32m▶[39m src/pages/raj/[slug].astro
[2m16:43:17[22m   [34m├─[39m [2m/raj/sso/index.html[22m [2m(+51ms)[22m 
[2m16:43:17[22m   [34m├─[39m [2m/raj/e-mitra/index.html[22m [2m(+51ms)[22m 
[2m16:43:17[22m   [34m├─[39m [2m/raj/bhu-naksha/index.html[22m [2m(+67ms)[22m 
[2m16:43:17[22m   [34m├─[39m [2m/raj/jan-aadhaar/index.html[22m [2m(+116ms)[22m 
[2m16:43:18[22m   [34m├─[39m [2m/raj/rbse-board/index.html[22m [2m(+217ms)[22m 
[2m16:43:18[22m   [34m├─[39m [2m/raj/chiranjeevi-yojana/index.html[22m [2m(+166ms)[22m 
[2m16:43:18[22m   [34m├─[39m [2m/raj/rajasthan-police/index.html[22m [2m(+73ms)[22m 
[2m16:43:18[22m   [34m├─[39m [2m/raj/kisan-kalyan/index.html[22m [2m(+11ms)[22m 
[2m16:43:18[22m   [34m├─[39m [2m/raj/nagarpalika/index.html[22m [2m(+17ms)[22m 
[2m16:43:18[22m   [34m└─[39m [2m/raj/rajasthan-university/index.html[22m [2m(+15ms)[22m 
[2m16:43:18[22m [32m▶[39m src/pages/rajasthan-services/index.astro
[2m16:43:18[22m   [34m└─[39m [2m/rajasthan-services/index.html[22m [2m(+28ms)[22m 
[2m16:43:18[22m [32m▶[39m src/pages/results/[slug].astro
[2m16:43:18[22m   [34m├─[39m [2m/results/bsf-hcm-answer-key-2026-out-ministerial-asi-link-result-2026/index.html[22m [2m(+87ms)[22m 
[2m16:43:18[22m   [34m├─[39m [2m/results/ibps-rrb-po-and-clerk-2026-apply-online-date-exten-result-2026/index.html[22m [2m(+34ms)[22m 
[2m16:43:18[22m   [34m├─[39m [2m/results/jharkhand-neet-ug-counselling-2026-state-merit-lis-result-2026/index.html[22m [2m(+44ms)[22m 
[2m16:43:18[22m   [34m├─[39m [2m/results/gujarat-anganwadi-recruitment-2026-out-apply-onlin-result-2026/index.html[22m [2m(+32ms)[22m 
[2m16:43:18[22m   [34m├─[39m [2m/results/rrb-pharmacist-syllabus-2026-check-exam-pattern-an-result-2026/index.html[22m [2m(+24ms)[22m 
[2m16:43:19[22m   [34m├─[39m [2m/results/up-neet-merit-list-2026-released-download-round-2--result-2026/index.html[22m [2m(+64ms)[22m 
[2m16:43:19[22m   [34m├─[39m [2m/results/mpesb-aeo-answer-key-2026-released-at-esbmpgovin-d-result-2026/index.html[22m [2m(+36ms)[22m 
[2m16:43:19[22m   [34m├─[39m [2m/results/up-neet-ug-2026-round-2-merit-list-released-downlo-result-2026/index.html[22m [2m(+84ms)[22m 
[2m16:43:19[22m   [34m├─[39m [2m/results/india-post-gds-2026-last-date-today-result-expecte-result-2026/index.html[22m [2m(+217ms)[22m 
[2m16:43:19[22m   [34m├─[39m [2m/results/rrb-group-d-result-2026-out-rrbapplygovin-soon-che-result-2026/index.html[22m [2m(+78ms)[22m 
[2m16:43:19[22m   [34m├─[39m [2m/results/rrb-group-d-result-2026-expected-soon-result-date--result-2026/index.html[22m [2m(+20ms)[22m 
[2m16:43:19[22m   [34m├─[39m [2m/results/nda-2-result-date-2026-check-official-website-step-result-2026/index.html[22m [2m(+100ms)[22m 
[2m16:43:19[22m   [34m├─[39m [2m/results/haryana-clerk-result-2026-releasing-shortly-at-sss-result-2026/index.html[22m [2m(+64ms)[22m 
[2m16:43:19[22m   [34m├─[39m [2m/results/kolkata-police-si-pet-admit-card-2026-out-today-at-result-2026/index.html[22m [2m(+69ms)[22m 
[2m16:43:19[22m   [34m├─[39m [2m/results/indian-navy-agniveer-ssrmr-result-2026-out-downloa-result-2026/index.html[22m [2m(+151ms)[22m 
[2m16:43:19[22m   [34m├─[39m [2m/results/up-iti-merit-list-2026-phase-3-out-check-merit-lis-result-2026/index.html[22m [2m(+81ms)[22m 
[2m16:43:19[22m   [34m├─[39m [2m/results/haryana-court-clerk-result-2026-result-2026/index.html[22m [2m(+33ms)[22m 
[2m16:43:20[22m   [34m├─[39m [2m/results/school-assembly-news-headlines-september-21-2026-s-result-2026/index.html[22m [2m(+133ms)[22m 
[2m16:43:20[22m   [34m├─[39m [2m/results/up-excise-constable-cutoff-2026-check-category-wis-result-2026/index.html[22m [2m(+51ms)[22m 
[2m16:43:20[22m   [34m├─[39m [2m/results/ibps-rrb-recruitment-2026-apply-online-last-date-t-result-2026/index.html[22m [2m(+18ms)[22m 
[2m16:43:20[22m   [34m├─[39m [2m/results/mh-cet-law-2026-3-year-llb-cap-round-3-allotment-r-result-2026/index.html[22m [2m(+177ms)[22m 
[2m16:43:20[22m   [34m├─[39m [2m/results/hprca-assistant-staff-nurse-admit-card-2026-releas-result-2026/index.html[22m [2m(+73ms)[22m 
[2m16:43:20[22m   [34m├─[39m [2m/results/upsssc-pharmacist-exam-analysis-2026-check-difficu-result-2026/index.html[22m [2m(+52ms)[22m 
[2m16:43:20[22m   [34m├─[39m [2m/results/kea-pgcet-2026-mock-allotment-result-released-at-k-result-2026/index.html[22m [2m(+109ms)[22m 
[2m16:43:20[22m   [34m├─[39m [2m/results/upsssc-excise-constable-exam-analysis-2026-check-p-result-2026/index.html[22m [2m(+37ms)[22m 
[2m16:43:20[22m   [34m├─[39m [2m/results/dsssb-tgt-result-2026-out-check-your-result-result-2026/index.html[22m [2m(+71ms)[22m 
[2m16:43:20[22m   [34m├─[39m [2m/results/ap-eamcet-2026-final-phase-seat-allotment-result-t-result-2026/index.html[22m [2m(+101ms)[22m 
[2m16:43:20[22m   [34m├─[39m [2m/results/apssb-cgl-final-result-2026-out-check-merit-list-p-result-2026/index.html[22m [2m(+117ms)[22m 
[2m16:43:20[22m   [34m├─[39m [2m/results/jharkhand-jssc-jilcce-recruitment-2026-notificatio-result-2026/index.html[22m [2m(+62ms)[22m 
[2m16:43:21[22m   [34m├─[39m [2m/results/aiapget-result-2026-declared-check-details-here-result-2026/index.html[22m [2m(+30ms)[22m 
[2m16:43:21[22m   [34m├─[39m [2m/results/aiims-bsc-nursing-open-round-result-2026-download-result-2026/index.html[22m [2m(+40ms)[22m 
[2m16:43:21[22m   [34m├─[39m [2m/results/aiims-bsc-nursing-2026-open-round-counselling-resu-result-2026/index.html[22m [2m(+33ms)[22m 
[2m16:43:21[22m   [34m├─[39m [2m/results/mp-police-asi-subedar-salary-2026-check-pay-scale--result-2026/index.html[22m [2m(+136ms)[22m 
[2m16:43:21[22m   [34m├─[39m [2m/results/mp-police-constable-syllabus-2026-check-topic-wise-result-2026/index.html[22m [2m(+63ms)[22m 
[2m16:43:21[22m   [34m├─[39m [2m/results/kerala-tet-september-notification-2026-out-apply-o-result-2026/index.html[22m [2m(+68ms)[22m 
[2m16:43:21[22m   [34m├─[39m [2m/results/ignou-recruitment-2026-notification-out-for-variou-result-2026/index.html[22m [2m(+102ms)[22m 
[2m16:43:21[22m   [34m├─[39m [2m/results/apssb-cgl-final-result-2026-released-download-udc--result-2026/index.html[22m [2m(+67ms)[22m 
[2m16:43:21[22m   [34m├─[39m [2m/results/dsssb-aso-exam-date-2026-out-at-dssbdelhigovin-che-result-2026/index.html[22m [2m(+67ms)[22m 
[2m16:43:21[22m   [34m├─[39m [2m/results/aiims-norcet-11-result-2026-declared-check-details-result-2026/index.html[22m [2m(+96ms)[22m 
[2m16:43:21[22m   [34m├─[39m [2m/results/ap-eamcet-counselling-2026-tomorrow-final-phase-se-result-2026/index.html[22m [2m(+19ms)[22m 
[2m16:43:21[22m   [34m├─[39m [2m/results/hppsc-mo-recruitment-2026-apply-online-for-282-med-result-2026/index.html[22m [2m(+49ms)[22m 
[2m16:43:21[22m   [34m├─[39m [2m/results/indian-post-office-gds-recruitment-2026-apply-link-result-2026/index.html[22m [2m(+133ms)[22m 
[2m16:43:21[22m   [34m├─[39m [2m/results/ktet-cutoff-2026-check-kerala-tet-category-1-2-3-4-result-2026/index.html[22m [2m(+127ms)[22m 
[2m16:43:22[22m   [34m├─[39m [2m/results/sarkari-naukri-this-week-2026-india-post-gds-to-ss-result-2026/index.html[22m [2m(+15ms)[22m 
[2m16:43:22[22m   [34m├─[39m [2m/results/up-iti-merit-list-2026-phase-3-check-merit-list-se-result-2026/index.html[22m [2m(+76ms)[22m 
[2m16:43:22[22m   [34m├─[39m [2m/results/emrs-tier-2-result-2026-2-result-2026/index.html[22m [2m(+80ms)[22m 
[2m16:43:22[22m   [34m├─[39m [2m/results/aiims-norcet-11-prelims-result-2026-out-today-dire-result-2026/index.html[22m [2m(+47ms)[22m 
[2m16:43:22[22m   [34m├─[39m [2m/results/uppsc-pcs-mains-result-2026-uppscupnicin-2297-result-2026/index.html[22m [2m(+51ms)[22m 
[2m16:43:22[22m   [34m├─[39m [2m/results/aiims-norcet-11-result-2026-out-at-aiimsexamsacin--result-2026/index.html[22m [2m(+136ms)[22m 
[2m16:43:22[22m   [34m├─[39m [2m/results/sbi-po-mains-result-2026-date-time-check-when-resu-result-2026/index.html[22m [2m(+152ms)[22m 
[2m16:43:22[22m   [34m├─[39m [2m/results/indian-navy-agniveer-ssr-mr-result-2026-out-at-agn-result-2026/index.html[22m [2m(+57ms)[22m 
[2m16:43:22[22m   [34m├─[39m [2m/results/mhcet-3-year-llb-2026-cap-round-3-seat-allotment-r-result-2026/index.html[22m [2m(+142ms)[22m 
[2m16:43:22[22m   [34m├─[39m [2m/results/ts-police-constable-si-salary-2026-check-pay-scale-result-2026/index.html[22m [2m(+49ms)[22m 
[2m16:43:22[22m   [34m├─[39m [2m/results/tagore-medical-college-cutoff-2026-round-2-opening-result-2026/index.html[22m [2m(+51ms)[22m 
[2m16:43:22[22m   [34m├─[39m [2m/results/psssb-clerk-exam-date-2026-out-check-official-sche-result-2026/index.html[22m [2m(+178ms)[22m 
[2m16:43:23[22m   [34m├─[39m [2m/results/iob-lbo-admit-card-2026-out-check-the-exam-date-di-result-2026/index.html[22m [2m(+113ms)[22m 
[2m16:43:23[22m   [34m├─[39m [2m/results/rssb-computer-instructor-answer-key-2026-released--result-2026/index.html[22m [2m(+73ms)[22m 
[2m16:43:23[22m   [34m├─[39m [2m/results/ssc-gd-result-2026-date-merit-list-and-shortlistin-result-2026/index.html[22m [2m(+35ms)[22m 
[2m16:43:23[22m   [34m├─[39m [2m/results/up-anm-training-result-2026-out-check-final-select-result-2026/index.html[22m [2m(+81ms)[22m 
[2m16:43:23[22m   [34m├─[39m [2m/results/india-post-gds-maharashtra-vacancy-2026-check-divi-result-2026/index.html[22m [2m(+65ms)[22m 
[2m16:43:23[22m   [34m├─[39m [2m/results/aiims-norcet-11-cutoff-2026-out-check-category-wis-result-2026/index.html[22m [2m(+37ms)[22m 
[2m16:43:23[22m   [34m├─[39m [2m/results/aiims-norcet-11-result-2026-out-today-at-aiimsexam-result-2026/index.html[22m [2m(+116ms)[22m 
[2m16:43:23[22m   [34m├─[39m [2m/results/rrb-ntpc-ug-answer-key-2026-pdf-soon-check-list-of-result-2026/index.html[22m [2m(+66ms)[22m 
[2m16:43:23[22m   [34m├─[39m [2m/results/htet-result-2025-26-out-bsehorgin-download-disqual-result-2026/index.html[22m [2m(+83ms)[22m 
[2m16:43:23[22m   [34m├─[39m [2m/results/mht-cet-2026-counselling-started-cutoff-merit-list-result-2026/index.html[22m [2m(+143ms)[22m 
[2m16:43:23[22m   [34m├─[39m [2m/results/tg-cpget-2026-phase-1-seat-allotment-released-chec-result-2026/index.html[22m [2m(+28ms)[22m 
[2m16:43:23[22m   [34m├─[39m [2m/results/emrs-pgt-salary-2026-check-pay-scale-in-hand-salar-result-2026/index.html[22m [2m(+28ms)[22m 
[2m16:43:23[22m   [34m├─[39m [2m/results/cbse-class-10-science-sample-paper-2026-27-with-so-result-2026/index.html[22m [2m(+49ms)[22m 
[2m16:43:24[22m   [34m├─[39m [2m/results/cgpsc-state-services-exam-2025-dv-interview-postpo-result-2026/index.html[22m [2m(+148ms)[22m 
[2m16:43:24[22m   [34m├─[39m [2m/results/chatgpt-prompts-to-find-government-jobs-you-are-el-result-2026/index.html[22m [2m(+192ms)[22m 
[2m16:43:24[22m   [34m├─[39m [2m/results/ugc-net-2026-re-exam-result-2026-out-for-3-subject-result-2026/index.html[22m [2m(+51ms)[22m 
[2m16:43:24[22m   [34m├─[39m [2m/results/ssc-gd-result-2026-date-expected-shortly-heres-how-result-2026/index.html[22m [2m(+15ms)[22m 
[2m16:43:24[22m   [34m├─[39m [2m/results/delhi-police-hc-physical-admit-card-2026-out-at-de-result-2026/index.html[22m [2m(+16ms)[22m 
[2m16:43:24[22m   [34m├─[39m [2m/results/bob-lbo-2026-apply-online-last-date-today-for-2582-result-2026/index.html[22m [2m(+77ms)[22m 
[2m16:43:24[22m   [34m├─[39m [2m/results/osstet-admit-card-2026-at-bseodishanicin-download--result-2026/index.html[22m [2m(+216ms)[22m 
[2m16:43:24[22m   [34m├─[39m [2m/results/ugc-net-re-exam-cutoff-2026-out-check-english-comm-result-2026/index.html[22m [2m(+58ms)[22m 
[2m16:43:24[22m   [34m├─[39m [2m/results/ugc-net-re-exam-result-2026-out-at-ugcnetntanicin--result-2026/index.html[22m [2m(+59ms)[22m 
[2m16:43:24[22m   [34m├─[39m [2m/results/ugc-net-re-examination-result-2026-out-for-3-subje-result-2026/index.html[22m [2m(+72ms)[22m 
[2m16:43:24[22m   [34m├─[39m [2m/results/stanley-medical-college-chennai-cutoff-2026-round--result-2026/index.html[22m [2m(+68ms)[22m 
[2m16:43:25[22m   [34m├─[39m [2m/results/iocl-admit-card-2026-out-download-engineer-officer-result-2026/index.html[22m [2m(+107ms)[22m 
[2m16:43:25[22m   [34m├─[39m [2m/results/ossc-chsl-admit-card-2026-at-osscgovin-download-co-result-2026/index.html[22m [2m(+47ms)[22m 
[2m16:43:25[22m   [34m├─[39m [2m/results/ts-tet-result-2026-out-tgtetaptonlinein-download-t-result-2026/index.html[22m [2m(+163ms)[22m 
[2m16:43:25[22m   [34m├─[39m [2m/results/rrb-je-cbt-2-cutoff-2026-released-check-zone-wise--result-2026/index.html[22m [2m(+41ms)[22m 
[2m16:43:25[22m   [34m├─[39m [2m/results/rrb-group-d-result-2026-soon-rrbapplygovin-cen-092-result-2026/index.html[22m [2m(+66ms)[22m 
[2m16:43:25[22m   [34m├─[39m [2m/results/mba-in-artificial-intelligence-2026-eligibility-to-result-2026/index.html[22m [2m(+65ms)[22m 
[2m16:43:25[22m   [34m├─[39m [2m/results/nirf-2026-skill-university-ranking-top-institutes--result-2026/index.html[22m [2m(+65ms)[22m 
[2m16:43:25[22m   [34m├─[39m [2m/results/tnpsc-group-1-admit-card-2026-out-download-prelims-result-2026/index.html[22m [2m(+95ms)[22m 
[2m16:43:25[22m   [34m├─[39m [2m/results/upsc-ifs-mains-exam-date-2026-out-check-exam-sched-result-2026/index.html[22m [2m(+139ms)[22m 
[2m16:43:25[22m   [34m├─[39m [2m/results/dsssb-aso-admit-card-2026-direct-link-to-download--result-2026/index.html[22m [2m(+102ms)[22m 
[2m16:43:25[22m   [34m├─[39m [2m/results/sbi-clerk-exam-date-2026-out-check-complete-offici-result-2026/index.html[22m [2m(+75ms)[22m 
[2m16:43:25[22m   [34m├─[39m [2m/results/rrb-guwahati-je-result-2026-out-download-junior-en-result-2026/index.html[22m [2m(+66ms)[22m 
[2m16:43:26[22m   [34m├─[39m [2m/results/bihar-bed-cet-2026-counselling-vacant-seat-out-for-result-2026/index.html[22m [2m(+42ms)[22m 
[2m16:43:26[22m   [34m├─[39m [2m/results/upsssc-junior-assistant-typing-test-date-2026-chec-result-2026/index.html[22m [2m(+30ms)[22m 
[2m16:43:26[22m   [34m├─[39m [2m/results/gujarat-high-court-wireman-result-2026-check-eligi-result-2026/index.html[22m [2m(+38ms)[22m 
[2m16:43:26[22m   [34m├─[39m [2m/results/nirf-ranking-2026-from-engineering-to-medical-chec-result-2026/index.html[22m [2m(+101ms)[22m 
[2m16:43:26[22m   [34m├─[39m [2m/results/uppsc-pcs-mains-result-2026-out-download-merit-lis-result-2026/index.html[22m [2m(+116ms)[22m 
[2m16:43:26[22m   [34m├─[39m [2m/results/upessc-pravakta-recruitment-2026-2607-vacancies-fo-result-2026/index.html[22m [2m(+66ms)[22m 
[2m16:43:26[22m   [34m├─[39m [2m/results/ugc-net-re-exam-result-2026-shortly-ugcnetntanicin-result-2026/index.html[22m [2m(+105ms)[22m 
[2m16:43:26[22m   [34m├─[39m [2m/results/mp-bed-admission-2026-epravesh-round-6-seat-allotm-result-2026/index.html[22m [2m(+51ms)[22m 
[2m16:43:26[22m   [34m├─[39m [2m/results/ssc-gd-result-2026-what-happens-after-ssc-releases-result-2026/index.html[22m [2m(+44ms)[22m 
[2m16:43:26[22m   [34m├─[39m [2m/results/rrb-je-cbt-2-result-2026-out-check-railway-je-resu-result-2026/index.html[22m [2m(+62ms)[22m 
[2m16:43:26[22m   [34m├─[39m [2m/results/iim-kozhikode-nirf-ranking-2026-parameter-analysis-result-2026/index.html[22m [2m(+47ms)[22m 
[2m16:43:26[22m   [34m├─[39m [2m/results/which-iit-built-the-most-unicorns-check-complete-c-result-2026/index.html[22m [2m(+105ms)[22m 
[2m16:43:26[22m   [34m├─[39m [2m/results/nirf-ranking-2026-soon-top-government-mba-colleges-result-2026/index.html[22m [2m(+100ms)[22m 
[2m16:43:26[22m   [34m├─[39m [2m/results/nda-exam-dates-2026-announced-check-nda-2-complete-result-2026/index.html[22m [2m(+34ms)[22m 
[2m16:43:26[22m   [34m├─[39m [2m/results/upsc-epfo-apfc-exam-date-2026-out-check-exam-sched-result-2026/index.html[22m [2m(+68ms)[22m 
[2m16:43:27[22m   [34m├─[39m [2m/results/jharkhand-anm-result-2026-at-jsscjharkhandgovin-so-result-2026/index.html[22m [2m(+83ms)[22m 
[2m16:43:27[22m   [34m├─[39m [2m/results/rrb-je-kolkata-cut-off-2026-released-download-zone-result-2026/index.html[22m [2m(+40ms)[22m 
[2m16:43:27[22m   [34m├─[39m [2m/results/bangalore-medical-college-neet-cutoff-2026-round-2-result-2026/index.html[22m [2m(+36ms)[22m 
[2m16:43:27[22m   [34m├─[39m [2m/results/nmdc-admit-card-2026-out-for-executive-trainee-hal-result-2026/index.html[22m [2m(+73ms)[22m 
[2m16:43:27[22m   [34m├─[39m [2m/results/up-pgt-teacher-notification-2026-out-apply-online--result-2026/index.html[22m [2m(+117ms)[22m 
[2m16:43:27[22m   [34m├─[39m [2m/results/up-tgt-pgt-cut-off-2026-check-subject-wise-qualify-result-2026/index.html[22m [2m(+33ms)[22m 
[2m16:43:27[22m   [34m├─[39m [2m/results/mh-bsc-nursing-cet-2026-round-1-seat-allotment-res-result-2026/index.html[22m [2m(+116ms)[22m 
[2m16:43:27[22m   [34m├─[39m [2m/results/icai-to-soon-announce-ca-foundation-inter-result-2-result-2026/index.html[22m [2m(+32ms)[22m 
[2m16:43:27[22m   [34m├─[39m [2m/results/rrb-je-ajmer-result-2026-out-download-zone-wise-re-result-2026/index.html[22m [2m(+49ms)[22m 
[2m16:43:27[22m   [34m├─[39m [2m/results/rrb-je-malda-result-2026-out-check-scorecard-merit-result-2026/index.html[22m [2m(+86ms)[22m 
[2m16:43:27[22m   [34m├─[39m [2m/results/up-tgt-pgt-syllabus-2026-out-download-subject-wise-result-2026/index.html[22m [2m(+112ms)[22m 
[2m16:43:27[22m   [34m├─[39m [2m/results/rrb-jammu-srinagar-je-result-2025-26-out-merit-lis-result-2026/index.html[22m [2m(+55ms)[22m 
[2m16:43:27[22m   [34m├─[39m [2m/results/rrb-je-bhubaneshwar-result-2026-out-merit-list-cut-result-2026/index.html[22m [2m(+81ms)[22m 
[2m16:43:27[22m   [34m├─[39m [2m/results/tamil-nadu-neet-counselling-2026-round-2-seat-allo-result-2026/index.html[22m [2m(+143ms)[22m 
[2m16:43:28[22m   [34m├─[39m [2m/results/gandhi-medical-college-musheerabad-cutoff-2026-che-result-2026/index.html[22m [2m(+75ms)[22m 
[2m16:43:28[22m   [34m├─[39m [2m/results/tg-tet-answer-key-2026-released-at-tgtetaptonlinei-result-2026/index.html[22m [2m(+59ms)[22m 
[2m16:43:28[22m   [34m├─[39m [2m/results/ctet-syllabus-2026-check-exam-pattern-marking-sche-result-2026/index.html[22m [2m(+51ms)[22m 
[2m16:43:28[22m   [34m├─[39m [2m/results/rrb-je-exam-date-2026-out-check-cen-042026-junior--result-2026/index.html[22m [2m(+58ms)[22m 
[2m16:43:28[22m   [34m├─[39m [2m/results/tslprb-notification-2026-apply-online-last-date-to-result-2026/index.html[22m [2m(+27ms)[22m 
[2m16:43:28[22m   [34m├─[39m [2m/results/indian-overseas-bank-iob-apprentice-result-2026-ou-result-2026/index.html[22m [2m(+81ms)[22m 
[2m16:43:28[22m   [34m├─[39m [2m/results/up-homeguard-pet-admit-card-2026-check-revised-sch-result-2026/index.html[22m [2m(+231ms)[22m 
[2m16:43:28[22m   [34m├─[39m [2m/results/jkssb-admit-card-2026-out-at-jkssbnicin-check-vari-result-2026/index.html[22m [2m(+162ms)[22m 
[2m16:43:28[22m   [34m├─[39m [2m/results/iocl-admit-card-2026-out-today-at-ioclcom-download-result-2026/index.html[22m [2m(+33ms)[22m 
[2m16:43:28[22m   [34m├─[39m [2m/results/upsssc-veterinary-pharmacist-recruitment-2026-appl-result-2026/index.html[22m [2m(+23ms)[22m 
[2m16:43:28[22m   [34m├─[39m [2m/results/up-cooperative-bank-admit-card-2026-released-downl-result-2026/index.html[22m [2m(+83ms)[22m 
[2m16:43:29[22m   [34m├─[39m [2m/results/nptel-hall-ticket-2026-direct-link-to-download-jul-result-2026/index.html[22m [2m(+52ms)[22m 
[2m16:43:29[22m   [34m├─[39m [2m/results/iob-specialist-officer-recruitment-2026-apply-onli-result-2026/index.html[22m [2m(+48ms)[22m 
[2m16:43:29[22m   [34m├─[39m [2m/results/ksrp-hall-ticket-2026-out-direct-link-to-download--result-2026/index.html[22m [2m(+101ms)[22m 
[2m16:43:29[22m   [34m├─[39m [2m/results/lady-hardinge-medical-college-cutoff-2026-check-ne-result-2026/index.html[22m [2m(+100ms)[22m 
[2m16:43:29[22m   [34m├─[39m [2m/results/ruhs-college-of-medical-sciences-neet-cutoff-2026--result-2026/index.html[22m [2m(+49ms)[22m 
[2m16:43:29[22m   [34m├─[39m [2m/results/upessc-up-prt-assistant-teacher-recruitment-2026-n-result-2026/index.html[22m [2m(+50ms)[22m 
[2m16:43:29[22m   [34m├─[39m [2m/results/rpsc-si-cutoff-2026-check-the-category-wise-sub-in-result-2026/index.html[22m [2m(+226ms)[22m 
[2m16:43:29[22m   [34m├─[39m [2m/results/mphc-recruitment-2026-mp-high-court-assistant-grad-result-2026/index.html[22m [2m(+39ms)[22m 
[2m16:43:29[22m   [34m├─[39m [2m/results/kuhs-result-2026-out-at-kuhsacin-direct-link-to-do-result-2026/index.html[22m [2m(+97ms)[22m 
[2m16:43:29[22m   [34m├─[39m [2m/results/iob-local-bank-officer-lbo-exam-date-2026-out-for--result-2026/index.html[22m [2m(+46ms)[22m 
[2m16:43:29[22m   [34m├─[39m [2m/results/rpsc-si-result-2026-out-download-pet-merit-list-pd-result-2026/index.html[22m [2m(+196ms)[22m 
[2m16:43:30[22m   [34m├─[39m [2m/results/mh-cet-5-year-llb-2026-cap-round-3-final-merit-lis-result-2026/index.html[22m [2m(+45ms)[22m 
[2m16:43:30[22m   [34m├─[39m [2m/results/neet-pg-answer-key-2026-expected-soon-response-she-result-2026/index.html[22m [2m(+63ms)[22m 
[2m16:43:30[22m   [34m├─[39m [2m/results/nirf-ranking-2026-top-mba-colleges-in-india-parame-result-2026/index.html[22m [2m(+68ms)[22m 
[2m16:43:30[22m   [34m├─[39m [2m/results/iob-so-syllabus-2026-check-complete-topic-wise-syl-result-2026/index.html[22m [2m(+92ms)[22m 
[2m16:43:30[22m   [34m├─[39m [2m/results/cbse-kvs-nvs-prt-jsa-tier-2-results-2026-declared--result-2026/index.html[22m [2m(+41ms)[22m 
[2m16:43:30[22m   [34m├─[39m [2m/results/ssc-gd-2026-result-link-anytime-soon-at-sscgovin-c-result-2026/index.html[22m [2m(+45ms)[22m 
[2m16:43:30[22m   [34m├─[39m [2m/results/rmlau-result-2026-out-at-rmlauacin-direct-link-to--result-2026/index.html[22m [2m(+141ms)[22m 
[2m16:43:30[22m   [34m├─[39m [2m/results/ibps-clerk-reserve-list-2026-out-download-2nd-prov-result-2026/index.html[22m [2m(+112ms)[22m 
[2m16:43:30[22m   [34m├─[39m [2m/results/csir-net-june-cutoff-2026-check-subject-wise-marks-result-2026/index.html[22m [2m(+150ms)[22m 
[2m16:43:30[22m   [34m├─[39m [2m/results/rrb-group-d-cen-092025-answer-key-objection-window-result-2026/index.html[22m [2m(+132ms)[22m 
[2m16:43:30[22m   [34m├─[39m [2m/results/neet-pg-2026-result-direct-link-official-website-h-result-2026/index.html[22m [2m(+118ms)[22m 
[2m16:43:31[22m   [34m├─[39m [2m/results/bihar-vidhan-parishad-final-result-2026-out-ldc-de-result-2026/index.html[22m [2m(+32ms)[22m 
[2m16:43:31[22m   [34m├─[39m [2m/results/rrc-ecor-recruitment-2026-last-date-today-apply-on-result-2026/index.html[22m [2m(+36ms)[22m 
[2m16:43:31[22m   [34m├─[39m [2m/results/gujarat-neet-ug-2026-round-2-seat-allotment-result-result-2026/index.html[22m [2m(+160ms)[22m 
[2m16:43:31[22m   [34m├─[39m [2m/results/ssc-gd-2026-result-link-anytime-soon-sscgovin-chec-result-2026/index.html[22m [2m(+155ms)[22m 
[2m16:43:31[22m   [34m├─[39m [2m/results/ap-tet-results-2026-out-check-marks-and-qualifying-result-2026/index.html[22m [2m(+68ms)[22m 
[2m16:43:31[22m   [34m├─[39m [2m/results/rrb-group-d-result-2026-soon-check-date-cut-off-an-result-2026/index.html[22m [2m(+72ms)[22m 
[2m16:43:31[22m   [34m├─[39m [2m/results/rrb-group-d-result-2026-expected-soon-know-steps-t-result-2026/index.html[22m [2m(+129ms)[22m 
[2m16:43:31[22m   [34m├─[39m [2m/results/ugc-net-2026-re-exam-result-for-english-commerce-a-result-2026/index.html[22m [2m(+46ms)[22m 
[2m16:43:31[22m   [34m├─[39m [2m/results/gujarat-university-result-2026-released-at-gujarat-result-2026/index.html[22m [2m(+96ms)[22m 
[2m16:43:31[22m   [34m├─[39m [2m/results/rajasthan-ldc-result-2026-ldc-result-2026/index.html[22m [2m(+200ms)[22m 
[2m16:43:32[22m   [34m├─[39m [2m/results/top-nirf-2026-colleges-in-india-overall-rankings-p-result-2026/index.html[22m [2m(+102ms)[22m 
[2m16:43:32[22m   [34m├─[39m [2m/results/ctet-exam-date-2026-released-at-ctetnicin-exam-on--result-2026/index.html[22m [2m(+68ms)[22m 
[2m16:43:32[22m   [34m├─[39m [2m/results/ruhs-medical-officer-recruitment-2026-apply-online-result-2026/index.html[22m [2m(+32ms)[22m 
[2m16:43:32[22m   [34m├─[39m [2m/results/rrb-group-d-result-2026-expected-soon-cen-092025-m-result-2026/index.html[22m [2m(+83ms)[22m 
[2m16:43:32[22m   [34m├─[39m [2m/results/aiims-neet-ug-cutoff-2026-check-round-2-and-3-open-result-2026/index.html[22m [2m(+62ms)[22m 
[2m16:43:32[22m   [34m├─[39m [2m/results/nirf-ranking-2026-check-rankings-categories-parame-result-2026/index.html[22m [2m(+92ms)[22m 
[2m16:43:32[22m   [34m├─[39m [2m/results/bse-odisha-class-10-notification-2026-27-exam-date-result-2026/index.html[22m [2m(+117ms)[22m 
[2m16:43:32[22m   [34m├─[39m [2m/results/wb-neet-ug-counselling-2026-round-2-provisional-me-result-2026/index.html[22m [2m(+114ms)[22m 
[2m16:43:32[22m   [34m├─[39m [2m/results/rrb-ntpc-ug-admit-card-2026-out-get-cbt-2-hall-tic-result-2026/index.html[22m [2m(+73ms)[22m 
[2m16:43:32[22m   [34m├─[39m [2m/results/cds-2-result-2026-check-expected-release-date-resu-result-2026/index.html[22m [2m(+62ms)[22m 
[2m16:43:32[22m   [34m├─[39m [2m/results/ts-edcet-2026-phase-2-seat-allotment-result-out-ch-result-2026/index.html[22m [2m(+47ms)[22m 
[2m16:43:32[22m   [34m├─[39m [2m/results/maharashtra-neet-round-2-seat-allotment-result-202-result-2026/index.html[22m [2m(+44ms)[22m 
[2m16:43:32[22m   [34m├─[39m [2m/results/nda-2-result-2026-check-expected-release-date-meri-result-2026/index.html[22m [2m(+121ms)[22m 
[2m16:43:33[22m   [34m├─[39m [2m/results/assam-neet-ug-round-2-seat-allotment-result-out-dm-result-2026/index.html[22m [2m(+87ms)[22m 
[2m16:43:33[22m   [34m├─[39m [2m/results/karnataka-neet-mds-2026-counselling-round-1-seat-a-result-2026/index.html[22m [2m(+118ms)[22m 
[2m16:43:33[22m   [34m├─[39m [2m/results/nda-2-result-2026-expected-date-check-october-rele-result-2026/index.html[22m [2m(+54ms)[22m 
[2m16:43:33[22m   [34m├─[39m [2m/results/cds-2-result-2026-check-expected-date-result-link--result-2026/index.html[22m [2m(+17ms)[22m 
[2m16:43:33[22m   [34m├─[39m [2m/results/upsssc-lekhpal-result-2026-out-scorecard-link-and--result-2026/index.html[22m [2m(+34ms)[22m 
[2m16:43:33[22m   [34m├─[39m [2m/results/vtu-result-2026-check-all-semester-results-for-ug--result-2026/index.html[22m [2m(+65ms)[22m 
[2m16:43:33[22m   [34m├─[39m [2m/results/sbi-po-mains-exam-analysis-2026-check-section-wise-result-2026/index.html[22m [2m(+101ms)[22m 
[2m16:43:33[22m   [34m├─[39m [2m/results/up-iti-merit-list-2026-phase-2-out-check-merit-lis-result-2026/index.html[22m [2m(+32ms)[22m 
[2m16:43:33[22m   [34m├─[39m [2m/results/cisf-tradesman-fireman-exam-date-2026-cisf-tradesm-result-2026/index.html[22m [2m(+69ms)[22m 
[2m16:43:33[22m   [34m├─[39m [2m/results/odisha-neet-ug-2026-round-2-seat-allotment-result--result-2026/index.html[22m [2m(+149ms)[22m 
[2m16:43:33[22m   [34m├─[39m [2m/results/ssc-cgl-exam-date-2026-out-check-tier-1-exam-sched-result-2026/index.html[22m [2m(+45ms)[22m 
[2m16:43:33[22m   [34m├─[39m [2m/results/uniraj-result-2026-rajasthan-university-results-fo-result-2026/index.html[22m [2m(+40ms)[22m 
[2m16:43:33[22m   [34m├─[39m [2m/results/neet-ug-counselling-2026-round-2-final-seat-allotm-result-2026/index.html[22m [2m(+45ms)[22m 
[2m16:43:33[22m   [34m├─[39m [2m/results/ibps-rrb-vacancy-2026-increased-to-13745-check-sta-result-2026/index.html[22m [2m(+86ms)[22m 
[2m16:43:34[22m   [34m├─[39m [2m/results/avnl-answer-key-2026-released-download-junior-tech-result-2026/index.html[22m [2m(+48ms)[22m 
[2m16:43:34[22m   [34m├─[39m [2m/results/up-lekhpal-cut-off-2026-out-check-category-wise-cu-result-2026/index.html[22m [2m(+34ms)[22m 
[2m16:43:34[22m   [34m├─[39m [2m/results/pspcl-je-result-2026-out-at-pspclin-download-cbt-m-result-2026/index.html[22m [2m(+134ms)[22m 
[2m16:43:34[22m   [34m├─[39m [2m/results/karnataka-neet-ug-2026-round-2-provisional-seat-al-result-2026/index.html[22m [2m(+50ms)[22m 
[2m16:43:34[22m   [34m├─[39m [2m/results/hal-mt-dt-interview-call-letter-2026-released-down-result-2026/index.html[22m [2m(+95ms)[22m 
[2m16:43:34[22m   [34m├─[39m [2m/results/mrb-tn-nursing-assistant-result-2026-out-at-mrbtng-result-2026/index.html[22m [2m(+72ms)[22m 
[2m16:43:34[22m   [34m├─[39m [2m/results/mp-neet-ug-round-2-seat-allotment-result-2026-rele-result-2026/index.html[22m [2m(+159ms)[22m 
[2m16:43:34[22m   [34m├─[39m [2m/results/cat-2026-which-iims-can-you-get-at-95-percentile-i-result-2026/index.html[22m [2m(+53ms)[22m 
[2m16:43:34[22m   [34m├─[39m [2m/results/cat-2026-which-iims-can-you-get-at-85-percentile-i-result-2026/index.html[22m [2m(+20ms)[22m 
[2m16:43:34[22m   [34m├─[39m [2m/results/wbjee-decentralised-counselling-2026-round-1-merit-result-2026/index.html[22m [2m(+84ms)[22m 
[2m16:43:34[22m   [34m├─[39m [2m/results/tnpsc-answer-key-2026-out-for-aao-aho-ao-and-other-result-2026/index.html[22m [2m(+196ms)[22m 
[2m16:43:34[22m   [34m├─[39m [2m/results/mpmsu-result-2026-out-at-mpmsueduin-direct-link-to-result-2026/index.html[22m [2m(+50ms)[22m 
[2m16:43:35[22m   [34m├─[39m [2m/results/mp-police-si-recruitment-2026-apply-online-starts--result-2026/index.html[22m [2m(+37ms)[22m 
[2m16:43:35[22m   [34m├─[39m [2m/results/up-lekhpal-cut-off-2026-out-category-wise-cut-off--result-2026/index.html[22m [2m(+96ms)[22m 
[2m16:43:35[22m   [34m├─[39m [2m/results/iim-calcutta-admission-2026-cat-shortlisting-cutof-result-2026/index.html[22m [2m(+36ms)[22m 
[2m16:43:35[22m   [34m├─[39m [2m/results/upsc-epfo-apfc-notification-2026-out-for-80-posts--result-2026/index.html[22m [2m(+30ms)[22m 
[2m16:43:35[22m   [34m├─[39m [2m/results/up-lekhpal-result-2026-out-at-upssscgovin-direct-l-result-2026/index.html[22m [2m(+86ms)[22m 
[2m16:43:35[22m   [34m├─[39m [2m/results/iti-result-2026-check-revised-result-and-grievance-result-2026/index.html[22m [2m(+168ms)[22m 
[2m16:43:35[22m   [34m├─[39m [2m/results/karnataka-neet-round-2-seat-allotment-result-2026--result-2026/index.html[22m [2m(+59ms)[22m 
[2m16:43:35[22m   [34m├─[39m [2m/results/bharathiar-university-result-2026-out-direct-link--result-2026/index.html[22m [2m(+21ms)[22m 
[2m16:43:35[22m   [34m├─[39m [2m/results/ap-sbtet-results-2026-released-direct-link-to-down-result-2026/index.html[22m [2m(+19ms)[22m 
[2m16:43:35[22m   [34m├─[39m [2m/results/ssc-cpo-cut-off-2026-check-previoucategory-wise-wi-result-2026/index.html[22m [2m(+163ms)[22m 
[2m16:43:35[22m   [34m├─[39m [2m/results/bihar-bed-cet-2026-counselling-10th-merit-list-out-result-2026/index.html[22m [2m(+135ms)[22m 
[2m16:43:35[22m   [34m├─[39m [2m/results/rguhs-result-2026-rajiv-gandhi-university-results--result-2026/index.html[22m [2m(+50ms)[22m 
[2m16:43:35[22m   [34m├─[39m [2m/results/ssc-gd-result-2026-sscgovin-result-2026/index.html[22m [2m(+61ms)[22m 
[2m16:43:35[22m   [34m├─[39m [2m/results/7-chatgpt-prompts-to-find-job-ready-courses-in-202-result-2026/index.html[22m [2m(+36ms)[22m 
[2m16:43:36[22m   [34m├─[39m [2m/results/iim-bangalore-admission-2026-cat-shortlisting-cuto-result-2026/index.html[22m [2m(+22ms)[22m 
[2m16:43:36[22m   [34m├─[39m [2m/results/joint-csir-ugc-net-june-result-2026-out-at-csirnet-result-2026/index.html[22m [2m(+45ms)[22m 
[2m16:43:36[22m   [34m├─[39m [2m/results/hssc-jbt-teacher-final-answer-key-2026-out-pdf-result-2026/index.html[22m [2m(+216ms)[22m 
[2m16:43:36[22m   [34m├─[39m [2m/results/neet-ug-round-2-provisional-result-2026-mccnicin-result-2026/index.html[22m [2m(+97ms)[22m 
[2m16:43:36[22m   [34m├─[39m [2m/results/iim-ahmedabad-admission-2026-shortlisting-expected-result-2026/index.html[22m [2m(+68ms)[22m 
[2m16:43:36[22m   [34m├─[39m [2m/results/up-assistant-professor-syllabus-2026-check-exam-pa-result-2026/index.html[22m [2m(+39ms)[22m 
[2m16:43:36[22m   [34m├─[39m [2m/results/mizoram-psc-cce-result-2026-out-at-mpscmizoramgovi-result-2026/index.html[22m [2m(+27ms)[22m 
[2m16:43:36[22m   [34m├─[39m [2m/results/upsssc-releases-junior-assistant-result-2026-for-5-result-2026/index.html[22m [2m(+35ms)[22m 
[2m16:43:36[22m   [34m├─[39m [2m/results/hssc-jbt-final-answer-key-2026-released-at-hsscgov-result-2026/index.html[22m [2m(+162ms)[22m 
[2m16:43:36[22m   [34m├─[39m [2m/results/nehu-result-2026-out-download-ug-and-pg-marksheet--result-2026/index.html[22m [2m(+124ms)[22m 
[2m16:43:36[22m   [34m├─[39m [2m/results/upsssc-junior-assistant-result-2026-out-at-upssscg-result-2026/index.html[22m [2m(+90ms)[22m 
[2m16:43:36[22m   [34m├─[39m [2m/results/nmms-scholarship-2026-27-application-form-eligibil-result-2026/index.html[22m [2m(+55ms)[22m 
[2m16:43:37[22m   [34m├─[39m [2m/results/ugc-net-sociology-re-exam-2026-over-when-will-answ-result-2026/index.html[22m [2m(+22ms)[22m 
[2m16:43:37[22m   [34m├─[39m [2m/results/neet-pg-2026-expected-result-timeline-check-date-t-result-2026/index.html[22m [2m(+50ms)[22m 
[2m16:43:37[22m   [34m├─[39m [2m/results/upsssc-junior-assistant-final-cutoff-2026-out-chec-result-2026/index.html[22m [2m(+99ms)[22m 
[2m16:43:37[22m   [34m├─[39m [2m/results/ssc-gd-result-2026-shortly-sscgovin-check-qualifyi-result-2026/index.html[22m [2m(+152ms)[22m 
[2m16:43:37[22m   [34m├─[39m [2m/results/bpsc-tre-40-recruitment-2026-sarkariresultcomcm-result-2026/index.html[22m [2m(+35ms)[22m 
[2m16:43:37[22m   [34m├─[39m [2m/results/kslu-results-2026-out-direct-link-to-download-ug-a-result-2026/index.html[22m [2m(+46ms)[22m 
[2m16:43:37[22m   [34m├─[39m [2m/results/top-mba-colleges-in-bangalore-key-rankings-fees-an-result-2026/index.html[22m [2m(+21ms)[22m 
[2m16:43:37[22m   [34m├─[39m [2m/results/mba-colleges-in-lucknow-with-low-fees-check-comple-result-2026/index.html[22m [2m(+29ms)[22m 
[2m16:43:37[22m   [34m├─[39m [2m/results/india-post-gds-uttar-pradesh-vacancy-2026-check-di-result-2026/index.html[22m [2m(+38ms)[22m 
[2m16:43:37[22m   [34m├─[39m [2m/results/upsssc-junior-assistant-result-2026-out-merit-list-result-2026/index.html[22m [2m(+107ms)[22m 
[2m16:43:37[22m   [34m├─[39m [2m/results/iaf-releases-afcat-2-results-at-afcatcdacin-gate-s-result-2026/index.html[22m [2m(+161ms)[22m 
[2m16:43:37[22m   [34m├─[39m [2m/results/ssc-gd-2026-result-likely-this-week-check-expected-result-2026/index.html[22m [2m(+72ms)[22m 
[2m16:43:37[22m   [34m├─[39m [2m/results/ayush-counselling-2026-top-bams-bhms-colleges-pref-result-2026/index.html[22m [2m(+43ms)[22m 
[2m16:43:37[22m   [34m├─[39m [2m/results/ssc-nursing-officer-exam-date-2026-out-check-offic-result-2026/index.html[22m [2m(+36ms)[22m 
[2m16:43:37[22m   [34m├─[39m [2m/results/afcat-2-result-2026-out-steps-to-download-the-resu-result-2026/index.html[22m [2m(+49ms)[22m 
[2m16:43:37[22m   [34m├─[39m [2m/results/ssc-gd-constable-result-2026-date-when-and-where-t-result-2026/index.html[22m [2m(+65ms)[22m 
[2m16:43:38[22m   [34m├─[39m [2m/results/delhi-high-court-jja-result-2026-out-check-revised-result-2026/index.html[22m [2m(+48ms)[22m 
[2m16:43:38[22m   [34m├─[39m [2m/results/ap-icet-2026-round-1-allotment-result-declared-mba-result-2026/index.html[22m [2m(+81ms)[22m 
[2m16:43:38[22m   [34m├─[39m [2m/results/gtu-results-2026-out-for-multiple-summer-exams-re--result-2026/index.html[22m [2m(+88ms)[22m 
[2m16:43:38[22m   [34m├─[39m [2m/results/neet-pg-exam-2026-answer-key-soon-result-cutoff-co-result-2026/index.html[22m [2m(+123ms)[22m 
[2m16:43:38[22m   [34m├─[39m [2m/results/top-mba-colleges-in-hyderabad-fees-2026-admission--result-2026/index.html[22m [2m(+23ms)[22m 
[2m16:43:38[22m   [34m├─[39m [2m/results/ssc-gd-2026-result-likely-this-week-sscgovin-check-result-2026/index.html[22m [2m(+22ms)[22m 
[2m16:43:38[22m   [34m├─[39m [2m/results/aiapget-2026-result-date-and-time-direct-link-and--result-2026/index.html[22m [2m(+33ms)[22m 
[2m16:43:38[22m   [34m├─[39m [2m/results/gtu-result-2026-released-direct-link-to-download-s-result-2026/index.html[22m [2m(+96ms)[22m 
[2m16:43:38[22m   [34m├─[39m [2m/results/ts-pgecet-seat-allotment-2026-phase-2-out-today-re-result-2026/index.html[22m [2m(+71ms)[22m 
[2m16:43:38[22m   [34m├─[39m [2m/results/ppmet-counselling-2026-bfuhs-round-2-seat-allotmen-result-2026/index.html[22m [2m(+127ms)[22m 
[2m16:43:38[22m   [34m├─[39m [2m/results/kslu-results-2026-out-kslukarnatakagovin-know-80-2-result-2026/index.html[22m [2m(+38ms)[22m 
[2m16:43:38[22m   [34m├─[39m [2m/results/uptet-certificate-2026-direct-link-to-download-tet-result-2026/index.html[22m [2m(+115ms)[22m 
[2m16:43:38[22m   [34m├─[39m [2m/results/aiims-norcet-11-admit-card-2026-at-aiimsexamsacin--result-2026/index.html[22m [2m(+32ms)[22m 
[2m16:43:38[22m   [34m├─[39m [2m/results/esic-medical-college-and-hospital-varanasi-cutoff--result-2026/index.html[22m [2m(+48ms)[22m 
[2m16:43:38[22m   [34m├─[39m [2m/results/heritage-institute-of-medical-sciences-cutoff-2026-result-2026/index.html[22m [2m(+102ms)[22m 
[2m16:43:39[22m   [34m├─[39m [2m/results/upcisb-up-cooperative-bank-exam-date-2026-out-chec-result-2026/index.html[22m [2m(+69ms)[22m 
[2m16:43:39[22m   [34m├─[39m [2m/results/psssb-ada-result-2026-released-at-sssbpunjabgovin--result-2026/index.html[22m [2m(+42ms)[22m 
[2m16:43:39[22m   [34m├─[39m [2m/results/mpsc-si-result-2026-out-at-mpscgovin-download-sub--result-2026/index.html[22m [2m(+156ms)[22m 
[2m16:43:39[22m   [34m├─[39m [2m/results/uptet-2026-exam-result-out-cutoff-merit-list-result-2026/index.html[22m [2m(+47ms)[22m 
[2m16:43:39[22m   [34m├─[39m [2m/results/kcet-round-3-final-seat-allotment-result-2026-decl-result-2026/index.html[22m [2m(+202ms)[22m 
[2m16:43:39[22m   [34m├─[39m [2m/results/ctet-2026-application-correction-window-opens-edit-result-2026/index.html[22m [2m(+37ms)[22m 
[2m16:43:39[22m   [34m├─[39m [2m/results/delhi-police-constable-admit-card-2026-direct-link-result-2026/index.html[22m [2m(+45ms)[22m 
[2m16:43:39[22m   [34m├─[39m [2m/results/mp-police-si-syllabus-2026-check-topic-wise-syllab-result-2026/index.html[22m [2m(+21ms)[22m 
[2m16:43:39[22m   [34m├─[39m [2m/results/rssb-mahila-supervisor-answer-key-2026-out-downloa-result-2026/index.html[22m [2m(+34ms)[22m 
[2m16:43:39[22m   [34m├─[39m [2m/results/haryana-sssc-clerk-answer-key-2026-at-ssscgovin-do-result-2026/index.html[22m [2m(+35ms)[22m 
[2m16:43:39[22m   [34m├─[39m [2m/results/chhattisgarh-assistant-teacher-exam-date-2026-out--result-2026/index.html[22m [2m(+190ms)[22m 
[2m16:43:39[22m   [34m├─[39m [2m/results/cat-2026-institute-wise-and-category-wise-iim-seat-result-2026/index.html[22m [2m(+150ms)[22m 
[2m16:43:40[22m   [34m├─[39m [2m/results/government-medical-college-nashik-cutoff-2026-chec-result-2026/index.html[22m [2m(+23ms)[22m 
[2m16:43:40[22m   [34m├─[39m [2m/results/ssc-chsl-2026-notification-released-for-2536-posts-result-2026/index.html[22m [2m(+33ms)[22m 
[2m16:43:40[22m   [34m├─[39m [2m/results/rrb-group-d-answer-key-2026-released-download-resp-result-2026/index.html[22m [2m(+34ms)[22m 
[2m16:43:40[22m   [34m├─[39m [2m/results/rrb-ntpc-ug-cbt-2-city-intimation-slip-2026-releas-result-2026/index.html[22m [2m(+118ms)[22m 
[2m16:43:40[22m   [34m├─[39m [2m/results/gujarat-tat-s-mains-hall-ticket-2026-download-admi-result-2026/index.html[22m [2m(+29ms)[22m 
[2m16:43:40[22m   [34m├─[39m [2m/results/apsc-je-list-2026-out-at-apscnicin-3281-shortliste-result-2026/index.html[22m [2m(+181ms)[22m 
[2m16:43:40[22m   [34m├─[39m [2m/results/bstc-4th-allotment-list-2026-released-download-raj-result-2026/index.html[22m [2m(+115ms)[22m 
[2m16:43:40[22m   [34m├─[39m [2m/results/bpsc-tre-40-syllabus-2026-check-exam-pattern-and-d-result-2026/index.html[22m [2m(+122ms)[22m 
[2m16:43:40[22m   [34m├─[39m [2m/results/uptet-2026-result-objections-process-submit-till-s-result-2026/index.html[22m [2m(+227ms)[22m 
[2m16:43:41[22m   [34m├─[39m [2m/results/mh-bsc-nursing-counselling-2026-merit-list-out-tod-result-2026/index.html[22m [2m(+41ms)[22m 
[2m16:43:41[22m   [34m├─[39m [2m/results/amru-hp-paramedical-2026-round-1-seat-allotment-re-result-2026/index.html[22m [2m(+33ms)[22m 
[2m16:43:41[22m   [34m├─[39m [2m/results/ap-oamdc-phase-1-seat-allotment-result-2026-to-be--result-2026/index.html[22m [2m(+44ms)[22m 
[2m16:43:41[22m   [34m├─[39m [2m/results/bob-lbo-recruitment-2026-apply-online-for-2482-pos-result-2026/index.html[22m [2m(+33ms)[22m 
[2m16:43:41[22m   [34m├─[39m [2m/results/odisha-deled-admission-2026-check-ct-merit-list-cu-result-2026/index.html[22m [2m(+32ms)[22m 
[2m16:43:41[22m   [34m├─[39m [2m/results/mp-tet-2026-exam-will-be-conducted-in-online-offli-result-2026/index.html[22m [2m(+50ms)[22m 
[2m16:43:41[22m   [34m├─[39m [2m/results/kea-car-dar-answer-key-2026-at-cetonlinekarnatakag-result-2026/index.html[22m [2m(+268ms)[22m 
[2m16:43:41[22m   [34m├─[39m [2m/results/karnataka-pgcet-2026-final-result-merit-list-soon--result-2026/index.html[22m [2m(+46ms)[22m 
[2m16:43:41[22m   [34m├─[39m [2m/results/rajasthan-bstc-fourth-seat-allotment-2026-today-ch-result-2026/index.html[22m [2m(+19ms)[22m 
[2m16:43:41[22m   [34m├─[39m [2m/results/super-tet-syllabus-2026-revised-out-check-junior-e-result-2026/index.html[22m [2m(+33ms)[22m 
[2m16:43:41[22m   [34m├─[39m [2m/results/jac-supplementary-result-2026-how-to-check-the-sco-result-2026/index.html[22m [2m(+86ms)[22m 
[2m16:43:41[22m   [34m├─[39m [2m/results/kslu-results-2026-out-get-revaluation-and-challeng-result-2026/index.html[22m [2m(+68ms)[22m 
[2m16:43:41[22m   [34m├─[39m [2m/results/mp-pnst-counselling-2026-round-1-seat-allotment-re-result-2026/index.html[22m [2m(+63ms)[22m 
[2m16:43:41[22m   [34m├─[39m [2m/results/emrs-tier-2-result-2026-declared-at-neststribalgov-result-2026/index.html[22m [2m(+39ms)[22m 
[2m16:43:41[22m   [34m├─[39m [2m/results/cbse-declares-kvs-nvs-tier-ii-recruitment-exam-res-result-2026/index.html[22m [2m(+68ms)[22m 
[2m16:43:41[22m   [34m├─[39m [2m/results/jharkhand-jac-class-10-12-compartment-result-2026--result-2026/index.html[22m [2m(+78ms)[22m 
[2m16:43:42[22m   [34m├─[39m [2m/results/neet-pg-exam-2026-re-exam-date-september-5-result--result-2026/index.html[22m [2m(+34ms)[22m 
[2m16:43:42[22m   [34m├─[39m [2m/results/up-polytechnic-lecturer-exam-analysis-2026-check-p-result-2026/index.html[22m [2m(+67ms)[22m 
[2m16:43:42[22m   [34m├─[39m [2m/results/emrs-teaching-non-teaching-result-2026-out-check-t-result-2026/index.html[22m [2m(+114ms)[22m 
[2m16:43:42[22m   [34m├─[39m [2m/results/rguhs-result-2026-out-direct-link-to-download-ems--result-2026/index.html[22m [2m(+53ms)[22m 
[2m16:43:42[22m   [34m├─[39m [2m/results/kvs-nvs-tier-ii-results-2026-declared-for-pgt-tgt--result-2026/index.html[22m [2m(+97ms)[22m 
[2m16:43:42[22m   [34m├─[39m [2m/results/mp-apex-bank-result-2026-out-at-apexbankmpbankin-d-result-2026/index.html[22m [2m(+34ms)[22m 
[2m16:43:42[22m   [34m├─[39m [2m/results/teachers-day-2026-mp-cm-mohan-yadav-praises-teache-result-2026/index.html[22m [2m(+35ms)[22m 
[2m16:43:42[22m   [34m├─[39m [2m/results/ncl-hemm-operator-result-2026-kab-aayega-dv-list-d-result-2026/index.html[22m [2m(+51ms)[22m 
[2m16:43:42[22m   [34m├─[39m [2m/results/mtet-result-2026-out-at-megeducationgovin-download-result-2026/index.html[22m [2m(+31ms)[22m 
[2m16:43:42[22m   [34m├─[39m [2m/results/nests-emrs-tier-2-result-2026-out-neststribalgovin-result-2026/index.html[22m [2m(+52ms)[22m 
[2m16:43:42[22m   [34m├─[39m [2m/results/kvs-nvs-tier-3-interview-call-letter-2026-out-chec-result-2026/index.html[22m [2m(+217ms)[22m 
[2m16:43:42[22m   [34m├─[39m [2m/results/uptet-2026-results-submit-representation-till-sept-result-2026/index.html[22m [2m(+68ms)[22m 
[2m16:43:42[22m   [34m├─[39m [2m/results/ap-aee-result-2026-expected-date-merit-list-answer-result-2026/index.html[22m [2m(+131ms)[22m 
[2m16:43:43[22m   [34m├─[39m [2m/results/india-post-gds-notification-2026-out-10th-pass-can-result-2026/index.html[22m [2m(+32ms)[22m 
[2m16:43:43[22m   [34m├─[39m [2m/results/ignou-june-tee-result-2026-out-at-ignouacin-direct-result-2026/index.html[22m [2m(+19ms)[22m 
[2m16:43:43[22m   [34m├─[39m [2m/results/ap-aee-result-2026-raise-objection-process-closing-result-2026/index.html[22m [2m(+45ms)[22m 
[2m16:43:43[22m   [34m├─[39m [2m/results/rajasthan-bstc-fourth-seat-allotment-2026-check-4t-result-2026/index.html[22m [2m(+138ms)[22m 
[2m16:43:43[22m   [34m├─[39m [2m/results/bihar-police-constable-admit-card-2026-releasing-t-result-2026/index.html[22m [2m(+94ms)[22m 
[2m16:43:43[22m   [34m├─[39m [2m/results/iocl-recruitment-2026-apply-online-ends-today-for--result-2026/index.html[22m [2m(+22ms)[22m 
[2m16:43:43[22m   [34m├─[39m [2m/results/ibps-clerk-2026-application-correction-window-star-result-2026/index.html[22m [2m(+67ms)[22m 
[2m16:43:43[22m   [34m├─[39m [2m/results/rrb-ntpc-vacancy-2026-out-railway-board-approves-5-result-2026/index.html[22m [2m(+49ms)[22m 
[2m16:43:43[22m   [34m├─[39m [2m/results/delhi-police-pemt-test-2026-new-exam-dates-out-che-result-2026/index.html[22m [2m(+34ms)[22m 
[2m16:43:43[22m   [34m├─[39m [2m/results/uptet-result-2026-link-not-working-will-upessc-rev-result-2026/index.html[22m [2m(+66ms)[22m 
[2m16:43:43[22m   [34m├─[39m [2m/results/dsssb-mts-result-2026-out-download-multi-tasking-s-result-2026/index.html[22m [2m(+119ms)[22m 
[2m16:43:43[22m   [34m├─[39m [2m/results/mecl-non-executive-syllabus-2026-check-exam-patter-result-2026/index.html[22m [2m(+69ms)[22m 
[2m16:43:43[22m   [34m├─[39m [2m/results/ssc-gd-constable-results-2026-awaited-result-likel-result-2026/index.html[22m [2m(+124ms)[22m 
[2m16:43:43[22m   [34m├─[39m [2m/results/ntruhs-results-2026-out-at-drysruhseduin-direct-li-result-2026/index.html[22m [2m(+20ms)[22m 
[2m16:43:43[22m   [34m├─[39m [2m/results/arunachal-pradesh-government-made-prc-st-status-an-result-2026/index.html[22m [2m(+53ms)[22m 
[2m16:43:43[22m   [34m├─[39m [2m/results/cci-answer-key-2026-released-download-response-she-result-2026/index.html[22m [2m(+36ms)[22m 
[2m16:43:44[22m   [34m├─[39m [2m/results/ssc-gd-constable-result-2026-this-month-check-expe-result-2026/index.html[22m [2m(+46ms)[22m 
[2m16:43:44[22m   [34m├─[39m [2m/results/rajju-bhaiya-university-result-2026-out-at-prsuniv-result-2026/index.html[22m [2m(+53ms)[22m 
[2m16:43:44[22m   [34m├─[39m [2m/results/optcl-mt-admit-card-2026-out-optclcoin-download-ma-result-2026/index.html[22m [2m(+131ms)[22m 
[2m16:43:44[22m   [34m├─[39m [2m/results/uptet-2026-results-important-notice-released-submi-result-2026/index.html[22m [2m(+68ms)[22m 
[2m16:43:44[22m   [34m├─[39m [2m/results/rssb-ldc-result-2026-check-release-date-status-cut-result-2026/index.html[22m [2m(+48ms)[22m 
[2m16:43:44[22m   [34m├─[39m [2m/results/bsnl-jto-result-2026-check-junior-telecom-officer--result-2026/index.html[22m [2m(+52ms)[22m 
[2m16:43:44[22m   [34m├─[39m [2m/results/ignou-june-result-2026-out-at-ignouacin-download-t-result-2026/index.html[22m [2m(+52ms)[22m 
[2m16:43:44[22m   [34m├─[39m [2m/results/mtet-result-2026-releasing-shortly-at-megeducation-result-2026/index.html[22m [2m(+33ms)[22m 
[2m16:43:44[22m   [34m├─[39m [2m/results/ssc-gd-result-2026-live-constable-merit-list-cut-o-result-2026/index.html[22m [2m(+117ms)[22m 
[2m16:43:44[22m   [34m├─[39m [2m/results/up-neet-counselling-2026-merit-list-out-download-r-result-2026/index.html[22m [2m(+64ms)[22m 
[2m16:43:44[22m   [34m├─[39m [2m/results/uptet-result-2026-upessc-forms-5-member-grievance--result-2026/index.html[22m [2m(+66ms)[22m 
[2m16:43:44[22m   [34m├─[39m [2m/results/mp-police-si-recruitment-2026-notification-out-for-result-2026/index.html[22m [2m(+31ms)[22m 
[2m16:43:44[22m   [34m├─[39m [2m/results/upsc-cms-result-2026-out-2923-qualify-for-intervie-result-2026/index.html[22m [2m(+83ms)[22m 
[2m16:43:44[22m   [34m├─[39m [2m/results/upsssc-pet-online-form-2026-last-date-extended-app-result-2026/index.html[22m [2m(+213ms)[22m 
[2m16:43:45[22m   [34m├─[39m [2m/results/rrb-group-d-official-answer-key-2026-check-steps-t-result-2026/index.html[22m [2m(+41ms)[22m 
[2m16:43:45[22m   [34m├─[39m [2m/results/ram-mandir-ceo-salary-2026-what-compensation-would-result-2026/index.html[22m [2m(+67ms)[22m 
[2m16:43:45[22m   [34m├─[39m [2m/results/ignou-june-tee-result-2026-out-download-term-end-e-result-2026/index.html[22m [2m(+61ms)[22m 
[2m16:43:45[22m   [34m├─[39m [2m/results/ncl-hemm-operator-2026-apprentice-list-out-ncl-app-result-2026/index.html[22m [2m(+48ms)[22m 
[2m16:43:45[22m   [34m├─[39m [2m/results/otet-result-2026-out-download-scorecard-pdf-check--result-2026/index.html[22m [2m(+71ms)[22m 
[2m16:43:45[22m   [34m├─[39m [2m/results/dr-mgr-medical-university-result-2026-out-at-tnmgr-result-2026/index.html[22m [2m(+48ms)[22m 
[2m16:43:45[22m   [34m├─[39m [2m/results/ssc-gd-result-2026-date-not-confirmed-yet-check-of-result-2026/index.html[22m [2m(+166ms)[22m 
[2m16:43:45[22m   [34m├─[39m [2m/results/ncl-hemm-operator-result-update-2026-ncl-assistant-result-2026/index.html[22m [2m(+66ms)[22m 
[2m16:43:45[22m   [34m├─[39m [2m/results/mp-bed-admission-2026-epravesh-round-5-seat-allotm-result-2026/index.html[22m [2m(+100ms)[22m 
[2m16:43:45[22m   [34m├─[39m [2m/results/uptet-2026-results-education-commission-forms-5-me-result-2026/index.html[22m [2m(+65ms)[22m 
[2m16:43:45[22m   [34m├─[39m [2m/results/uptac-2026-special-round-2-seat-allotment-result-o-result-2026/index.html[22m [2m(+69ms)[22m 
[2m16:43:45[22m   [34m├─[39m [2m/results/hp-home-guard-answer-key-2026-expected-this-week-c-result-2026/index.html[22m [2m(+83ms)[22m 
[2m16:43:45[22m   [34m├─[39m [2m/results/wb-anm-gnm-2026-counselling-round-3-seat-allotment-result-2026/index.html[22m [2m(+34ms)[22m 
[2m16:43:45[22m   [34m├─[39m [2m/results/hp-home-guard-answer-key-2026-check-when-where-to--result-2026/index.html[22m [2m(+127ms)[22m 
[2m16:43:46[22m   [34m├─[39m [2m/results/cgpsc-sse-mains-result-2026-out-at-psccggovin-chec-result-2026/index.html[22m [2m(+31ms)[22m 
[2m16:43:46[22m   [34m├─[39m [2m/results/super-tet-syllabus-2026-revised-check-exam-pattern-result-2026/index.html[22m [2m(+21ms)[22m 
[2m16:43:46[22m   [34m├─[39m [2m/results/grant-medical-college-mumbai-cutoff-2026-maharasht-result-2026/index.html[22m [2m(+96ms)[22m 
[2m16:43:46[22m   [34m├─[39m [2m/results/ugc-net-re-exam-city-slip-2026-out-check-june-exam-result-2026/index.html[22m [2m(+53ms)[22m 
[2m16:43:46[22m   [34m├─[39m [2m/results/upsc-cms-result-2026-out-download-merit-list-pdf-a-result-2026/index.html[22m [2m(+131ms)[22m 
[2m16:43:46[22m   [34m├─[39m [2m/results/up-home-guard-pet-admit-card-2026-released-downloa-result-2026/index.html[22m [2m(+102ms)[22m 
[2m16:43:46[22m   [34m├─[39m [2m/results/uppsc-lt-grade-assistant-teacher-mains-result-2026-result-2026/index.html[22m [2m(+100ms)[22m 
[2m16:43:46[22m   [34m├─[39m [2m/results/super-tet-syllabus-2026-revised-check-level-exam-p-result-2026/index.html[22m [2m(+25ms)[22m 
[2m16:43:46[22m   [34m├─[39m [2m/results/mp-bed-admission-2026-epravesh-round-5-provisional-result-2026/index.html[22m [2m(+58ms)[22m 
[2m16:43:46[22m   [34m├─[39m [2m/results/ibps-regional-rural-banks-participating-list-recru-result-2026/index.html[22m [2m(+45ms)[22m 
[2m16:43:46[22m   [34m├─[39m [2m/results/jagannath-gupta-institute-of-medical-sciences-cuto-result-2026/index.html[22m [2m(+74ms)[22m 
[2m16:43:46[22m   [34m├─[39m [2m/results/ap-aee-result-2026-at-apvidyutrecruitmentapcfssin--result-2026/index.html[22m [2m(+67ms)[22m 
[2m16:43:46[22m   [34m├─[39m [2m/results/karnataka-forest-department-recruitment-2026-out-f-result-2026/index.html[22m [2m(+87ms)[22m 
[2m16:43:47[22m   [34m├─[39m [2m/results/ap-tet-result-2026-date-andhra-pradesh-tet-result--result-2026/index.html[22m [2m(+188ms)[22m 
[2m16:43:47[22m   [34m├─[39m [2m/results/ibps-rrb-apply-online-2026-register-now-for-13706--result-2026/index.html[22m [2m(+79ms)[22m 
[2m16:43:47[22m   [34m├─[39m [2m/results/kea-car-dar-hall-ticket-2026-out-download-written--result-2026/index.html[22m [2m(+148ms)[22m 
[2m16:43:47[22m   [34m├─[39m [2m/results/uksssc-inter-level-recruitment-2026-notification-o-result-2026/index.html[22m [2m(+16ms)[22m 
[2m16:43:47[22m   [34m├─[39m [2m/results/ssc-gd-result-2026-updates-when-will-constable-res-result-2026/index.html[22m [2m(+161ms)[22m 
[2m16:43:47[22m   [34m├─[39m [2m/results/wb-neet-ug-2026-round-1-seat-allotment-result-like-result-2026/index.html[22m [2m(+76ms)[22m 
[2m16:43:47[22m   [34m├─[39m [2m/results/wb-neet-ug-round-1-seat-allotment-result-2026-out--result-2026/index.html[22m [2m(+170ms)[22m 
[2m16:43:47[22m   [34m├─[39m [2m/results/maharashtra-government-approves-recruitment-of-501-result-2026/index.html[22m [2m(+59ms)[22m 
[2m16:43:47[22m   [34m├─[39m [2m/results/ctet-september-2026-application-last-date-tomorrow-result-2026/index.html[22m [2m(+54ms)[22m 
[2m16:43:47[22m   [34m├─[39m [2m/results/ncl-hemm-operator-result-2026-date-result-official-result-2026/index.html[22m [2m(+108ms)[22m 
[2m16:43:48[22m   [34m├─[39m [2m/results/madras-university-ide-result-2026-out-at-ideunomac-result-2026/index.html[22m [2m(+93ms)[22m 
[2m16:43:48[22m   [34m├─[39m [2m/results/uttarakhand-bed-final-answer-key-2026-released-at--result-2026/index.html[22m [2m(+83ms)[22m 
[2m16:43:48[22m   [34m├─[39m [2m/results/bpsc-tre-40-recruitment-2026-application-process-f-result-2026/index.html[22m [2m(+52ms)[22m 
[2m16:43:48[22m   [34m├─[39m [2m/results/union-bank-so-admit-card-2026-out-download-hall-ti-result-2026/index.html[22m [2m(+61ms)[22m 
[2m16:43:48[22m   [34m├─[39m [2m/results/wbssc-group-c-and-d-result-2026-result-date-merit--result-2026/index.html[22m [2m(+88ms)[22m 
[2m16:43:48[22m   [34m├─[39m [2m/results/bank-of-india-so-recruitment-2026-notification-out-result-2026/index.html[22m [2m(+107ms)[22m 
[2m16:43:48[22m   [34m├─[39m [2m/results/india-post-gds-recruitment-2026-apply-online-for-2-result-2026/index.html[22m [2m(+55ms)[22m 
[2m16:43:48[22m   [34m├─[39m [2m/results/ssc-gd-result-2026-live-constable-result-merit-lis-result-2026/index.html[22m [2m(+87ms)[22m 
[2m16:43:48[22m   [34m├─[39m [2m/results/southern-railway-apprentice-recruitment-2026-notif-result-2026/index.html[22m [2m(+45ms)[22m 
[2m16:43:48[22m   [34m├─[39m [2m/results/up-bed-counselling-process-2026-starts-check-impor-result-2026/index.html[22m [2m(+77ms)[22m 
[2m16:43:48[22m   [34m├─[39m [2m/results/ugc-net-city-intimation-slip-2026-soon-for-septemb-result-2026/index.html[22m [2m(+135ms)[22m 
[2m16:43:48[22m   [34m├─[39m [2m/results/sbi-clerk-notification-2026-check-eligibility-and--result-2026/index.html[22m [2m(+153ms)[22m 
[2m16:43:49[22m   [34m├─[39m [2m/results/maharashtra-neet-ug-2026-cap-round-1-allotment-res-result-2026/index.html[22m [2m(+30ms)[22m 
[2m16:43:49[22m   [34m├─[39m [2m/results/what-after-neet-pg-result-2026-expected-cutoff-cou-result-2026/index.html[22m [2m(+38ms)[22m 
[2m16:43:49[22m   [34m├─[39m [2m/results/jiwaji-university-result-2026-out-at-jiwajiedu-dir-result-2026/index.html[22m [2m(+17ms)[22m 
[2m16:43:49[22m   [34m├─[39m [2m/results/kvs-nvs-tier-2-result-2026-out-download-pgt-tgt-pr-result-2026/index.html[22m [2m(+19ms)[22m 
[2m16:43:49[22m   [34m├─[39m [2m/results/icar-aieea-pg-aice-jrfsrf-results-2026-declared-di-result-2026/index.html[22m [2m(+32ms)[22m 
[2m16:43:49[22m   [34m├─[39m [2m/results/rajasthan-neet-ug-2026-round-1-seat-allotment-resu-result-2026/index.html[22m [2m(+53ms)[22m 
[2m16:43:49[22m   [34m├─[39m [2m/results/haryana-teacher-recruitment-2026-1054-primary-teac-result-2026/index.html[22m [2m(+86ms)[22m 
[2m16:43:49[22m   [34m├─[39m [2m/results/karnataka-ugneet-2026-round-1-seat-allotment-resul-result-2026/index.html[22m [2m(+50ms)[22m 
[2m16:43:49[22m   [34m├─[39m [2m/results/icar-aieea-2026-result-out-live-icar-pg-scorecard--result-2026/index.html[22m [2m(+35ms)[22m 
[2m16:43:49[22m   [34m├─[39m [2m/results/rssb-mahila-supervisor-answer-key-2026-check-expec-result-2026/index.html[22m [2m(+78ms)[22m 
[2m16:43:49[22m   [34m├─[39m [2m/results/sbi-clerk-2026-last-date-to-apply-online-tomorrow--result-2026/index.html[22m [2m(+34ms)[22m 
[2m16:43:49[22m   [34m├─[39m [2m/results/ap-aee-answer-key-2026-out-download-response-sheet-result-2026/index.html[22m [2m(+22ms)[22m 
[2m16:43:49[22m   [34m├─[39m [2m/results/rssb-ldc-result-2026-download-grade-ii-junior-assi-result-2026/index.html[22m [2m(+82ms)[22m 
[2m16:43:49[22m   [34m├─[39m [2m/results/aoc-recruitment-2026-notification-out-for-2615-pos-result-2026/index.html[22m [2m(+113ms)[22m 
[2m16:43:49[22m   [34m├─[39m [2m/results/indian-overseas-bank-so-recruitment-2026-notificat-result-2026/index.html[22m [2m(+105ms)[22m 
[2m16:43:50[22m   [34m├─[39m [2m/results/csir-net-result-2026-15-lakh-candidates-appeared-c-result-2026/index.html[22m [2m(+66ms)[22m 
[2m16:43:50[22m   [34m├─[39m [2m/results/sbi-po-prelims-result-2026-out-check-result-scorec-result-2026/index.html[22m [2m(+80ms)[22m 
[2m16:43:50[22m   [34m├─[39m [2m/results/india-post-gds-recruitment-2026-notification-out-f-result-2026/index.html[22m [2m(+66ms)[22m 
[2m16:43:50[22m   [34m├─[39m [2m/results/csir-net-result-2026-how-to-download-e-certificate-result-2026/index.html[22m [2m(+82ms)[22m 
[2m16:43:50[22m   [34m├─[39m [2m/results/joint-csir-ugc-net-june-2026-result-declared-at-cs-result-2026/index.html[22m [2m(+147ms)[22m 
[2m16:43:50[22m   [34m├─[39m [2m/results/bankura-sammilani-medical-college-neet-ug-2026-ope-result-2026/index.html[22m [2m(+36ms)[22m 
[2m16:43:50[22m   [34m├─[39m [2m/results/ugc-net-june-2026-re-exam-dates-out-for-english-co-result-2026/index.html[22m [2m(+59ms)[22m 
[2m16:43:50[22m   [34m├─[39m [2m/results/wbpsc-icds-recruitment-2026-notification-out-soon--result-2026/index.html[22m [2m(+102ms)[22m 
[2m16:43:50[22m   [34m├─[39m [2m/results/ts-lawcet-seat-allotment-result-2026-today-phase-2-result-2026/index.html[22m [2m(+207ms)[22m 
[2m16:43:50[22m   [34m├─[39m [2m/results/rajasthan-neet-ug-2026-counselling-round-1-seat-al-result-2026/index.html[22m [2m(+60ms)[22m 
[2m16:43:51[22m   [34m├─[39m [2m/results/pseb-class-10-supplementary-result-2026-out-at-pse-result-2026/index.html[22m [2m(+51ms)[22m 
[2m16:43:51[22m   [34m├─[39m [2m/results/kvs-nvs-tier-2-result-2026-out-for-tgt-science-che-result-2026/index.html[22m [2m(+19ms)[22m 
[2m16:43:51[22m   [34m├─[39m [2m/results/nvs-tgt-result-2026-out-for-science-check-tier-2-r-result-2026/index.html[22m [2m(+41ms)[22m 
[2m16:43:51[22m   [34m├─[39m [2m/results/csir-net-june-2026-result-to-be-released-shortly-f-result-2026/index.html[22m [2m(+25ms)[22m 
[2m16:43:51[22m   [34m├─[39m [2m/results/iiser-seat-allotment-result-2026-round-6-out-at-ii-result-2026/index.html[22m [2m(+51ms)[22m 
[2m16:43:51[22m   [34m├─[39m [2m/results/ugc-net-june-2026-results-declared-over-4000-quali-result-2026/index.html[22m [2m(+180ms)[22m 
[2m16:43:51[22m   [34m├─[39m [2m/results/sbi-po-prelims-result-2026-announced-check-roll-nu-result-2026/index.html[22m [2m(+85ms)[22m 
[2m16:43:51[22m   [34m├─[39m [2m/results/uptet-result-withheld-for-nios-deled-candidates-af-result-2026/index.html[22m [2m(+101ms)[22m 
[2m16:43:51[22m   [34m├─[39m [2m/results/sarkari-jobs-sbi-po-prelims-result-2026-declared-c-result-2026/index.html[22m [2m(+34ms)[22m 
[2m16:43:51[22m   [34m├─[39m [2m/results/ap-eapcet-bipc-stream-seat-allotment-result-2026-d-result-2026/index.html[22m [2m(+32ms)[22m 
[2m16:43:51[22m   [34m├─[39m [2m/results/sbi-po-prelims-result-2026-released-at-sbibankin-d-result-2026/index.html[22m [2m(+61ms)[22m 
[2m16:43:51[22m   [34m├─[39m [2m/results/midnapore-medical-college-round-2-cutoff-2026-chec-result-2026/index.html[22m [2m(+24ms)[22m 
[2m16:43:51[22m   [34m├─[39m [2m/results/government-medical-college-baramati-cutoff-2026-ne-result-2026/index.html[22m [2m(+17ms)[22m 
[2m16:43:51[22m   [34m├─[39m [2m/results/mht-cet-2026-5-year-llb-cap-round-2-allotment-resu-result-2026/index.html[22m [2m(+31ms)[22m 
[2m16:43:51[22m   [34m├─[39m [2m/results/ap-eamcet-bipc-seat-allotment-link-2026-live-how-t-result-2026/index.html[22m [2m(+227ms)[22m 
[2m16:43:51[22m   [34m├─[39m [2m/results/ap-eamcet-bipc-phase-1-seat-allotment-result-2026--result-2026/index.html[22m [2m(+103ms)[22m 
[2m16:43:52[22m   [34m├─[39m [2m/results/mht-cet-pharmacy-provisional-merit-list-2026-relea-result-2026/index.html[22m [2m(+20ms)[22m 
[2m16:43:52[22m   [34m├─[39m [2m/results/indian-army-agniveer-admit-card-2026-check-steps-t-result-2026/index.html[22m [2m(+32ms)[22m 
[2m16:43:52[22m   [34m├─[39m [2m/results/national-institute-of-ayurveda-jaipur-bams-cutoff--result-2026/index.html[22m [2m(+19ms)[22m 
[2m16:43:52[22m   [34m├─[39m [2m/results/upsssc-forest-guard-eligibility-result-2026-releas-result-2026/index.html[22m [2m(+81ms)[22m 
[2m16:43:52[22m   [34m├─[39m [2m/results/north-bengal-medical-college-cutoff-2026-check-rou-result-2026/index.html[22m [2m(+31ms)[22m 
[2m16:43:52[22m   [34m├─[39m [2m/results/ossc-cre-mock-test-link-2026-out-osscgovin-check-p-result-2026/index.html[22m [2m(+161ms)[22m 
[2m16:43:52[22m   [34m├─[39m [2m/results/ugc-net-final-answer-key-2026-released-download-pd-result-2026/index.html[22m [2m(+89ms)[22m 
[2m16:43:52[22m   [34m├─[39m [2m/results/sbi-po-prelims-result-2026-out-at-sbibankin-check--result-2026/index.html[22m [2m(+131ms)[22m 
[2m16:43:52[22m   [34m├─[39m [2m/results/upsssc-forensic-science-laboratory-eligibility-res-result-2026/index.html[22m [2m(+15ms)[22m 
[2m16:43:52[22m   [34m├─[39m [2m/results/bihar-btsc-staff-nurse-result-2026-released-check--result-2026/index.html[22m [2m(+72ms)[22m 
[2m16:43:52[22m   [34m├─[39m [2m/results/uptet-result-2026-out-heres-how-to-check-at-upessc-result-2026/index.html[22m [2m(+49ms)[22m 
[2m16:43:52[22m   [34m├─[39m [2m/results/rrb-group-d-answer-key-2026-check-sarkariresultcom-result-2026/index.html[22m [2m(+95ms)[22m 
[2m16:43:52[22m   [34m├─[39m [2m/results/rscit-result-2026-out-download-19-july-and-2-augus-result-2026/index.html[22m [2m(+169ms)[22m 
[2m16:43:53[22m   [34m├─[39m [2m/results/bihar-deled-merit-list-2026-released-at-bsebdeledc-result-2026/index.html[22m [2m(+51ms)[22m 
[2m16:43:53[22m   [34m├─[39m [2m/results/uttarakhand-neet-ug-counselling-2026-round-1-seat--result-2026/index.html[22m [2m(+96ms)[22m 
[2m16:43:53[22m   [34m├─[39m [2m/results/ssc-stenographer-admit-card-2026-check-sarkariresu-result-2026/index.html[22m [2m(+17ms)[22m 
[2m16:43:53[22m   [34m├─[39m [2m/results/india-post-gds-recruitment-2026-notification-out-a-result-2026/index.html[22m [2m(+37ms)[22m 
[2m16:43:53[22m   [34m├─[39m [2m/results/india-post-gds-eligibility-2026-check-educational--result-2026/index.html[22m [2m(+248ms)[22m 
[2m16:43:53[22m   [34m├─[39m [2m/results/lokmanya-tilak-medical-college-mumbai-round-2-cuto-result-2026/index.html[22m [2m(+31ms)[22m 
[2m16:43:53[22m   [34m├─[39m [2m/results/india-post-gds-salary-2026-check-bpm-abpms-in-hand-result-2026/index.html[22m [2m(+83ms)[22m 
[2m16:43:53[22m   [34m├─[39m [2m/results/sbi-clerk-vacancy-2026-check-state-wise-and-catego-result-2026/index.html[22m [2m(+54ms)[22m 
[2m16:43:53[22m   [34m├─[39m [2m/results/rrb-ntpc-graduate-cbt-2-cut-off-2026-released-chec-result-2026/index.html[22m [2m(+67ms)[22m 
[2m16:43:53[22m   [34m├─[39m [2m/results/bpsc-tre-40-exam-2026-to-be-held-in-single-phase-c-result-2026/index.html[22m [2m(+98ms)[22m 
[2m16:43:53[22m   [34m├─[39m [2m/results/india-post-gds-cut-off-2026-check-state-wise-quali-result-2026/index.html[22m [2m(+80ms)[22m 
[2m16:43:53[22m   [34m├─[39m [2m/results/btsc-bihar-staff-nurse-cutoff-2026-check-category--result-2026/index.html[22m [2m(+35ms)[22m 
[2m16:43:53[22m   [34m├─[39m [2m/results/btsc-nursing-staff-result-2026-out-download-merit--result-2026/index.html[22m [2m(+75ms)[22m 
[2m16:43:54[22m   [34m├─[39m [2m/results/india-post-gds-cut-off-2026-out-check-category-wis-result-2026/index.html[22m [2m(+41ms)[22m 
[2m16:43:54[22m   [34m├─[39m [2m/results/rrb-ntpc-graduate-cbt-2-result-2026-out-zone-wise--result-2026/index.html[22m [2m(+119ms)[22m 
[2m16:43:54[22m   [34m├─[39m [2m/results/up-tet-result-2026-what-happens-to-existing-teache-result-2026/index.html[22m [2m(+99ms)[22m 
[2m16:43:54[22m   [34m├─[39m [2m/results/btsc-staff-nurse-result-2026-out-check-category-wi-result-2026/index.html[22m [2m(+68ms)[22m 
[2m16:43:54[22m   [34m├─[39m [2m/results/ugc-net-june-2026-result-this-week-check-official--result-2026/index.html[22m [2m(+84ms)[22m 
[2m16:43:54[22m   [34m├─[39m [2m/results/bihar-deled-merit-list-2026-releasing-today-at-bse-result-2026/index.html[22m [2m(+65ms)[22m 
[2m16:43:54[22m   [34m├─[39m [2m/results/ugc-net-icar-aieea-csir-net-results-final-answer-k-result-2026/index.html[22m [2m(+100ms)[22m 
[2m16:43:54[22m   [34m├─[39m [2m/results/aiims-paramedical-2026-counselling-round-2-seat-al-result-2026/index.html[22m [2m(+34ms)[22m 
[2m16:43:54[22m   [34m├─[39m [2m/results/bihar-bed-cet-2026-counselling-8th-seat-allotment--result-2026/index.html[22m [2m(+50ms)[22m 
[2m16:43:54[22m   [34m├─[39m [2m/results/bihar-bed-merit-list-2026-eighth-out-today-downloa-result-2026/index.html[22m [2m(+50ms)[22m 
[2m16:43:54[22m   [34m├─[39m [2m/results/kakatiya-medical-college-round-2-cutoff-2026-neet--result-2026/index.html[22m [2m(+103ms)[22m 
[2m16:43:54[22m   [34m├─[39m [2m/results/uptet-cutoff-2026-check-category-and-subject-wise--result-2026/index.html[22m [2m(+114ms)[22m 
[2m16:43:54[22m   [34m├─[39m [2m/results/government-medical-college-jalgaon-round-2-cutoff--result-2026/index.html[22m [2m(+32ms)[22m 
[2m16:43:55[22m   [34m├─[39m [2m/results/upessc-uptet-result-2026-out-upesscupgovin-downloa-result-2026/index.html[22m [2m(+64ms)[22m 
[2m16:43:55[22m   [34m├─[39m [2m/results/india-post-gds-recruitment-2026-notification-soon--result-2026/index.html[22m [2m(+48ms)[22m 
[2m16:43:55[22m   [34m├─[39m [2m/results/uptet-result-2026-out-8007-pass-paper-1-7185-clear-result-2026/index.html[22m [2m(+23ms)[22m 
[2m16:43:55[22m   [34m├─[39m [2m/results/ssc-cgl-exam-date-2026-updates-on-official-sarkari-result-2026/index.html[22m [2m(+96ms)[22m 
[2m16:43:55[22m   [34m├─[39m [2m/results/rrb-ntpc-ug-cutoff-2026-check-zone-wise-category-w-result-2026/index.html[22m [2m(+100ms)[22m 
[2m16:43:55[22m   [34m├─[39m [2m/results/ignou-june-tee-result-2026-download-term-end-exam--result-2026/index.html[22m [2m(+88ms)[22m 
[2m16:43:55[22m   [34m├─[39m [2m/results/ugc-net-csir-net-2026-result-final-answer-key-this-result-2026/index.html[22m [2m(+82ms)[22m 
[2m16:43:55[22m   [34m├─[39m [2m/results/hpu-result-2026-released-direct-link-to-download-h-result-2026/index.html[22m [2m(+49ms)[22m 
[2m16:43:55[22m   [34m├─[39m [2m/results/railway-rrb-ntpc-result-2026-cbt-1-out-download-me-result-2026/index.html[22m [2m(+28ms)[22m 
[2m16:43:55[22m   [34m├─[39m [2m/results/ayush-neet-ug-2026-national-institute-of-homoeopat-result-2026/index.html[22m [2m(+139ms)[22m 
[2m16:43:55[22m   [34m├─[39m [2m/results/madras-university-revaluation-results-2026-out-at--result-2026/index.html[22m [2m(+28ms)[22m 
[2m16:43:55[22m   [34m├─[39m [2m/results/siddharth-university-result-2026-out-at-suksneduin-result-2026/index.html[22m [2m(+163ms)[22m 
[2m16:43:55[22m   [34m├─[39m [2m/results/ugc-net-result-2026-releasing-this-week-download-j-result-2026/index.html[22m [2m(+56ms)[22m 
[2m16:43:55[22m   [34m├─[39m [2m/results/upsssc-excise-constable-exam-date-2026-announced-m-result-2026/index.html[22m [2m(+127ms)[22m 
[2m16:43:56[22m   [34m├─[39m [2m/results/mpsc-drug-inspector-recruitment-exam-2026-cancelle-result-2026/index.html[22m [2m(+173ms)[22m 
[2m16:43:56[22m   [34m├─[39m [2m/results/railway-rrb-ntpc-ug-result-2026-out-download-cbt-1-result-2026/index.html[22m [2m(+44ms)[22m 
[2m16:43:56[22m   [34m├─[39m [2m/results/ctet-exam-date-2026-when-will-cbse-announce-the-ne-result-2026/index.html[22m [2m(+23ms)[22m 
[2m16:43:56[22m   [34m├─[39m [2m/results/rrb-ntpc-ug-cbt-1-result-2026-out-all-zones-downlo-result-2026/index.html[22m [2m(+64ms)[22m 
[2m16:43:56[22m   [34m├─[39m [2m/results/neet-pg-2026-admit-card-released-download-hall-tic-result-2026/index.html[22m [2m(+134ms)[22m 
[2m16:43:56[22m   [34m├─[39m [2m/results/government-medical-college-akola-round-2-cutoff-20-result-2026/index.html[22m [2m(+31ms)[22m 
[2m16:43:56[22m   [34m├─[39m [2m/results/bu-jhansi-result-2026-released-direct-link-to-down-result-2026/index.html[22m [2m(+24ms)[22m 
[2m16:43:56[22m   [34m├─[39m [2m/results/rscit-result-2026-download-19-july-and-2-august-ex-result-2026/index.html[22m [2m(+98ms)[22m 
[2m16:43:56[22m   [34m├─[39m [2m/results/uptet-result-2026-out-or-not-check-paper-1-and-2-r-result-2026/index.html[22m [2m(+144ms)[22m 
[2m16:43:56[22m   [34m├─[39m [2m/results/upsssc-anm-result-2026-out-at-upssscgovin-download-result-2026/index.html[22m [2m(+57ms)[22m 
[2m16:43:56[22m   [34m├─[39m [2m/results/class-10th-board-results-2026-check-sslchslcsscmat-result-2026/index.html[22m [2m(+47ms)[22m 
[2m16:43:56[22m   [34m├─[39m [2m/results/wbssc-group-c-and-d-result-2026-out-soon-check-mer-result-2026/index.html[22m [2m(+66ms)[22m 
[2m16:43:57[22m   [34m├─[39m [2m/results/mp-neet-ug-2026-round-1-seat-allotment-result-rele-result-2026/index.html[22m [2m(+68ms)[22m 
[2m16:43:57[22m   [34m├─[39m [2m/results/neet-pg-2026-admit-cards-out-soon-natboardeduin-ch-result-2026/index.html[22m [2m(+66ms)[22m 
[2m16:43:57[22m   [34m├─[39m [2m/results/bihar-neet-ug-2026-round-1-seat-allotment-result-r-result-2026/index.html[22m [2m(+35ms)[22m 
[2m16:43:57[22m   [34m├─[39m [2m/results/rajiv-gandhi-medical-college-thane-round-2-cutoff--result-2026/index.html[22m [2m(+50ms)[22m 
[2m16:43:57[22m   [34m├─[39m [2m/results/dsssb-aso-admit-card-2026-at-dsssbdelhigovin-soon--result-2026/index.html[22m [2m(+47ms)[22m 
[2m16:43:57[22m   [34m├─[39m [2m/results/government-medical-college-aurangabad-round-2-cuto-result-2026/index.html[22m [2m(+151ms)[22m 
[2m16:43:57[22m   [34m├─[39m [2m/results/ossc-cre-admit-card-2026-out-for-physical-measurem-result-2026/index.html[22m [2m(+47ms)[22m 
[2m16:43:57[22m   [34m├─[39m [2m/results/rrb-ntpc-ug-cbt-2-exam-date-2026-released-check-ex-result-2026/index.html[22m [2m(+131ms)[22m 
[2m16:43:57[22m   [34m├─[39m [2m/results/psssb-group-d-recruitment-2026-apply-online-reopen-result-2026/index.html[22m [2m(+39ms)[22m 
[2m16:43:57[22m   [34m├─[39m [2m/results/ssc-stenographer-grade-c-d-2026-final-cutoff-relea-result-2026/index.html[22m [2m(+28ms)[22m 
[2m16:43:57[22m   [34m├─[39m [2m/results/cci-admit-card-2026-out-download-hall-ticket-pdf-a-result-2026/index.html[22m [2m(+338ms)[22m 
[2m16:43:58[22m   [34m├─[39m [2m/results/ssc-stenographer-final-result-2026-released-at-ssc-result-2026/index.html[22m [2m(+28ms)[22m 
[2m16:43:58[22m   [34m├─[39m [2m/results/jkssb-forest-schedule-2026-out-for-pstpet-at-jkssb-result-2026/index.html[22m [2m(+23ms)[22m 
[2m16:43:58[22m   [34m├─[39m [2m/results/psssb-clerk-recruitment-2026-apply-online-reopens--result-2026/index.html[22m [2m(+64ms)[22m 
[2m16:43:58[22m   [34m├─[39m [2m/results/sbi-apprentice-result-2026-released-at-sbibankin-d-result-2026/index.html[22m [2m(+251ms)[22m 
[2m16:43:58[22m   [34m├─[39m [2m/results/upsc-capf-ac-result-2026-out-download-merit-list-p-result-2026/index.html[22m [2m(+44ms)[22m 
[2m16:43:58[22m   [34m├─[39m [2m/results/up-tgt-pgt-cut-off-2026-out-check-subject-wise-qua-result-2026/index.html[22m [2m(+140ms)[22m 
[2m16:43:58[22m   [34m├─[39m [2m/results/rrb-ntpc-ug-result-2026-out-for-cbt-1-check-merit--result-2026/index.html[22m [2m(+61ms)[22m 
[2m16:43:58[22m   [34m├─[39m [2m/results/up-tgt-revised-result-2026-out-upesscupgovin-downl-result-2026/index.html[22m [2m(+55ms)[22m 
[2m16:43:58[22m   [34m├─[39m [2m/results/cbse-12th-compartment-2026/index.html[22m [2m(+66ms)[22m 
[2m16:43:58[22m   [34m├─[39m [2m/results/bpsc-72-pre-2026/index.html[22m [2m(+36ms)[22m 
[2m16:43:58[22m   [34m├─[39m [2m/results/kvs-nvs-tier2-2026/index.html[22m [2m(+162ms)[22m 
[2m16:43:58[22m   [34m├─[39m [2m/results/uppsc-assistant-prof-2026/index.html[22m [2m(+70ms)[22m 
[2m16:43:59[22m   [34m├─[39m [2m/results/ssc-chsl-2025/index.html[22m [2m(+66ms)[22m 
[2m16:43:59[22m   [34m├─[39m [2m/results/rpsc-senior-teacher-2026/index.html[22m [2m(+65ms)[22m 
[2m16:43:59[22m   [34m├─[39m [2m/results/delhi-police-constable-2026/index.html[22m [2m(+29ms)[22m 
[2m16:43:59[22m   [34m├─[39m [2m/results/rssb-conductor-2026/index.html[22m [2m(+33ms)[22m 
[2m16:43:59[22m   [34m├─[39m [2m/results/sbi-cbo-2026/index.html[22m [2m(+155ms)[22m 
[2m16:43:59[22m   [34m├─[39m [2m/results/upsssc-jr-assistant-2022/index.html[22m [2m(+67ms)[22m 
[2m16:43:59[22m   [34m├─[39m [2m/results/bpssc-havildar-2026/index.html[22m [2m(+62ms)[22m 
[2m16:43:59[22m   [34m├─[39m [2m/results/neet-ug-2026-round1/index.html[22m [2m(+22ms)[22m 
[2m16:43:59[22m   [34m├─[39m [2m/results/rbse-result-2026/index.html[22m [2m(+61ms)[22m 
[2m16:43:59[22m   [34m├─[39m [2m/results/rrb-alp-2025/index.html[22m [2m(+69ms)[22m 
[2m16:43:59[22m   [34m├─[39m [2m/results/aiims-cre-5-2026/index.html[22m [2m(+86ms)[22m 
[2m16:43:59[22m   [34m├─[39m [2m/results/ssc-chsl-2025-frta-result/index.html[22m [2m(+77ms)[22m 
[2m16:43:59[22m   [34m├─[39m [2m/results/cbse-kvs-nvs-emrs-tier2-result-2026/index.html[22m [2m(+73ms)[22m 
[2m16:43:59[22m   [34m├─[39m [2m/results/upsssc-gram-panchayat-adhikari-final-2026/index.html[22m [2m(+80ms)[22m 
[2m16:43:59[22m   [34m├─[39m [2m/results/rpsc-school-lecturer-physics-2025/index.html[22m [2m(+35ms)[22m 
[2m16:44:00[22m   [34m├─[39m [2m/results/cbse-compartment-result-2026/index.html[22m [2m(+95ms)[22m 
[2m16:44:00[22m   [34m├─[39m [2m/results/upsssc-junior-assistant-final-2026/index.html[22m [2m(+126ms)[22m 
[2m16:44:00[22m   [34m├─[39m [2m/results/ssc-cgl-2025-final/index.html[22m [2m(+78ms)[22m 
[2m16:44:00[22m   [34m├─[39m [2m/results/upsc-nda-2026/index.html[22m [2m(+39ms)[22m 
[2m16:44:00[22m   [34m├─[39m [2m/results/rrb-group-d-2025-final/index.html[22m [2m(+195ms)[22m 
[2m16:44:00[22m   [34m├─[39m [2m/results/ssc-gd-2025-final/index.html[22m [2m(+121ms)[22m 
[2m16:44:00[22m   [34m├─[39m [2m/results/ibps-po-xvi-mains-2026/index.html[22m [2m(+84ms)[22m 
[2m16:44:00[22m   [34m├─[39m [2m/results/rpsc-ras-pre-2026/index.html[22m [2m(+98ms)[22m 
[2m16:44:00[22m   [34m├─[39m [2m/results/upsc-ese-2026-final/index.html[22m [2m(+147ms)[22m 
[2m16:44:01[22m   [34m├─[39m [2m/results/nta-cuet-ug-2026/index.html[22m [2m(+106ms)[22m 
[2m16:44:01[22m   [34m├─[39m [2m/results/bpsc-72-mains-2026/index.html[22m [2m(+130ms)[22m 
[2m16:44:01[22m   [34m├─[39m [2m/results/ctet-july-2026/index.html[22m [2m(+33ms)[22m 
[2m16:44:01[22m   [34m├─[39m [2m/results/uppsc-pcs-pre-2026/index.html[22m [2m(+106ms)[22m 
[2m16:44:01[22m   [34m├─[39m [2m/results/rrb-je-cen-04-2025/index.html[22m [2m(+96ms)[22m 
[2m16:44:01[22m   [34m├─[39m [2m/results/delhi-police-constable-2025/index.html[22m [2m(+134ms)[22m 
[2m16:44:01[22m   [34m├─[39m [2m/results/ssc-chsl-2025-tier2/index.html[22m [2m(+85ms)[22m 
[2m16:44:01[22m   [34m├─[39m [2m/results/neet-pg-2026-round1/index.html[22m [2m(+48ms)[22m 
[2m16:44:01[22m   [34m├─[39m [2m/results/rpsc-school-lecturer-2026/index.html[22m [2m(+45ms)[22m 
[2m16:44:01[22m   [34m├─[39m [2m/results/bihar-si-2026-final/index.html[22m [2m(+54ms)[22m 
[2m16:44:01[22m   [34m├─[39m [2m/results/raj-patwari-2026/index.html[22m [2m(+184ms)[22m 
[2m16:44:02[22m   [34m├─[39m [2m/results/upsssc-ja-final-2026/index.html[22m [2m(+46ms)[22m 
[2m16:44:02[22m   [34m├─[39m [2m/results/kvs-prt-tgt-pgt-2026/index.html[22m [2m(+89ms)[22m 
[2m16:44:02[22m   [34m├─[39m [2m/results/upsc-civil-services-2025-final-result/index.html[22m [2m(+100ms)[22m 
[2m16:44:02[22m   [34m├─[39m [2m/results/upsc-capf-2025-final-result/index.html[22m [2m(+97ms)[22m 
[2m16:44:02[22m   [34m├─[39m [2m/results/upsc-nda-2-2025-final-result/index.html[22m [2m(+85ms)[22m 
[2m16:44:02[22m   [34m├─[39m [2m/results/upsc-cds-2-2025-final-result/index.html[22m [2m(+25ms)[22m 
[2m16:44:02[22m   [34m├─[39m [2m/results/upsc-scra-2025-result/index.html[22m [2m(+41ms)[22m 
[2m16:44:02[22m   [34m├─[39m [2m/results/upsc-ifs-2025-final-result/index.html[22m [2m(+99ms)[22m 
[2m16:44:02[22m   [34m├─[39m [2m/results/upsc-cisf-ac-2025-result/index.html[22m [2m(+56ms)[22m 
[2m16:44:02[22m   [34m├─[39m [2m/results/upsc-epfo-2025-final-result/index.html[22m [2m(+146ms)[22m 
[2m16:44:02[22m   [34m├─[39m [2m/results/ssc-cgl-2025-tier2-result/index.html[22m [2m(+39ms)[22m 
[2m16:44:02[22m   [34m├─[39m [2m/results/ssc-chsl-2025-tier1-result/index.html[22m [2m(+51ms)[22m 
[2m16:44:02[22m   [34m├─[39m [2m/results/ssc-mts-2025-final-result/index.html[22m [2m(+59ms)[22m 
[2m16:44:02[22m   [34m├─[39m [2m/results/ssc-cpo-2025-paper2-result/index.html[22m [2m(+81ms)[22m 
[2m16:44:03[22m   [34m├─[39m [2m/results/ssc-je-2025-paper1-result/index.html[22m [2m(+46ms)[22m 
[2m16:44:03[22m   [34m├─[39m [2m/results/ssc-gd-2025-final-result/index.html[22m [2m(+55ms)[22m 
[2m16:44:03[22m   [34m├─[39m [2m/results/ssc-stenographer-2025-final-result/index.html[22m [2m(+135ms)[22m 
[2m16:44:03[22m   [34m├─[39m [2m/results/ssc-cgl-2024-final-result/index.html[22m [2m(+30ms)[22m 
[2m16:44:03[22m   [34m├─[39m [2m/results/ssc-chsl-2024-final-result/index.html[22m [2m(+34ms)[22m 
[2m16:44:03[22m   [34m├─[39m [2m/results/ssc-selection-post-phase13-result/index.html[22m [2m(+150ms)[22m 
[2m16:44:03[22m   [34m├─[39m [2m/results/rrb-ntpc-cbt2-2025-result/index.html[22m [2m(+16ms)[22m 
[2m16:44:03[22m   [34m├─[39m [2m/results/rrb-group-d-cbt-2025-result/index.html[22m [2m(+83ms)[22m 
[2m16:44:03[22m   [34m├─[39m [2m/results/rrb-alp-cbt2-2025-result/index.html[22m [2m(+102ms)[22m 
[2m16:44:03[22m   [34m├─[39m [2m/results/rrb-je-cbt2-2025-result/index.html[22m [2m(+87ms)[22m 
[2m16:44:03[22m   [34m├─[39m [2m/results/rrb-ntpc-graduate-level-result/index.html[22m [2m(+84ms)[22m 
[2m16:44:03[22m   [34m├─[39m [2m/results/rrb-apprentice-2025-result/index.html[22m [2m(+117ms)[22m 
[2m16:44:04[22m   [34m├─[39m [2m/results/rrc-group-d-phase13-result/index.html[22m [2m(+49ms)[22m 
[2m16:44:04[22m   [34m├─[39m [2m/results/rrb-paramedical-2025-result/index.html[22m [2m(+42ms)[22m 
[2m16:44:04[22m   [34m├─[39m [2m/results/ibps-po-xiv-final-result/index.html[22m [2m(+24ms)[22m 
[2m16:44:04[22m   [34m├─[39m [2m/results/ibps-clerk-xiv-final-result/index.html[22m [2m(+49ms)[22m 
[2m16:44:04[22m   [34m├─[39m [2m/results/ibps-so-xv-final-result/index.html[22m [2m(+102ms)[22m 
[2m16:44:04[22m   [34m├─[39m [2m/results/sbi-po-2025-final-result/index.html[22m [2m(+81ms)[22m 
[2m16:44:04[22m   [34m├─[39m [2m/results/sbi-clerk-2025-final-result/index.html[22m [2m(+145ms)[22m 
[2m16:44:04[22m   [34m├─[39m [2m/results/rbi-grade-b-2025-phase2-result/index.html[22m [2m(+37ms)[22m 
[2m16:44:04[22m   [34m├─[39m [2m/results/ibps-rrb-po-xiv-final-result/index.html[22m [2m(+21ms)[22m 
[2m16:44:04[22m   [34m├─[39m [2m/results/ibps-rrb-clerk-xiv-final-result/index.html[22m [2m(+65ms)[22m 
[2m16:44:04[22m   [34m├─[39m [2m/results/nabard-grade-a-2025-result/index.html[22m [2m(+40ms)[22m 
[2m16:44:04[22m   [34m├─[39m [2m/results/sbi-apprentice-2025-result/index.html[22m [2m(+60ms)[22m 
[2m16:44:04[22m   [34m├─[39m [2m/results/uppsc-pcs-2025-final-result/index.html[22m [2m(+96ms)[22m 
[2m16:44:04[22m   [34m├─[39m [2m/results/uppsc-ro-aro-2025-result/index.html[22m [2m(+176ms)[22m 
[2m16:44:04[22m   [34m├─[39m [2m/results/bpsc-70th-final-result/index.html[22m [2m(+61ms)[22m 
[2m16:44:05[22m   [34m├─[39m [2m/results/bpsc-71st-prelims-result/index.html[22m [2m(+61ms)[22m 
[2m16:44:05[22m   [34m├─[39m [2m/results/mppsc-state-service-2025-result/index.html[22m [2m(+111ms)[22m 
[2m16:44:05[22m   [34m├─[39m [2m/results/rpsc-ras-2025-final-result/index.html[22m [2m(+45ms)[22m 
[2m16:44:05[22m   [34m├─[39m [2m/results/rpsc-2nd-grade-2025-result/index.html[22m [2m(+73ms)[22m 
[2m16:44:05[22m   [34m├─[39m [2m/results/wbpsc-civil-services-2025-result/index.html[22m [2m(+154ms)[22m 
[2m16:44:05[22m   [34m├─[39m [2m/results/tnpsc-group1-2025-final-result/index.html[22m [2m(+51ms)[22m 
[2m16:44:05[22m   [34m├─[39m [2m/results/appsc-group1-2025-final-result/index.html[22m [2m(+94ms)[22m 
[2m16:44:05[22m   [34m├─[39m [2m/results/gpsc-class1-2-2025-result/index.html[22m [2m(+66ms)[22m 
[2m16:44:05[22m   [34m├─[39m [2m/results/kpsc-fda-sda-2025-result/index.html[22m [2m(+87ms)[22m 
[2m16:44:05[22m   [34m├─[39m [2m/results/ukpsc-pcs-2025-final-result/index.html[22m [2m(+116ms)[22m 
[2m16:44:05[22m   [34m├─[39m [2m/results/hppsc-hpas-2025-result/index.html[22m [2m(+42ms)[22m 
[2m16:44:05[22m   [34m├─[39m [2m/results/opsc-oas-2025-final-result/index.html[22m [2m(+35ms)[22m 
[2m16:44:06[22m   [34m├─[39m [2m/results/indian-army-agniveer-gd-2025-result/index.html[22m [2m(+55ms)[22m 
[2m16:44:06[22m   [34m├─[39m [2m/results/crpf-hc-2025-final-result/index.html[22m [2m(+48ms)[22m 
[2m16:44:06[22m   [34m├─[39m [2m/results/bsf-head-constable-2025-result/index.html[22m [2m(+101ms)[22m 
[2m16:44:06[22m   [34m├─[39m [2m/results/cisf-fire-2025-result/index.html[22m [2m(+47ms)[22m 
[2m16:44:06[22m   [34m├─[39m [2m/results/itbp-head-constable-2025-result/index.html[22m [2m(+103ms)[22m 
[2m16:44:06[22m   [34m├─[39m [2m/results/ssb-head-constable-2025-result/index.html[22m [2m(+96ms)[22m 
[2m16:44:06[22m   [34m├─[39m [2m/results/indian-navy-ssr-2025-result/index.html[22m [2m(+203ms)[22m 
[2m16:44:06[22m   [34m├─[39m [2m/results/indian-airforce-group-y-2025-result/index.html[22m [2m(+45ms)[22m 
[2m16:44:06[22m   [34m├─[39m [2m/results/indian-army-tradesman-2025-result/index.html[22m [2m(+63ms)[22m 
[2m16:44:06[22m   [34m├─[39m [2m/results/nia-head-constable-2025-result/index.html[22m [2m(+20ms)[22m 
[2m16:44:06[22m   [34m├─[39m [2m/results/kvs-pgt-2025-final-result/index.html[22m [2m(+40ms)[22m 
[2m16:44:06[22m   [34m├─[39m [2m/results/kvs-tgt-2025-final-result/index.html[22m [2m(+29ms)[22m 
[2m16:44:06[22m   [34m├─[39m [2m/results/nvs-pgt-2025-result/index.html[22m [2m(+35ms)[22m 
[2m16:44:06[22m   [34m├─[39m [2m/results/ctet-december-2025-result/index.html[22m [2m(+278ms)[22m 
[2m16:44:07[22m   [34m├─[39m [2m/results/dsssb-pgt-2025-result/index.html[22m [2m(+23ms)[22m 
[2m16:44:07[22m   [34m├─[39m [2m/results/dsssb-tgt-2025-result/index.html[22m [2m(+35ms)[22m 
[2m16:44:07[22m   [34m├─[39m [2m/results/emrs-teaching-2025-result/index.html[22m [2m(+47ms)[22m 
[2m16:44:07[22m   [34m├─[39m [2m/results/uptet-2025-result/index.html[22m [2m(+33ms)[22m 
[2m16:44:07[22m   [34m├─[39m [2m/results/delhi-police-constable-2025-final-result/index.html[22m [2m(+102ms)[22m 
[2m16:44:07[22m   [34m├─[39m [2m/results/delhi-police-head-constable-2025-result/index.html[22m [2m(+144ms)[22m 
[2m16:44:07[22m   [34m├─[39m [2m/results/up-police-constable-2025-result/index.html[22m [2m(+121ms)[22m 
[2m16:44:07[22m   [34m├─[39m [2m/results/bihar-police-constable-2025-result/index.html[22m [2m(+59ms)[22m 
[2m16:44:07[22m   [34m├─[39m [2m/results/mp-police-constable-2025-result/index.html[22m [2m(+23ms)[22m 
[2m16:44:07[22m   [34m├─[39m [2m/results/rajasthan-police-constable-2025-result/index.html[22m [2m(+46ms)[22m 
[2m16:44:07[22m   [34m├─[39m [2m/results/up-police-si-2025-result/index.html[22m [2m(+46ms)[22m 
[2m16:44:07[22m   [34m├─[39m [2m/results/bihar-police-si-2025-result/index.html[22m [2m(+151ms)[22m 
[2m16:44:08[22m   [34m├─[39m [2m/results/crpf-constable-2025-result/index.html[22m [2m(+66ms)[22m 
[2m16:44:08[22m   [34m└─[39m [2m/results/bsf-constable-2025-result/index.html[22m [2m(+40ms)[22m 
[2m16:44:08[22m [32m▶[39m src/pages/results/index.astro
[2m16:44:08[22m   [34m└─[39m [2m/results/index.html[22m [2m(+142ms)[22m 
[2m16:44:08[22m [32m▶[39m src/pages/scholarship/[slug].astro
[2m16:44:08[22m   [34m├─[39m [2m/scholarship/post-matric-scholarship-sc/index.html[22m [2m(+25ms)[22m 
[2m16:44:08[22m   [34m├─[39m [2m/scholarship/pre-matric-scholarship-sc/index.html[22m [2m(+17ms)[22m 
[2m16:44:08[22m   [34m├─[39m [2m/scholarship/central-sector-scholarship/index.html[22m [2m(+23ms)[22m 
[2m16:44:08[22m   [34m├─[39m [2m/scholarship/inspire-scholarship-she/index.html[22m [2m(+80ms)[22m 
[2m16:44:08[22m   [34m├─[39m [2m/scholarship/pm-scholarship-scheme-pmss/index.html[22m [2m(+36ms)[22m 
[2m16:44:08[22m   [34m├─[39m [2m/scholarship/national-means-merit-scholarship-nmmss/index.html[22m [2m(+194ms)[22m 
[2m16:44:08[22m   [34m├─[39m [2m/scholarship/aicte-pragati-scholarship-girls/index.html[22m [2m(+71ms)[22m 
[2m16:44:08[22m   [34m├─[39m [2m/scholarship/aicte-saksham-scholarship-disabled/index.html[22m [2m(+18ms)[22m 
[2m16:44:08[22m   [34m├─[39m [2m/scholarship/up-scholarship-pre-post-matric/index.html[22m [2m(+44ms)[22m 
[2m16:44:08[22m   [34m├─[39m [2m/scholarship/bihar-post-matric-scholarship/index.html[22m [2m(+73ms)[22m 
[2m16:44:08[22m   [34m├─[39m [2m/scholarship/rajasthan-medhavi-chhatra-yojana/index.html[22m [2m(+62ms)[22m 
[2m16:44:08[22m   [34m├─[39m [2m/scholarship/mp-scholarship-portal/index.html[22m [2m(+72ms)[22m 
[2m16:44:09[22m   [34m├─[39m [2m/scholarship/maharashtra-scholarship/index.html[22m [2m(+98ms)[22m 
[2m16:44:09[22m   [34m├─[39m [2m/scholarship/west-bengal-scholarship/index.html[22m [2m(+129ms)[22m 
[2m16:44:09[22m   [34m├─[39m [2m/scholarship/tamil-nadu-scholarship/index.html[22m [2m(+99ms)[22m 
[2m16:44:09[22m   [34m├─[39m [2m/scholarship/karnataka-scholarship/index.html[22m [2m(+52ms)[22m 
[2m16:44:09[22m   [34m├─[39m [2m/scholarship/nsp-scholarship-portal/index.html[22m [2m(+64ms)[22m 
[2m16:44:09[22m   [34m├─[39m [2m/scholarship/sc-st-scholarship-central-sector/index.html[22m [2m(+213ms)[22m 
[2m16:44:09[22m   [34m├─[39m [2m/scholarship/obc-scholarship-post-matric/index.html[22m [2m(+124ms)[22m 
[2m16:44:09[22m   [34m├─[39m [2m/scholarship/minority-scholarship-pm-15-point/index.html[22m [2m(+50ms)[22m 
[2m16:44:09[22m   [34m├─[39m [2m/scholarship/beti-bachao-beti-padhao-scholarship/index.html[22m [2m(+83ms)[22m 
[2m16:44:09[22m   [34m├─[39m [2m/scholarship/girl-child-scholarship-state-level/index.html[22m [2m(+86ms)[22m 
[2m16:44:10[22m   [34m├─[39m [2m/scholarship/sports-scholarship-khel-ratna/index.html[22m [2m(+128ms)[22m 
[2m16:44:10[22m   [34m├─[39m [2m/scholarship/disability-scholarship-national-handicap-finance/index.html[22m [2m(+70ms)[22m 
[2m16:44:10[22m   [34m├─[39m [2m/scholarship/technical-education-scholarship-aicte/index.html[22m [2m(+241ms)[22m 
[2m16:44:10[22m   [34m├─[39m [2m/scholarship/nursing-scholarship-indian-nursing-council/index.html[22m [2m(+207ms)[22m 
[2m16:44:10[22m   [34m├─[39m [2m/scholarship/medical-scholarship-dr-bc-roy/index.html[22m [2m(+35ms)[22m 
[2m16:44:10[22m   [34m├─[39m [2m/scholarship/engineering-scholarship-aicte-swanath/index.html[22m [2m(+103ms)[22m 
[2m16:44:10[22m   [34m├─[39m [2m/scholarship/mba-scholarship-aicte/index.html[22m [2m(+333ms)[22m 
[2m16:44:11[22m   [34m├─[39m [2m/scholarship/phd-scholarship-csir-ugc-jrf/index.html[22m [2m(+31ms)[22m 
[2m16:44:11[22m   [34m└─[39m [2m/scholarship/ews-scholarship-economically-weaker-section/index.html[22m [2m(+61ms)[22m 
[2m16:44:11[22m [32m▶[39m src/pages/scholarship/index.astro
[2m16:44:11[22m   [34m└─[39m [2m/scholarship/index.html[22m [2m(+31ms)[22m 
[2m16:44:11[22m [32m▶[39m src/pages/service/[slug].astro
[2m16:44:11[22m   [34m├─[39m [2m/service/aadhaar/index.html[22m [2m(+74ms)[22m 
[2m16:44:11[22m   [34m├─[39m [2m/service/pan/index.html[22m [2m(+31ms)[22m 
[2m16:44:11[22m   [34m├─[39m [2m/service/passport/index.html[22m [2m(+34ms)[22m 
[2m16:44:11[22m   [34m├─[39m [2m/service/driving-license/index.html[22m [2m(+137ms)[22m 
[2m16:44:11[22m   [34m├─[39m [2m/service/ration-card/index.html[22m [2m(+50ms)[22m 
[2m16:44:11[22m   [34m├─[39m [2m/service/voter-id/index.html[22m [2m(+162ms)[22m 
[2m16:44:11[22m   [34m├─[39m [2m/service/itr-filing/index.html[22m [2m(+35ms)[22m 
[2m16:44:11[22m   [34m├─[39m [2m/service/birth-certificate/index.html[22m [2m(+34ms)[22m 
[2m16:44:11[22m   [34m└─[39m [2m/service/ayushman-bharat/index.html[22m [2m(+30ms)[22m 
[2m16:44:12[22m [32m▶[39m src/pages/states/bihar.astro
[2m16:44:12[22m   [34m└─[39m [2m/states/bihar/index.html[22m [2m(+35ms)[22m 
[2m16:44:12[22m [32m▶[39m src/pages/states/index.astro
[2m16:44:12[22m   [34m└─[39m [2m/states/index.html[22m [2m(+98ms)[22m 
[2m16:44:12[22m [32m▶[39m src/pages/states/madhya-pradesh.astro
[2m16:44:12[22m   [34m└─[39m [2m/states/madhya-pradesh/index.html[22m [2m(+40ms)[22m 
[2m16:44:12[22m [32m▶[39m src/pages/states/rajasthan.astro
[2m16:44:12[22m   [34m└─[39m [2m/states/rajasthan/index.html[22m [2m(+35ms)[22m 
[2m16:44:12[22m [32m▶[39m src/pages/states/uttar-pradesh.astro
[2m16:44:12[22m   [34m└─[39m [2m/states/uttar-pradesh/index.html[22m [2m(+165ms)[22m 
[2m16:44:12[22m [32m▶[39m src/pages/syllabus/[slug].astro
[2m16:44:12[22m   [34m├─[39m [2m/syllabus/ssc-cgl/index.html[22m [2m(+28ms)[22m 
[2m16:44:12[22m   [34m├─[39m [2m/syllabus/rrb-ntpc/index.html[22m [2m(+21ms)[22m 
[2m16:44:13[22m   [34m├─[39m [2m/syllabus/ibps-clerk/index.html[22m [2m(+22ms)[22m 
[2m16:44:13[22m   [34m├─[39m [2m/syllabus/upsc-cse/index.html[22m [2m(+79ms)[22m 
[2m16:44:13[22m   [34m├─[39m [2m/syllabus/uppsc-pcs/index.html[22m [2m(+17ms)[22m 
[2m16:44:13[22m   [34m├─[39m [2m/syllabus/ssc-chsl-2026/index.html[22m [2m(+87ms)[22m 
[2m16:44:13[22m   [34m├─[39m [2m/syllabus/ssc-mts-2026/index.html[22m [2m(+164ms)[22m 
[2m16:44:13[22m   [34m├─[39m [2m/syllabus/ssc-cpo-2026/index.html[22m [2m(+167ms)[22m 
[2m16:44:13[22m   [34m├─[39m [2m/syllabus/ssc-je-2026/index.html[22m [2m(+48ms)[22m 
[2m16:44:13[22m   [34m├─[39m [2m/syllabus/ssc-stenographer-2026/index.html[22m [2m(+52ms)[22m 
[2m16:44:13[22m   [34m├─[39m [2m/syllabus/rrb-group-d-2026/index.html[22m [2m(+53ms)[22m 
[2m16:44:13[22m   [34m├─[39m [2m/syllabus/rrb-alp-2026/index.html[22m [2m(+94ms)[22m 
[2m16:44:13[22m   [34m├─[39m [2m/syllabus/rrb-je-2026/index.html[22m [2m(+39ms)[22m 
[2m16:44:13[22m   [34m├─[39m [2m/syllabus/rrb-tc-2026/index.html[22m [2m(+118ms)[22m 
[2m16:44:13[22m   [34m├─[39m [2m/syllabus/sbi-po-2026/index.html[22m [2m(+147ms)[22m 
[2m16:44:14[22m   [34m├─[39m [2m/syllabus/sbi-clerk-2026/index.html[22m [2m(+38ms)[22m 
[2m16:44:14[22m   [34m├─[39m [2m/syllabus/rbi-grade-b-2026/index.html[22m [2m(+46ms)[22m 
[2m16:44:14[22m   [34m├─[39m [2m/syllabus/nabard-grade-a-2026/index.html[22m [2m(+183ms)[22m 
[2m16:44:14[22m   [34m├─[39m [2m/syllabus/nda-2026/index.html[22m [2m(+65ms)[22m 
[2m16:44:14[22m   [34m├─[39m [2m/syllabus/cds-2026/index.html[22m [2m(+133ms)[22m 
[2m16:44:14[22m   [34m├─[39m [2m/syllabus/afcat-2026/index.html[22m [2m(+127ms)[22m 
[2m16:44:14[22m   [34m├─[39m [2m/syllabus/upsc-ifs-2026/index.html[22m [2m(+137ms)[22m 
[2m16:44:14[22m   [34m├─[39m [2m/syllabus/upsc-capf-2026/index.html[22m [2m(+32ms)[22m 
[2m16:44:14[22m   [34m├─[39m [2m/syllabus/upsc-cisf-ac-2026/index.html[22m [2m(+38ms)[22m 
[2m16:44:14[22m   [34m├─[39m [2m/syllabus/bpsc-71st-2026/index.html[22m [2m(+50ms)[22m 
[2m16:44:14[22m   [34m├─[39m [2m/syllabus/mppsc-state-service-2026/index.html[22m [2m(+283ms)[22m 
[2m16:44:15[22m   [34m├─[39m [2m/syllabus/rpsc-ras-2026/index.html[22m [2m(+83ms)[22m 
[2m16:44:15[22m   [34m├─[39m [2m/syllabus/delhi-police-constable-2026/index.html[22m [2m(+50ms)[22m 
[2m16:44:15[22m   [34m├─[39m [2m/syllabus/crpf-hc-2026/index.html[22m [2m(+50ms)[22m 
[2m16:44:15[22m   [34m├─[39m [2m/syllabus/kvs-pgt-2026/index.html[22m [2m(+103ms)[22m 
[2m16:44:15[22m   [34m├─[39m [2m/syllabus/ctet-2026/index.html[22m [2m(+130ms)[22m 
[2m16:44:15[22m   [34m├─[39m [2m/syllabus/ibps-rrb-po-and-clerk-2026-apply-online-date-exten-2026/index.html[22m [2m(+150ms)[22m 
[2m16:44:15[22m   [34m├─[39m [2m/syllabus/ibps-rrb-po-and-clerk-2026-apply-online-date-exten/index.html[22m [2m(+118ms)[22m 
[2m16:44:15[22m   [34m├─[39m [2m/syllabus/gujarat-anganwadi-recruitment-2026-out-apply-onlin-2026/index.html[22m [2m(+99ms)[22m 
[2m16:44:16[22m   [34m├─[39m [2m/syllabus/gujarat-anganwadi-recruitment-2026-out-apply-onlin/index.html[22m [2m(+66ms)[22m 
[2m16:44:16[22m   [34m├─[39m [2m/syllabus/assam-rifles-recruitment-2026-notification-out-for-2026/index.html[22m [2m(+19ms)[22m 
[2m16:44:16[22m   [34m├─[39m [2m/syllabus/assam-rifles-recruitment-2026-notification-out-for/index.html[22m [2m(+151ms)[22m 
[2m16:44:16[22m   [34m├─[39m [2m/syllabus/jssc-jilcce-recruitment-2026-326-health-supervisor-2026/index.html[22m [2m(+67ms)[22m 
[2m16:44:16[22m   [34m├─[39m [2m/syllabus/jssc-jilcce-recruitment-2026-326-health-supervisor/index.html[22m [2m(+81ms)[22m 
[2m16:44:16[22m   [34m├─[39m [2m/syllabus/ibps-rrb-apply-online-2026-ends-today-check-applic-2026/index.html[22m [2m(+115ms)[22m 
[2m16:44:16[22m   [34m├─[39m [2m/syllabus/ibps-rrb-apply-online-2026-ends-today-check-applic/index.html[22m [2m(+32ms)[22m 
[2m16:44:16[22m   [34m├─[39m [2m/syllabus/up-excise-constable-cutoff-2026-check-category-wis-2026/index.html[22m [2m(+55ms)[22m 
[2m16:44:16[22m   [34m├─[39m [2m/syllabus/up-excise-constable-cutoff-2026-check-category-wis/index.html[22m [2m(+149ms)[22m 
[2m16:44:16[22m   [34m├─[39m [2m/syllabus/ibps-rrb-recruitment-2026-apply-online-last-date-t-2026/index.html[22m [2m(+50ms)[22m 
[2m16:44:16[22m   [34m├─[39m [2m/syllabus/ibps-rrb-recruitment-2026-apply-online-last-date-t/index.html[22m [2m(+51ms)[22m 
[2m16:44:16[22m   [34m├─[39m [2m/syllabus/upsssc-je-agriculture-recruitment-2026-apply-onlin-2026/index.html[22m [2m(+100ms)[22m 
[2m16:44:16[22m   [34m├─[39m [2m/syllabus/upsssc-je-agriculture-recruitment-2026-apply-onlin/index.html[22m [2m(+29ms)[22m 
[2m16:44:17[22m   [34m├─[39m [2m/syllabus/jharkhand-jssc-jilcce-recruitment-2026-notificatio-2026/index.html[22m [2m(+53ms)[22m 
[2m16:44:17[22m   [34m├─[39m [2m/syllabus/jharkhand-jssc-jilcce-recruitment-2026-notificatio/index.html[22m [2m(+49ms)[22m 
[2m16:44:17[22m   [34m├─[39m [2m/syllabus/hppsc-medical-officer-recruitment-2026-notificatio-2026/index.html[22m [2m(+208ms)[22m 
[2m16:44:17[22m   [34m├─[39m [2m/syllabus/hppsc-medical-officer-recruitment-2026-notificatio/index.html[22m [2m(+68ms)[22m 
[2m16:44:17[22m   [34m├─[39m [2m/syllabus/eil-recruitment-2026-notification-out-for-various--2026/index.html[22m [2m(+41ms)[22m 
[2m16:44:17[22m   [34m├─[39m [2m/syllabus/eil-recruitment-2026-notification-out-for-various-/index.html[22m [2m(+97ms)[22m 
[2m16:44:17[22m   [34m├─[39m [2m/syllabus/ignou-recruitment-2026-notification-out-for-variou-2026/index.html[22m [2m(+118ms)[22m 
[2m16:44:17[22m   [34m├─[39m [2m/syllabus/ignou-recruitment-2026-notification-out-for-variou/index.html[22m [2m(+228ms)[22m 
[2m16:44:17[22m   [34m├─[39m [2m/syllabus/mp-police-constable-syllabus-2026-check-topic-wise-2026/index.html[22m [2m(+36ms)[22m 
[2m16:44:17[22m   [34m├─[39m [2m/syllabus/mp-police-constable-syllabus-2026-check-topic-wise/index.html[22m [2m(+28ms)[22m 
[2m16:44:17[22m   [34m├─[39m [2m/syllabus/cpri-recruitment-2026-apply-online-for-110-enginee-2026/index.html[22m [2m(+41ms)[22m 
[2m16:44:17[22m   [34m├─[39m [2m/syllabus/cpri-recruitment-2026-apply-online-for-110-enginee/index.html[22m [2m(+125ms)[22m 
[2m16:44:18[22m   [34m├─[39m [2m/syllabus/mpesb-subedar-steno-asi-recruitment-2026-notificat-2026/index.html[22m [2m(+40ms)[22m 
[2m16:44:18[22m   [34m├─[39m [2m/syllabus/mpesb-subedar-steno-asi-recruitment-2026-notificat/index.html[22m [2m(+17ms)[22m 
[2m16:44:18[22m   [34m├─[39m [2m/syllabus/cpri-recruitment-2026-notification-out-apply-onlin-2026/index.html[22m [2m(+249ms)[22m 
[2m16:44:18[22m   [34m├─[39m [2m/syllabus/cpri-recruitment-2026-notification-out-apply-onlin/index.html[22m [2m(+63ms)[22m 
[2m16:44:18[22m   [34m├─[39m [2m/syllabus/upsssc-je-recruitment-2026-apply-online-begins-for-2026/index.html[22m [2m(+35ms)[22m 
[2m16:44:18[22m   [34m├─[39m [2m/syllabus/upsssc-je-recruitment-2026-apply-online-begins-for/index.html[22m [2m(+95ms)[22m 
[2m16:44:18[22m   [34m├─[39m [2m/syllabus/tnpsc-cts-diploma-exam-date-2026-out-for-856-iti-p-2026/index.html[22m [2m(+19ms)[22m 
[2m16:44:18[22m   [34m├─[39m [2m/syllabus/tnpsc-cts-diploma-exam-date-2026-out-for-856-iti-p/index.html[22m [2m(+91ms)[22m 
[2m16:44:18[22m   [34m├─[39m [2m/syllabus/ts-police-constable-si-salary-2026-check-pay-scale-2026/index.html[22m [2m(+64ms)[22m 
[2m16:44:18[22m   [34m├─[39m [2m/syllabus/ts-police-constable-si-salary-2026-check-pay-scale/index.html[22m [2m(+116ms)[22m 
[2m16:44:18[22m   [34m├─[39m [2m/syllabus/upsssc-je-recruitment-2026-notification-out-apply--2026/index.html[22m [2m(+83ms)[22m 
[2m16:44:18[22m   [34m├─[39m [2m/syllabus/upsssc-je-recruitment-2026-notification-out-apply-/index.html[22m [2m(+145ms)[22m 
[2m16:44:19[22m   [34m├─[39m [2m/syllabus/slprb-ap-police-recruitment-2026-notification-out--2026/index.html[22m [2m(+18ms)[22m 
[2m16:44:19[22m   [34m├─[39m [2m/syllabus/slprb-ap-police-recruitment-2026-notification-out-/index.html[22m [2m(+34ms)[22m 
[2m16:44:19[22m   [34m├─[39m [2m/syllabus/indian-post-office-gds-recruitment-2026-apply-link-2026/index.html[22m [2m(+36ms)[22m 
[2m16:44:19[22m   [34m├─[39m [2m/syllabus/indian-post-office-gds-recruitment-2026-apply-link/index.html[22m [2m(+62ms)[22m 
[2m16:44:19[22m   [34m├─[39m [2m/syllabus/india-post-gds-maharashtra-vacancy-2026-check-divi-2026/index.html[22m [2m(+90ms)[22m 
[2m16:44:19[22m   [34m├─[39m [2m/syllabus/india-post-gds-maharashtra-vacancy-2026-check-divi/index.html[22m [2m(+130ms)[22m 
[2m16:44:19[22m   [34m├─[39m [2m/syllabus/bcpl-recruitment-2026-bcpl-vacancy-2026-iti-techni-2026/index.html[22m [2m(+118ms)[22m 
[2m16:44:19[22m   [34m├─[39m [2m/syllabus/bcpl-recruitment-2026-bcpl-vacancy-2026-iti-techni/index.html[22m [2m(+152ms)[22m 
[2m16:44:19[22m   [34m├─[39m [2m/syllabus/psssb-group-c-recruitment-2026-notification-out-fo-2026/index.html[22m [2m(+33ms)[22m 
[2m16:44:19[22m   [34m├─[39m [2m/syllabus/psssb-group-c-recruitment-2026-notification-out-fo/index.html[22m [2m(+51ms)[22m 
[2m16:44:19[22m   [34m├─[39m [2m/syllabus/dav-staff-recruitment-2026-notification-out-apply--2026/index.html[22m [2m(+95ms)[22m 
[2m16:44:19[22m   [34m├─[39m [2m/syllabus/dav-staff-recruitment-2026-notification-out-apply-/index.html[22m [2m(+70ms)[22m 
[2m16:44:20[22m   [34m├─[39m [2m/syllabus/pfrda-grade-a-notification-2026-out-check-apply-on-2026/index.html[22m [2m(+115ms)[22m 
[2m16:44:20[22m   [34m├─[39m [2m/syllabus/pfrda-grade-a-notification-2026-out-check-apply-on/index.html[22m [2m(+186ms)[22m 
[2m16:44:20[22m   [34m├─[39m [2m/syllabus/emrs-pgt-salary-2026-check-pay-scale-in-hand-salar-2026/index.html[22m [2m(+37ms)[22m 
[2m16:44:20[22m   [34m├─[39m [2m/syllabus/emrs-pgt-salary-2026-check-pay-scale-in-hand-salar/index.html[22m [2m(+67ms)[22m 
[2m16:44:20[22m   [34m├─[39m [2m/syllabus/nta-recruitment-2026-check-eligibility-and-last-da-2026/index.html[22m [2m(+36ms)[22m 
[2m16:44:20[22m   [34m├─[39m [2m/syllabus/nta-recruitment-2026-check-eligibility-and-last-da/index.html[22m [2m(+211ms)[22m 
[2m16:44:20[22m   [34m├─[39m [2m/syllabus/punjab-and-haryana-high-court-driver-recruitment-2-2026/index.html[22m [2m(+38ms)[22m 
[2m16:44:20[22m   [34m├─[39m [2m/syllabus/punjab-and-haryana-high-court-driver-recruitment-2/index.html[22m [2m(+59ms)[22m 
[2m16:44:20[22m   [34m├─[39m [2m/syllabus/upsc-ese-notification-2026-released-apply-online-b-2026/index.html[22m [2m(+126ms)[22m 
[2m16:44:20[22m   [34m├─[39m [2m/syllabus/upsc-ese-notification-2026-released-apply-online-b/index.html[22m [2m(+111ms)[22m 
[2m16:44:21[22m   [34m├─[39m [2m/syllabus/dsssb-aso-exam-date-2026-out-for-941-grade-2-posts-2026/index.html[22m [2m(+60ms)[22m 
[2m16:44:21[22m   [34m├─[39m [2m/syllabus/dsssb-aso-exam-date-2026-out-for-941-grade-2-posts/index.html[22m [2m(+31ms)[22m 
[2m16:44:21[22m   [34m├─[39m [2m/syllabus/ecce-educator-vacancy-in-up-latest-news-educator-v-2026/index.html[22m [2m(+44ms)[22m 
[2m16:44:21[22m   [34m├─[39m [2m/syllabus/ecce-educator-vacancy-in-up-latest-news-educator-v/index.html[22m [2m(+83ms)[22m 
[2m16:44:21[22m   [34m├─[39m [2m/syllabus/iob-local-bank-officer-exam-date-2026-out-check-ex-2026/index.html[22m [2m(+108ms)[22m 
[2m16:44:21[22m   [34m├─[39m [2m/syllabus/iob-local-bank-officer-exam-date-2026-out-check-ex/index.html[22m [2m(+76ms)[22m 
[2m16:44:21[22m   [34m├─[39m [2m/syllabus/uksssc-scaler-recruitment-2026-notification-out-fo-2026/index.html[22m [2m(+293ms)[22m 
[2m16:44:21[22m   [34m├─[39m [2m/syllabus/uksssc-scaler-recruitment-2026-notification-out-fo/index.html[22m [2m(+37ms)[22m 
[2m16:44:21[22m   [34m├─[39m [2m/syllabus/mphc-recruitment-2026-mp-high-court-assistant-grad-2026/index.html[22m [2m(+47ms)[22m 
[2m16:44:21[22m   [34m├─[39m [2m/syllabus/mphc-recruitment-2026-mp-high-court-assistant-grad/index.html[22m [2m(+35ms)[22m 
[2m16:44:21[22m   [34m├─[39m [2m/syllabus/rrb-je-exam-date-2026-out-check-cen-042026-junior--2026/index.html[22m [2m(+35ms)[22m 
[2m16:44:21[22m   [34m├─[39m [2m/syllabus/rrb-je-exam-date-2026-out-check-cen-042026-junior-/index.html[22m [2m(+69ms)[22m 
[2m16:44:21[22m   [34m├─[39m [2m/syllabus/tslprb-notification-2026-apply-online-last-date-to-2026/index.html[22m [2m(+260ms)[22m 
[2m16:44:22[22m   [34m├─[39m [2m/syllabus/tslprb-notification-2026-apply-online-last-date-to/index.html[22m [2m(+94ms)[22m 
[2m16:44:22[22m   [34m├─[39m [2m/syllabus/upcisb-exam-date-2026-out-for-2085-various-vacanci-2026/index.html[22m [2m(+76ms)[22m 
[2m16:44:22[22m   [34m├─[39m [2m/syllabus/upcisb-exam-date-2026-out-for-2085-various-vacanci/index.html[22m [2m(+63ms)[22m 
[2m16:44:22[22m   [34m├─[39m [2m/syllabus/up-pgt-teacher-notification-2026-out-apply-online--2026/index.html[22m [2m(+38ms)[22m 
[2m16:44:22[22m   [34m├─[39m [2m/syllabus/up-pgt-teacher-notification-2026-out-apply-online-/index.html[22m [2m(+47ms)[22m 
[2m16:44:22[22m   [34m├─[39m [2m/syllabus/jkssb-recruitment-2026-notification-out-for-2863-p-2026/index.html[22m [2m(+84ms)[22m 
[2m16:44:22[22m   [34m├─[39m [2m/syllabus/jkssb-recruitment-2026-notification-out-for-2863-p/index.html[22m [2m(+310ms)[22m 
[2m16:44:22[22m   [34m├─[39m [2m/syllabus/ruhs-medical-officer-recruitment-2026-notification-2026/index.html[22m [2m(+191ms)[22m 
[2m16:44:23[22m   [34m├─[39m [2m/syllabus/ruhs-medical-officer-recruitment-2026-notification/index.html[22m [2m(+77ms)[22m 
[2m16:44:23[22m   [34m├─[39m [2m/syllabus/upessc-up-prt-assistant-teacher-recruitment-2026-n-2026/index.html[22m [2m(+153ms)[22m 
[2m16:44:23[22m   [34m├─[39m [2m/syllabus/upessc-up-prt-assistant-teacher-recruitment-2026-n/index.html[22m [2m(+82ms)[22m 
[2m16:44:23[22m   [34m├─[39m [2m/syllabus/iob-local-bank-officer-lbo-exam-date-2026-out-for--2026/index.html[22m [2m(+178ms)[22m 
[2m16:44:23[22m   [34m├─[39m [2m/syllabus/iob-local-bank-officer-lbo-exam-date-2026-out-for-/index.html[22m [2m(+236ms)[22m 
[2m16:44:23[22m   [34m├─[39m [2m/syllabus/up-teacher-recruitment-2026-applications-open-for--2026/index.html[22m [2m(+40ms)[22m 
[2m16:44:23[22m   [34m├─[39m [2m/syllabus/up-teacher-recruitment-2026-applications-open-for-/index.html[22m [2m(+28ms)[22m 
[2m16:44:23[22m   [34m├─[39m [2m/syllabus/ibps-clerk-reserve-list-2026-out-download-2nd-prov-2026/index.html[22m [2m(+56ms)[22m 
[2m16:44:23[22m   [34m├─[39m [2m/syllabus/ibps-clerk-reserve-list-2026-out-download-2nd-prov/index.html[22m [2m(+199ms)[22m 
[2m16:44:24[22m   [34m├─[39m [2m/syllabus/appsc-job-calendar-2026-new-released-at-portal-psc-2026/index.html[22m [2m(+148ms)[22m 
[2m16:44:24[22m   [34m├─[39m [2m/syllabus/appsc-job-calendar-2026-new-released-at-portal-psc/index.html[22m [2m(+68ms)[22m 
[2m16:44:24[22m   [34m├─[39m [2m/syllabus/uksssc-group-c-recruitment-2026-apply-online-for-p-2026/index.html[22m [2m(+48ms)[22m 
[2m16:44:24[22m   [34m├─[39m [2m/syllabus/uksssc-group-c-recruitment-2026-apply-online-for-p/index.html[22m [2m(+19ms)[22m 
[2m16:44:24[22m   [34m├─[39m [2m/syllabus/coconut-development-board-recruitment-2026-out-for-2026/index.html[22m [2m(+82ms)[22m 
[2m16:44:24[22m   [34m├─[39m [2m/syllabus/coconut-development-board-recruitment-2026-out-for/index.html[22m [2m(+68ms)[22m 
[2m16:44:24[22m   [34m├─[39m [2m/syllabus/rrc-ecor-recruitment-2026-last-date-today-apply-on-2026/index.html[22m [2m(+183ms)[22m 
[2m16:44:24[22m   [34m├─[39m [2m/syllabus/rrc-ecor-recruitment-2026-last-date-today-apply-on/index.html[22m [2m(+194ms)[22m 
[2m16:44:24[22m   [34m├─[39m [2m/syllabus/upsssc-veterinary-pharmacist-recruitment-2026-out--2026/index.html[22m [2m(+55ms)[22m 
[2m16:44:25[22m   [34m├─[39m [2m/syllabus/upsssc-veterinary-pharmacist-recruitment-2026-out-/index.html[22m [2m(+38ms)[22m 
[2m16:44:25[22m   [34m├─[39m [2m/syllabus/iob-specialist-officer-recruitment-2026-apply-onli-2026/index.html[22m [2m(+20ms)[22m 
[2m16:44:25[22m   [34m├─[39m [2m/syllabus/iob-specialist-officer-recruitment-2026-apply-onli/index.html[22m [2m(+94ms)[22m 
[2m16:44:25[22m   [34m├─[39m [2m/syllabus/appsc-recruitment-2026-notification-out-for-892-gr-2026/index.html[22m [2m(+138ms)[22m 
[2m16:44:25[22m   [34m├─[39m [2m/syllabus/appsc-recruitment-2026-notification-out-for-892-gr/index.html[22m [2m(+39ms)[22m 
[2m16:44:25[22m   [34m├─[39m [2m/syllabus/upsssc-veterinary-pharmacist-recruitment-2026-appl-2026/index.html[22m [2m(+84ms)[22m 
[2m16:44:25[22m   [34m├─[39m [2m/syllabus/upsssc-veterinary-pharmacist-recruitment-2026-appl/index.html[22m [2m(+51ms)[22m 
[2m16:44:25[22m   [34m├─[39m [2m/syllabus/iocl-exam-date-2026-out-check-official-schedule-fo-2026/index.html[22m [2m(+50ms)[22m 
[2m16:44:25[22m   [34m├─[39m [2m/syllabus/iocl-exam-date-2026-out-check-official-schedule-fo/index.html[22m [2m(+86ms)[22m 
[2m16:44:25[22m   [34m├─[39m [2m/syllabus/ruhs-medical-officer-recruitment-2026-apply-online-2026/index.html[22m [2m(+82ms)[22m 
[2m16:44:25[22m   [34m├─[39m [2m/syllabus/ruhs-medical-officer-recruitment-2026-apply-online/index.html[22m [2m(+148ms)[22m 
[2m16:44:25[22m   [34m├─[39m [2m/syllabus/psssb-group-d-recruitment-2026-last-date-to-apply--2026/index.html[22m [2m(+293ms)[22m 
[2m16:44:26[22m   [34m├─[39m [2m/syllabus/psssb-group-d-recruitment-2026-last-date-to-apply-/index.html[22m [2m(+19ms)[22m 
[2m16:44:26[22m   [34m├─[39m [2m/syllabus/kea-karnataka-recruitment-2026-notification-out-fo-2026/index.html[22m [2m(+32ms)[22m 
[2m16:44:26[22m   [34m├─[39m [2m/syllabus/kea-karnataka-recruitment-2026-notification-out-fo/index.html[22m [2m(+29ms)[22m 
[2m16:44:26[22m   [34m├─[39m [2m/syllabus/rrb-paramedical-recruitment-2026-notification-out--2026/index.html[22m [2m(+65ms)[22m 
[2m16:44:26[22m   [34m├─[39m [2m/syllabus/rrb-paramedical-recruitment-2026-notification-out-/index.html[22m [2m(+95ms)[22m 
[2m16:44:26[22m   [34m├─[39m [2m/syllabus/mp-naib-tehsildar-notification-2026-out-for-106-po-2026/index.html[22m [2m(+28ms)[22m 
[2m16:44:26[22m   [34m├─[39m [2m/syllabus/mp-naib-tehsildar-notification-2026-out-for-106-po/index.html[22m [2m(+219ms)[22m 
[2m16:44:26[22m   [34m├─[39m [2m/syllabus/jharkhand-home-guard-recruitment-2026-notification-2026/index.html[22m [2m(+96ms)[22m 
[2m16:44:26[22m   [34m├─[39m [2m/syllabus/jharkhand-home-guard-recruitment-2026-notification/index.html[22m [2m(+70ms)[22m 
[2m16:44:26[22m   [34m├─[39m [2m/syllabus/haryana-police-vacancy-2026-30-posts-vacant-15000--2026/index.html[22m [2m(+174ms)[22m 
[2m16:44:27[22m   [34m├─[39m [2m/syllabus/haryana-police-vacancy-2026-30-posts-vacant-15000-/index.html[22m [2m(+26ms)[22m 
[2m16:44:27[22m   [34m├─[39m [2m/syllabus/tnpsc-ctse-notification-2026-out-for-170-interview-2026/index.html[22m [2m(+33ms)[22m 
[2m16:44:27[22m   [34m├─[39m [2m/syllabus/tnpsc-ctse-notification-2026-out-for-170-interview/index.html[22m [2m(+24ms)[22m 
[2m16:44:27[22m   [34m├─[39m [2m/syllabus/rrb-je-recruitment-2026-last-date-today-apply-onli-2026/index.html[22m [2m(+18ms)[22m 
[2m16:44:27[22m   [34m├─[39m [2m/syllabus/rrb-je-recruitment-2026-last-date-today-apply-onli/index.html[22m [2m(+155ms)[22m 
[2m16:44:27[22m   [34m├─[39m [2m/syllabus/mp-sub-engineer-recruitment-2026-apply-online-last-2026/index.html[22m [2m(+118ms)[22m 
[2m16:44:27[22m   [34m├─[39m [2m/syllabus/mp-sub-engineer-recruitment-2026-apply-online-last/index.html[22m [2m(+98ms)[22m 
[2m16:44:27[22m   [34m├─[39m [2m/syllabus/jharkhand-teacher-vacancy-2026-7500-schools-have-o-2026/index.html[22m [2m(+48ms)[22m 
[2m16:44:27[22m   [34m├─[39m [2m/syllabus/jharkhand-teacher-vacancy-2026-7500-schools-have-o/index.html[22m [2m(+34ms)[22m 
[2m16:44:27[22m   [34m├─[39m [2m/syllabus/tn-nhm-recruitment-2026-notification-released-for--2026/index.html[22m [2m(+184ms)[22m 
[2m16:44:27[22m   [34m├─[39m [2m/syllabus/tn-nhm-recruitment-2026-notification-released-for-/index.html[22m [2m(+73ms)[22m 
[2m16:44:27[22m   [34m├─[39m [2m/syllabus/upsc-epfo-apply-online-2026-extended-last-date-to--2026/index.html[22m [2m(+44ms)[22m 
[2m16:44:27[22m   [34m├─[39m [2m/syllabus/upsc-epfo-apply-online-2026-extended-last-date-to-/index.html[22m [2m(+130ms)[22m 
[2m16:44:28[22m   [34m├─[39m [2m/syllabus/rrb-technician-recruitment-2026-application-status-2026/index.html[22m [2m(+52ms)[22m 
[2m16:44:28[22m   [34m├─[39m [2m/syllabus/rrb-technician-recruitment-2026-application-status/index.html[22m [2m(+31ms)[22m 
[2m16:44:28[22m   [34m├─[39m [2m/syllabus/ssc-cgl-notification-2026-out-for-12256-group-b-an-2026/index.html[22m [2m(+135ms)[22m 
[2m16:44:28[22m   [34m├─[39m [2m/syllabus/ssc-cgl-notification-2026-out-for-12256-group-b-an/index.html[22m [2m(+130ms)[22m 
[2m16:44:28[22m   [34m├─[39m [2m/syllabus/jnu-exam-date-2026-for-267-posts-check-complete-ex-2026/index.html[22m [2m(+37ms)[22m 
[2m16:44:28[22m   [34m├─[39m [2m/syllabus/jnu-exam-date-2026-for-267-posts-check-complete-ex/index.html[22m [2m(+49ms)[22m 
[2m16:44:28[22m   [34m├─[39m [2m/syllabus/mp-nayab-tehsildar-recruitment-2026-out-for-73-vac-2026/index.html[22m [2m(+52ms)[22m 
[2m16:44:28[22m   [34m├─[39m [2m/syllabus/mp-nayab-tehsildar-recruitment-2026-out-for-73-vac/index.html[22m [2m(+41ms)[22m 
[2m16:44:28[22m   [34m├─[39m [2m/syllabus/ibps-rrb-vacancy-2026-increased-to-13745-check-sta-2026/index.html[22m [2m(+29ms)[22m 
[2m16:44:28[22m   [34m├─[39m [2m/syllabus/ibps-rrb-vacancy-2026-increased-to-13745-check-sta/index.html[22m [2m(+154ms)[22m 
[2m16:44:28[22m   [34m├─[39m [2m/syllabus/rrb-je-recruitment-2026-last-date-tomorrow-apply-o-2026/index.html[22m [2m(+176ms)[22m 
[2m16:44:28[22m   [34m├─[39m [2m/syllabus/rrb-je-recruitment-2026-last-date-tomorrow-apply-o/index.html[22m [2m(+46ms)[22m 
[2m16:44:28[22m   [34m├─[39m [2m/syllabus/ap-police-constable-notification-2026-out-soon-for-2026/index.html[22m [2m(+74ms)[22m 
[2m16:44:29[22m   [34m├─[39m [2m/syllabus/ap-police-constable-notification-2026-out-soon-for/index.html[22m [2m(+69ms)[22m 
[2m16:44:29[22m   [34m├─[39m [2m/syllabus/upsc-epfo-apfc-2026-last-date-extended-apply-onlin-2026/index.html[22m [2m(+31ms)[22m 
[2m16:44:29[22m   [34m├─[39m [2m/syllabus/upsc-epfo-apfc-2026-last-date-extended-apply-onlin/index.html[22m [2m(+101ms)[22m 
[2m16:44:29[22m   [34m├─[39m [2m/syllabus/ncrtc-recruitment-2026-apply-online-for-90-supervi-2026/index.html[22m [2m(+184ms)[22m 
[2m16:44:29[22m   [34m├─[39m [2m/syllabus/ncrtc-recruitment-2026-apply-online-for-90-supervi/index.html[22m [2m(+58ms)[22m 
[2m16:44:29[22m   [34m├─[39m [2m/syllabus/jkssb-recruitment-2026-notification-out-apply-onli-2026/index.html[22m [2m(+41ms)[22m 
[2m16:44:29[22m   [34m├─[39m [2m/syllabus/jkssb-recruitment-2026-notification-out-apply-onli/index.html[22m [2m(+133ms)[22m 
[2m16:44:29[22m   [34m├─[39m [2m/syllabus/upsc-epfo-apfc-2026-apply-online-last-date-today-c-2026/index.html[22m [2m(+49ms)[22m 
[2m16:44:29[22m   [34m├─[39m [2m/syllabus/upsc-epfo-apfc-2026-apply-online-last-date-today-c/index.html[22m [2m(+19ms)[22m 
[2m16:44:29[22m   [34m├─[39m [2m/syllabus/sns-bank-vijayapura-recruitment-2026-apply-online--2026/index.html[22m [2m(+78ms)[22m 
[2m16:44:29[22m   [34m├─[39m [2m/syllabus/sns-bank-vijayapura-recruitment-2026-apply-online-/index.html[22m [2m(+36ms)[22m 
[2m16:44:29[22m   [34m├─[39m [2m/syllabus/mp-police-si-recruitment-2026-apply-online-starts--2026/index.html[22m [2m(+183ms)[22m 
[2m16:44:30[22m   [34m├─[39m [2m/syllabus/mp-police-si-recruitment-2026-apply-online-starts-/index.html[22m [2m(+204ms)[22m 
[2m16:44:30[22m   [34m├─[39m [2m/syllabus/upsssc-senior-instructor-recruitment-2026-notifica-2026/index.html[22m [2m(+97ms)[22m 
[2m16:44:30[22m   [34m├─[39m [2m/syllabus/upsssc-senior-instructor-recruitment-2026-notifica/index.html[22m [2m(+195ms)[22m 
[2m16:44:30[22m   [34m├─[39m [2m/syllabus/boi-so-recruitment-2026-out-for-205-posts-apply-on-2026/index.html[22m [2m(+19ms)[22m 
[2m16:44:30[22m   [34m├─[39m [2m/syllabus/boi-so-recruitment-2026-out-for-205-posts-apply-on/index.html[22m [2m(+30ms)[22m 
[2m16:44:30[22m   [34m├─[39m [2m/syllabus/upsc-epfo-apply-online-2026-today-is-last-date-to--2026/index.html[22m [2m(+21ms)[22m 
[2m16:44:30[22m   [34m├─[39m [2m/syllabus/upsc-epfo-apply-online-2026-today-is-last-date-to-/index.html[22m [2m(+54ms)[22m 
[2m16:44:30[22m   [34m├─[39m [2m/syllabus/ssc-cpo-notification-2026-out-apply-online-starts--2026/index.html[22m [2m(+312ms)[22m 
[2m16:44:30[22m   [34m├─[39m [2m/syllabus/ssc-cpo-notification-2026-out-apply-online-starts-/index.html[22m [2m(+55ms)[22m 
[2m16:44:31[22m   [34m├─[39m [2m/syllabus/india-post-gds-tamil-nadu-vacancy-2026-check-categ-2026/index.html[22m [2m(+111ms)[22m 
[2m16:44:31[22m   [34m├─[39m [2m/syllabus/india-post-gds-tamil-nadu-vacancy-2026-check-categ/index.html[22m [2m(+69ms)[22m 
[2m16:44:31[22m   [34m├─[39m [2m/syllabus/tslprb-constable-recruitment-2026-apply-online-dat-2026/index.html[22m [2m(+145ms)[22m 
[2m16:44:31[22m   [34m├─[39m [2m/syllabus/tslprb-constable-recruitment-2026-apply-online-dat/index.html[22m [2m(+74ms)[22m 
[2m16:44:31[22m   [34m├─[39m [2m/syllabus/ssc-cpo-si-vacancy-2026-check-category-wise-vacanc-2026/index.html[22m [2m(+35ms)[22m 
[2m16:44:31[22m   [34m├─[39m [2m/syllabus/ssc-cpo-si-vacancy-2026-check-category-wise-vacanc/index.html[22m [2m(+75ms)[22m 
[2m16:44:31[22m   [34m├─[39m [2m/syllabus/ukpsc-recruitment-2026-notification-out-for-group--2026/index.html[22m [2m(+89ms)[22m 
[2m16:44:31[22m   [34m├─[39m [2m/syllabus/ukpsc-recruitment-2026-notification-out-for-group-/index.html[22m [2m(+118ms)[22m 
[2m16:44:31[22m   [34m├─[39m [2m/syllabus/maha-metro-recruitment-2026-job-opportunities-vaca-2026/index.html[22m [2m(+144ms)[22m 
[2m16:44:31[22m   [34m├─[39m [2m/syllabus/maha-metro-recruitment-2026-job-opportunities-vaca/index.html[22m [2m(+22ms)[22m 
[2m16:44:31[22m   [34m├─[39m [2m/syllabus/pgimer-nursing-officer-recruitment-2026-notificati-2026/index.html[22m [2m(+49ms)[22m 
[2m16:44:31[22m   [34m├─[39m [2m/syllabus/pgimer-nursing-officer-recruitment-2026-notificati/index.html[22m [2m(+45ms)[22m 
[2m16:44:31[22m   [34m├─[39m [2m/syllabus/kea-recruitment-2026-notification-out-for-4600-pos-2026/index.html[22m [2m(+88ms)[22m 
[2m16:44:32[22m   [34m├─[39m [2m/syllabus/kea-recruitment-2026-notification-out-for-4600-pos/index.html[22m [2m(+82ms)[22m 
[2m16:44:32[22m   [34m├─[39m [2m/syllabus/india-post-gds-uttar-pradesh-vacancy-2026-check-di-2026/index.html[22m [2m(+41ms)[22m 
[2m16:44:32[22m   [34m├─[39m [2m/syllabus/india-post-gds-uttar-pradesh-vacancy-2026-check-di/index.html[22m [2m(+25ms)[22m 
[2m16:44:32[22m   [34m├─[39m [2m/syllabus/rrb-paramedical-vacancy-2026-check-post-wise-zone--2026/index.html[22m [2m(+183ms)[22m 
[2m16:44:32[22m   [34m├─[39m [2m/syllabus/rrb-paramedical-vacancy-2026-check-post-wise-zone-/index.html[22m [2m(+49ms)[22m 
[2m16:44:32[22m   [34m├─[39m [2m/syllabus/mp-police-constable-notification-2026-released-for-2026/index.html[22m [2m(+94ms)[22m 
[2m16:44:32[22m   [34m├─[39m [2m/syllabus/mp-police-constable-notification-2026-released-for/index.html[22m [2m(+57ms)[22m 
[2m16:44:32[22m   [34m├─[39m [2m/syllabus/mp-police-si-vacancy-2026-apply-online-begins-for--2026/index.html[22m [2m(+95ms)[22m 
[2m16:44:32[22m   [34m├─[39m [2m/syllabus/mp-police-si-vacancy-2026-apply-online-begins-for-/index.html[22m [2m(+36ms)[22m 
[2m16:44:32[22m   [34m├─[39m [2m/syllabus/upsssc-livestock-extension-officer-recruitment-202-2026/index.html[22m [2m(+33ms)[22m 
[2m16:44:32[22m   [34m├─[39m [2m/syllabus/upsssc-livestock-extension-officer-recruitment-202/index.html[22m [2m(+183ms)[22m 
[2m16:44:32[22m   [34m├─[39m [2m/syllabus/ssc-nursing-officer-exam-date-2026-out-check-offic-2026/index.html[22m [2m(+36ms)[22m 
[2m16:44:32[22m   [34m├─[39m [2m/syllabus/ssc-nursing-officer-exam-date-2026-out-check-offic/index.html[22m [2m(+151ms)[22m 
[2m16:44:33[22m   [34m├─[39m [2m/syllabus/upessc-assistant-professor-recruitment-2026-notifi-2026/index.html[22m [2m(+43ms)[22m 
[2m16:44:33[22m   [34m├─[39m [2m/syllabus/upessc-assistant-professor-recruitment-2026-notifi/index.html[22m [2m(+24ms)[22m 
[2m16:44:33[22m   [34m├─[39m [2m/syllabus/sbi-recruitment-2026-ctc-up-to-97-lakh-2026/index.html[22m [2m(+79ms)[22m 
[2m16:44:33[22m   [34m├─[39m [2m/syllabus/sbi-recruitment-2026-ctc-up-to-97-lakh/index.html[22m [2m(+149ms)[22m 
[2m16:44:33[22m   [34m├─[39m [2m/syllabus/delhi-metro-new-vacancy-2026-10th-12th-pass-new-bh-2026/index.html[22m [2m(+121ms)[22m 
[2m16:44:33[22m   [34m├─[39m [2m/syllabus/delhi-metro-new-vacancy-2026-10th-12th-pass-new-bh/index.html[22m [2m(+91ms)[22m 
[2m16:44:33[22m   [34m├─[39m [2m/syllabus/ssc-chsl-vacancies-2026-check-post-wise-vacancy-de-2026/index.html[22m [2m(+151ms)[22m 
[2m16:44:33[22m   [34m├─[39m [2m/syllabus/ssc-chsl-vacancies-2026-check-post-wise-vacancy-de/index.html[22m [2m(+39ms)[22m 
[2m16:44:33[22m   [34m├─[39m [2m/syllabus/uiic-recruitment-2026-225-posts-salary-110-lakh-2026/index.html[22m [2m(+27ms)[22m 
[2m16:44:33[22m   [34m├─[39m [2m/syllabus/uiic-recruitment-2026-225-posts-salary-110-lakh/index.html[22m [2m(+54ms)[22m 
[2m16:44:33[22m   [34m├─[39m [2m/syllabus/uksssc-inter-level-group-c-recruitment-2026-notifi-2026/index.html[22m [2m(+19ms)[22m 
[2m16:44:33[22m   [34m├─[39m [2m/syllabus/uksssc-inter-level-group-c-recruitment-2026-notifi/index.html[22m [2m(+133ms)[22m 
[2m16:44:34[22m   [34m├─[39m [2m/syllabus/rrb-paramedical-recruitment-2026-apply-online-for--2026/index.html[22m [2m(+56ms)[22m 
[2m16:44:34[22m   [34m├─[39m [2m/syllabus/rrb-paramedical-recruitment-2026-apply-online-for-/index.html[22m [2m(+42ms)[22m 
[2m16:44:34[22m   [34m├─[39m [2m/syllabus/bob-lbo-recruitment-2026-last-date-extended-apply--2026/index.html[22m [2m(+186ms)[22m 
[2m16:44:34[22m   [34m├─[39m [2m/syllabus/bob-lbo-recruitment-2026-last-date-extended-apply-/index.html[22m [2m(+228ms)[22m 
[2m16:44:34[22m   [34m├─[39m [2m/syllabus/uksssc-pa-and-stenographer-recruitment-2026-notifi-2026/index.html[22m [2m(+102ms)[22m 
[2m16:44:34[22m   [34m├─[39m [2m/syllabus/uksssc-pa-and-stenographer-recruitment-2026-notifi/index.html[22m [2m(+27ms)[22m 
[2m16:44:34[22m   [34m├─[39m [2m/syllabus/sarkari-jobs-ssc-chsl-2026-application-begins-for--2026/index.html[22m [2m(+19ms)[22m 
[2m16:44:34[22m   [34m├─[39m [2m/syllabus/sarkari-jobs-ssc-chsl-2026-application-begins-for-/index.html[22m [2m(+48ms)[22m 
[2m16:44:34[22m   [34m├─[39m [2m/syllabus/gims-staff-nurse-recruitment-2026-notification-out-2026/index.html[22m [2m(+34ms)[22m 
[2m16:44:34[22m   [34m├─[39m [2m/syllabus/gims-staff-nurse-recruitment-2026-notification-out/index.html[22m [2m(+39ms)[22m 
[2m16:44:34[22m   [34m├─[39m [2m/syllabus/bpssc-bihar-home-guard-recruitment-2026-for-65-pos-2026/index.html[22m [2m(+315ms)[22m 
[2m16:44:35[22m   [34m├─[39m [2m/syllabus/bpssc-bihar-home-guard-recruitment-2026-for-65-pos/index.html[22m [2m(+30ms)[22m 
[2m16:44:35[22m   [34m├─[39m [2m/syllabus/ssc-chsl-notification-2026-out-for-2536-posts-appl-2026/index.html[22m [2m(+28ms)[22m 
[2m16:44:35[22m   [34m├─[39m [2m/syllabus/ssc-chsl-notification-2026-out-for-2536-posts-appl/index.html[22m [2m(+36ms)[22m 
[2m16:44:35[22m   [34m├─[39m [2m/syllabus/sbi-sco-recruitment-2026-out-apply-online-starts-f-2026/index.html[22m [2m(+25ms)[22m 
[2m16:44:35[22m   [34m├─[39m [2m/syllabus/sbi-sco-recruitment-2026-out-apply-online-starts-f/index.html[22m [2m(+157ms)[22m 
[2m16:44:35[22m   [34m├─[39m [2m/syllabus/ssc-chsl-2026-notification-released-for-2536-posts-2026/index.html[22m [2m(+318ms)[22m 
[2m16:44:35[22m   [34m├─[39m [2m/syllabus/ssc-chsl-2026-notification-released-for-2536-posts/index.html[22m [2m(+64ms)[22m 
[2m16:44:35[22m   [34m├─[39m [2m/syllabus/tnpsc-cts-recruitment-2026-apply-online-for-170-in-2026/index.html[22m [2m(+69ms)[22m 
[2m16:44:35[22m   [34m├─[39m [2m/syllabus/tnpsc-cts-recruitment-2026-apply-online-for-170-in/index.html[22m [2m(+87ms)[22m 
[2m16:44:35[22m   [34m├─[39m [2m/syllabus/upcisb-exam-date-2026-out-for-je-clerk-and-other-p-2026/index.html[22m [2m(+86ms)[22m 
[2m16:44:36[22m   [34m├─[39m [2m/syllabus/upcisb-exam-date-2026-out-for-je-clerk-and-other-p/index.html[22m [2m(+46ms)[22m 
[2m16:44:36[22m   [34m├─[39m [2m/syllabus/kfd-forest-watcher-recruitment-2026-apply-online-f-2026/index.html[22m [2m(+35ms)[22m 
[2m16:44:36[22m   [34m├─[39m [2m/syllabus/kfd-forest-watcher-recruitment-2026-apply-online-f/index.html[22m [2m(+66ms)[22m 
[2m16:44:36[22m   [34m├─[39m [2m/syllabus/kea-principal-recruitment-2026-apply-online-begins-2026/index.html[22m [2m(+220ms)[22m 
[2m16:44:36[22m   [34m├─[39m [2m/syllabus/kea-principal-recruitment-2026-apply-online-begins/index.html[22m [2m(+65ms)[22m 
[2m16:44:36[22m   [34m├─[39m [2m/syllabus/uicc-ao-notification-2026-released-for-225-adminis-2026/index.html[22m [2m(+47ms)[22m 
[2m16:44:36[22m   [34m├─[39m [2m/syllabus/uicc-ao-notification-2026-released-for-225-adminis/index.html[22m [2m(+64ms)[22m 
[2m16:44:36[22m   [34m├─[39m [2m/syllabus/government-jobs-2026-ibps-railway-vacancies-open-2026/index.html[22m [2m(+23ms)[22m 
[2m16:44:36[22m   [34m├─[39m [2m/syllabus/government-jobs-2026-ibps-railway-vacancies-open/index.html[22m [2m(+155ms)[22m 
[2m16:44:36[22m   [34m├─[39m [2m/syllabus/uiic-ao-recruitment-2026-notification-out-apply-on-2026/index.html[22m [2m(+191ms)[22m 
[2m16:44:36[22m   [34m├─[39m [2m/syllabus/uiic-ao-recruitment-2026-notification-out-apply-on/index.html[22m [2m(+30ms)[22m 
[2m16:44:37[22m   [34m├─[39m [2m/syllabus/psssb-clerk-recruitment-2026-apply-online-closing--2026/index.html[22m [2m(+27ms)[22m 
[2m16:44:37[22m   [34m├─[39m [2m/syllabus/psssb-clerk-recruitment-2026-apply-online-closing-/index.html[22m [2m(+21ms)[22m 
[2m16:44:37[22m   [34m├─[39m [2m/syllabus/upsc-combined-geo-scientist-recruitment-2026-27-ou-2026/index.html[22m [2m(+60ms)[22m 
[2m16:44:37[22m   [34m├─[39m [2m/syllabus/upsc-combined-geo-scientist-recruitment-2026-27-ou/index.html[22m [2m(+99ms)[22m 
[2m16:44:37[22m   [34m├─[39m [2m/syllabus/aai-recruitment-2026-application-closes-tomorrow-f-2026/index.html[22m [2m(+187ms)[22m 
[2m16:44:37[22m   [34m├─[39m [2m/syllabus/aai-recruitment-2026-application-closes-tomorrow-f/index.html[22m [2m(+65ms)[22m 
[2m16:44:37[22m   [34m├─[39m [2m/syllabus/neepco-recruitment-2027-out-apply-online-check-vac-2026/index.html[22m [2m(+77ms)[22m 
[2m16:44:37[22m   [34m├─[39m [2m/syllabus/neepco-recruitment-2027-out-apply-online-check-vac/index.html[22m [2m(+88ms)[22m 
[2m16:44:37[22m   [34m├─[39m [2m/syllabus/sbi-so-wealth-management-recruitment-2026-notifica-2026/index.html[22m [2m(+67ms)[22m 
[2m16:44:37[22m   [34m├─[39m [2m/syllabus/sbi-so-wealth-management-recruitment-2026-notifica/index.html[22m [2m(+212ms)[22m 
[2m16:44:37[22m   [34m├─[39m [2m/syllabus/delhi-high-court-senior-personal-assistant-persona-2026/index.html[22m [2m(+66ms)[22m 
[2m16:44:38[22m   [34m├─[39m [2m/syllabus/delhi-high-court-senior-personal-assistant-persona/index.html[22m [2m(+38ms)[22m 
[2m16:44:38[22m   [34m├─[39m [2m/syllabus/rfcl-recruitment-2026-applications-open-for-assist-2026/index.html[22m [2m(+35ms)[22m 
[2m16:44:38[22m   [34m├─[39m [2m/syllabus/rfcl-recruitment-2026-applications-open-for-assist/index.html[22m [2m(+64ms)[22m 
[2m16:44:38[22m   [34m├─[39m [2m/syllabus/nspcl-eet-recruitment-2026-apply-online-for-engine-2026/index.html[22m [2m(+41ms)[22m 
[2m16:44:38[22m   [34m├─[39m [2m/syllabus/nspcl-eet-recruitment-2026-apply-online-for-engine/index.html[22m [2m(+89ms)[22m 
[2m16:44:38[22m   [34m├─[39m [2m/syllabus/odisha-teacher-recruitment-2026-cm-majhi-announces-2026/index.html[22m [2m(+216ms)[22m 
[2m16:44:38[22m   [34m├─[39m [2m/syllabus/odisha-teacher-recruitment-2026-cm-majhi-announces/index.html[22m [2m(+38ms)[22m 
[2m16:44:38[22m   [34m├─[39m [2m/syllabus/bgssl-recruitment-2026-apply-online-for-2424-appre-2026/index.html[22m [2m(+60ms)[22m 
[2m16:44:38[22m   [34m├─[39m [2m/syllabus/bgssl-recruitment-2026-apply-online-for-2424-appre/index.html[22m [2m(+52ms)[22m 
[2m16:44:38[22m   [34m├─[39m [2m/syllabus/bpcl-exam-date-2026-out-154-technician-operator-po-2026/index.html[22m [2m(+18ms)[22m 
[2m16:44:38[22m   [34m├─[39m [2m/syllabus/bpcl-exam-date-2026-out-154-technician-operator-po/index.html[22m [2m(+20ms)[22m 
[2m16:44:38[22m   [34m├─[39m [2m/syllabus/delhi-high-court-recruitment-2026-notification-out-2026/index.html[22m [2m(+115ms)[22m 
[2m16:44:38[22m   [34m├─[39m [2m/syllabus/delhi-high-court-recruitment-2026-notification-out/index.html[22m [2m(+146ms)[22m 
[2m16:44:38[22m   [34m├─[39m [2m/syllabus/upsc-epfo-apfc-apply-online-2026-started-check-app-2026/index.html[22m [2m(+119ms)[22m 
[2m16:44:39[22m   [34m├─[39m [2m/syllabus/upsc-epfo-apfc-apply-online-2026-started-check-app/index.html[22m [2m(+37ms)[22m 
[2m16:44:39[22m   [34m├─[39m [2m/syllabus/ncl-driver-bharti-2026-total-form-kitne-bhare-1-la-2026/index.html[22m [2m(+97ms)[22m 
[2m16:44:39[22m   [34m├─[39m [2m/syllabus/ncl-driver-bharti-2026-total-form-kitne-bhare-1-la/index.html[22m [2m(+34ms)[22m 
[2m16:44:39[22m   [34m├─[39m [2m/syllabus/bgssl-recruitment-2026-notification-out-apply-onli-2026/index.html[22m [2m(+60ms)[22m 
[2m16:44:39[22m   [34m├─[39m [2m/syllabus/bgssl-recruitment-2026-notification-out-apply-onli/index.html[22m [2m(+23ms)[22m 
[2m16:44:39[22m   [34m├─[39m [2m/syllabus/ibps-clerk-2026-application-correction-window-star-2026/index.html[22m [2m(+145ms)[22m 
[2m16:44:39[22m   [34m├─[39m [2m/syllabus/ibps-clerk-2026-application-correction-window-star/index.html[22m [2m(+56ms)[22m 
[2m16:44:39[22m   [34m├─[39m [2m/syllabus/bihar-librarian-bharti-2026-5800-vacancies-out-app-2026/index.html[22m [2m(+94ms)[22m 
[2m16:44:39[22m   [34m├─[39m [2m/syllabus/bihar-librarian-bharti-2026-5800-vacancies-out-app/index.html[22m [2m(+222ms)[22m 
[2m16:44:39[22m   [34m├─[39m [2m/syllabus/pmbi-recruitment-2026-notification-out-apply-for-1-2026/index.html[22m [2m(+75ms)[22m 
[2m16:44:39[22m   [34m├─[39m [2m/syllabus/pmbi-recruitment-2026-notification-out-apply-for-1/index.html[22m [2m(+37ms)[22m 
[2m16:44:39[22m   [34m├─[39m [2m/syllabus/bob-so-recruitment-2026-notification-released-for--2026/index.html[22m [2m(+45ms)[22m 
[2m16:44:39[22m   [34m├─[39m [2m/syllabus/bob-so-recruitment-2026-notification-released-for-/index.html[22m [2m(+106ms)[22m 
[2m16:44:40[22m   [34m├─[39m [2m/syllabus/rrb-ntpc-vacancy-2026-out-railway-board-approves-5-2026/index.html[22m [2m(+151ms)[22m 
[2m16:44:40[22m   [34m├─[39m [2m/syllabus/rrb-ntpc-vacancy-2026-out-railway-board-approves-5/index.html[22m [2m(+31ms)[22m 
[2m16:44:40[22m   [34m├─[39m [2m/syllabus/kolkata-police-si-recruitment-2023-vacancy-revised-2026/index.html[22m [2m(+51ms)[22m 
[2m16:44:40[22m   [34m├─[39m [2m/syllabus/kolkata-police-si-recruitment-2023-vacancy-revised/index.html[22m [2m(+53ms)[22m 
[2m16:44:40[22m   [34m├─[39m [2m/syllabus/bank-of-baroda-so-recruitment-2026-1100-vacancies--2026/index.html[22m [2m(+149ms)[22m 
[2m16:44:40[22m   [34m├─[39m [2m/syllabus/bank-of-baroda-so-recruitment-2026-1100-vacancies-/index.html[22m [2m(+65ms)[22m 
[2m16:44:40[22m   [34m├─[39m [2m/syllabus/rcfl-apprentice-recruitment-2026-notification-out--2026/index.html[22m [2m(+150ms)[22m 
[2m16:44:40[22m   [34m├─[39m [2m/syllabus/rcfl-apprentice-recruitment-2026-notification-out-/index.html[22m [2m(+118ms)[22m 
[2m16:44:40[22m   [34m├─[39m [2m/syllabus/psssb-group-d-recruitment-2026-apply-online-last-d-2026/index.html[22m [2m(+133ms)[22m 
[2m16:44:40[22m   [34m├─[39m [2m/syllabus/psssb-group-d-recruitment-2026-apply-online-last-d/index.html[22m [2m(+80ms)[22m 
[2m16:44:41[22m   [34m├─[39m [2m/syllabus/appsc-cre-recruitment-2026-notification-our-for-15-2026/index.html[22m [2m(+36ms)[22m 
[2m16:44:41[22m   [34m├─[39m [2m/syllabus/appsc-cre-recruitment-2026-notification-our-for-15/index.html[22m [2m(+34ms)[22m 
[2m16:44:41[22m   [34m├─[39m [2m/syllabus/mecl-non-executive-recruitment-2026-notification-o-2026/index.html[22m [2m(+29ms)[22m 
[2m16:44:41[22m   [34m├─[39m [2m/syllabus/mecl-non-executive-recruitment-2026-notification-o/index.html[22m [2m(+55ms)[22m 
[2m16:44:41[22m   [34m├─[39m [2m/syllabus/upsc-combined-geo-scientist-recruitment-2027-notif-2026/index.html[22m [2m(+82ms)[22m 
[2m16:44:41[22m   [34m├─[39m [2m/syllabus/upsc-combined-geo-scientist-recruitment-2027-notif/index.html[22m [2m(+265ms)[22m 
[2m16:44:41[22m   [34m├─[39m [2m/syllabus/up-government-job-alert-2026-70000-upcoming-vacanc-2026/index.html[22m [2m(+28ms)[22m 
[2m16:44:41[22m   [34m├─[39m [2m/syllabus/up-government-job-alert-2026-70000-upcoming-vacanc/index.html[22m [2m(+84ms)[22m 
[2m16:44:41[22m   [34m├─[39m [2m/syllabus/pfrda-grade-a-notification-2026-out-for-30-posts-a-2026/index.html[22m [2m(+20ms)[22m 
[2m16:44:41[22m   [34m├─[39m [2m/syllabus/pfrda-grade-a-notification-2026-out-for-30-posts-a/index.html[22m [2m(+68ms)[22m 
[2m16:44:41[22m   [34m├─[39m [2m/syllabus/ssc-je-recruitment-2026-notification-out-apply-onl-2026/index.html[22m [2m(+126ms)[22m 
[2m16:44:41[22m   [34m├─[39m [2m/syllabus/ssc-je-recruitment-2026-notification-out-apply-onl/index.html[22m [2m(+22ms)[22m 
[2m16:44:41[22m   [34m├─[39m [2m/syllabus/iocl-recruitment-2026-apply-online-ends-today-for--2026/index.html[22m [2m(+30ms)[22m 
[2m16:44:41[22m   [34m├─[39m [2m/syllabus/iocl-recruitment-2026-apply-online-ends-today-for-/index.html[22m [2m(+167ms)[22m 
[2m16:44:42[22m   [34m├─[39m [2m/syllabus/iocl-recruitment-2026-apply-online-last-date-for-4-2026/index.html[22m [2m(+22ms)[22m 
[2m16:44:42[22m   [34m├─[39m [2m/syllabus/iocl-recruitment-2026-apply-online-last-date-for-4/index.html[22m [2m(+95ms)[22m 
[2m16:44:42[22m   [34m├─[39m [2m/syllabus/ssc-je-recruitment-2026-notification-released-for--2026/index.html[22m [2m(+82ms)[22m 
[2m16:44:42[22m   [34m├─[39m [2m/syllabus/ssc-je-recruitment-2026-notification-released-for-/index.html[22m [2m(+32ms)[22m 
[2m16:44:42[22m   [34m├─[39m [2m/syllabus/bpsc-tre-40-application-likely-from-september-21-f-2026/index.html[22m [2m(+119ms)[22m 
[2m16:44:42[22m   [34m├─[39m [2m/syllabus/bpsc-tre-40-application-likely-from-september-21-f/index.html[22m [2m(+34ms)[22m 
[2m16:44:42[22m   [34m├─[39m [2m/syllabus/mp-police-si-recruitment-2026-notification-out-for-2026/index.html[22m [2m(+111ms)[22m 
[2m16:44:42[22m   [34m├─[39m [2m/syllabus/mp-police-si-recruitment-2026-notification-out-for/index.html[22m [2m(+15ms)[22m 
[2m16:44:42[22m   [34m├─[39m [2m/syllabus/mp-police-si-recruitment-2026-notification-out-app-2026/index.html[22m [2m(+104ms)[22m 
[2m16:44:42[22m   [34m├─[39m [2m/syllabus/mp-police-si-recruitment-2026-notification-out-app/index.html[22m [2m(+25ms)[22m 
[2m16:44:42[22m   [34m├─[39m [2m/syllabus/iocl-recruitment-2026-last-date-tomorrow-apply-for-2026/index.html[22m [2m(+30ms)[22m 
[2m16:44:42[22m   [34m├─[39m [2m/syllabus/iocl-recruitment-2026-last-date-tomorrow-apply-for/index.html[22m [2m(+32ms)[22m 
[2m16:44:42[22m   [34m├─[39m [2m/syllabus/post-office-recruitment-2026-notification-applicat-2026/index.html[22m [2m(+95ms)[22m 
[2m16:44:42[22m   [34m├─[39m [2m/syllabus/post-office-recruitment-2026-notification-applicat/index.html[22m [2m(+230ms)[22m 
[2m16:44:43[22m   [34m├─[39m [2m/syllabus/jkssb-class-iv-recruitment-2026-notification-out-f-2026/index.html[22m [2m(+40ms)[22m 
[2m16:44:43[22m   [34m├─[39m [2m/syllabus/jkssb-class-iv-recruitment-2026-notification-out-f/index.html[22m [2m(+27ms)[22m 
[2m16:44:43[22m   [34m├─[39m [2m/syllabus/bihar-librarian-vacancy-2026-application-starts-fr-2026/index.html[22m [2m(+25ms)[22m 
[2m16:44:43[22m   [34m├─[39m [2m/syllabus/bihar-librarian-vacancy-2026-application-starts-fr/index.html[22m [2m(+45ms)[22m 
[2m16:44:43[22m   [34m├─[39m [2m/syllabus/bpsc-tre-40-recruitment-2026-apply-online-begins-f-2026/index.html[22m [2m(+22ms)[22m 
[2m16:44:43[22m   [34m├─[39m [2m/syllabus/bpsc-tre-40-recruitment-2026-apply-online-begins-f/index.html[22m [2m(+172ms)[22m 
[2m16:44:43[22m   [34m├─[39m [2m/syllabus/bpsc-tre-4-notification-and-apply-online-dates-202-2026/index.html[22m [2m(+103ms)[22m 
[2m16:44:43[22m   [34m├─[39m [2m/syllabus/bpsc-tre-4-notification-and-apply-online-dates-202/index.html[22m [2m(+29ms)[22m 
[2m16:44:43[22m   [34m├─[39m [2m/syllabus/karnataka-forest-department-recruitment-2026-out-f-2026/index.html[22m [2m(+176ms)[22m 
[2m16:44:43[22m   [34m├─[39m [2m/syllabus/karnataka-forest-department-recruitment-2026-out-f/index.html[22m [2m(+52ms)[22m 
[2m16:44:43[22m   [34m├─[39m [2m/syllabus/tnpsc-cts-recruitment-2026-notification-out-for-17-2026/index.html[22m [2m(+147ms)[22m 
[2m16:44:43[22m   [34m├─[39m [2m/syllabus/tnpsc-cts-recruitment-2026-notification-out-for-17/index.html[22m [2m(+53ms)[22m 
[2m16:44:44[22m   [34m├─[39m [2m/syllabus/bgssl-recruitment-2026-notification-out-apply-for--2026/index.html[22m [2m(+78ms)[22m 
[2m16:44:44[22m   [34m├─[39m [2m/syllabus/bgssl-recruitment-2026-notification-out-apply-for-/index.html[22m [2m(+36ms)[22m 
[2m16:44:44[22m   [34m├─[39m [2m/syllabus/ncl-driver-vacancy-2026-total-form-count-2023-vs-2-2026/index.html[22m [2m(+51ms)[22m 
[2m16:44:44[22m   [34m├─[39m [2m/syllabus/ncl-driver-vacancy-2026-total-form-count-2023-vs-2/index.html[22m [2m(+202ms)[22m 
[2m16:44:44[22m   [34m├─[39m [2m/syllabus/uksssc-inter-level-recruitment-2026-notification-o-2026/index.html[22m [2m(+62ms)[22m 
[2m16:44:44[22m   [34m├─[39m [2m/syllabus/uksssc-inter-level-recruitment-2026-notification-o/index.html[22m [2m(+118ms)[22m 
[2m16:44:44[22m   [34m├─[39m [2m/syllabus/ibps-rrb-crp-xv-recruitment-2026-notification-out--2026/index.html[22m [2m(+71ms)[22m 
[2m16:44:44[22m   [34m├─[39m [2m/syllabus/ibps-rrb-crp-xv-recruitment-2026-notification-out-/index.html[22m [2m(+75ms)[22m 
[2m16:44:44[22m   [34m├─[39m [2m/syllabus/nic-recruitment-2026-notification-out-apply-for-37-2026/index.html[22m [2m(+17ms)[22m 
[2m16:44:44[22m   [34m├─[39m [2m/syllabus/nic-recruitment-2026-notification-out-apply-for-37/index.html[22m [2m(+18ms)[22m 
[2m16:44:44[22m   [34m├─[39m [2m/syllabus/iocl-recruitment-2026-out-apply-online-for-470-exe-2026/index.html[22m [2m(+207ms)[22m 
[2m16:44:44[22m   [34m├─[39m [2m/syllabus/iocl-recruitment-2026-out-apply-online-for-470-exe/index.html[22m [2m(+46ms)[22m 
[2m16:44:45[22m   [34m├─[39m [2m/syllabus/rvunl-recruitment-2026-apply-online-last-date-toda-2026/index.html[22m [2m(+33ms)[22m 
[2m16:44:45[22m   [34m├─[39m [2m/syllabus/rvunl-recruitment-2026-apply-online-last-date-toda/index.html[22m [2m(+49ms)[22m 
[2m16:44:45[22m   [34m├─[39m [2m/syllabus/hudco-recruitment-2026-apply-for-various-manageria-2026/index.html[22m [2m(+19ms)[22m 
[2m16:44:45[22m   [34m├─[39m [2m/syllabus/hudco-recruitment-2026-apply-for-various-manageria/index.html[22m [2m(+48ms)[22m 
[2m16:44:45[22m   [34m├─[39m [2m/syllabus/maharashtra-government-approves-recruitment-of-501-2026/index.html[22m [2m(+15ms)[22m 
[2m16:44:45[22m   [34m├─[39m [2m/syllabus/maharashtra-government-approves-recruitment-of-501/index.html[22m [2m(+165ms)[22m 
[2m16:44:45[22m   [34m├─[39m [2m/syllabus/southern-railway-apprentice-recruitment-2026-notif-2026/index.html[22m [2m(+104ms)[22m 
[2m16:44:45[22m   [34m├─[39m [2m/syllabus/southern-railway-apprentice-recruitment-2026-notif/index.html[22m [2m(+199ms)[22m 
[2m16:44:45[22m   [34m├─[39m [2m/syllabus/india-post-gds-recruitment-2026-apply-online-for-2-2026/index.html[22m [2m(+37ms)[22m 
[2m16:44:45[22m   [34m├─[39m [2m/syllabus/india-post-gds-recruitment-2026-apply-online-for-2/index.html[22m [2m(+145ms)[22m 
[2m16:44:45[22m   [34m├─[39m [2m/syllabus/bpsc-tre-40-recruitment-2026-application-process-f-2026/index.html[22m [2m(+166ms)[22m 
[2m16:44:46[22m   [34m├─[39m [2m/syllabus/bpsc-tre-40-recruitment-2026-application-process-f/index.html[22m [2m(+101ms)[22m 
[2m16:44:46[22m   [34m├─[39m [2m/syllabus/bihar-tre-4-vacancy-2026-111-more-music-teacher-po-2026/index.html[22m [2m(+120ms)[22m 
[2m16:44:46[22m   [34m├─[39m [2m/syllabus/bihar-tre-4-vacancy-2026-111-more-music-teacher-po/index.html[22m [2m(+143ms)[22m 
[2m16:44:46[22m   [34m├─[39m [2m/syllabus/iocl-recruitment-2026-470-executive-posts-apply-on-2026/index.html[22m [2m(+258ms)[22m 
[2m16:44:46[22m   [34m├─[39m [2m/syllabus/iocl-recruitment-2026-470-executive-posts-apply-on/index.html[22m [2m(+236ms)[22m 
[2m16:44:47[22m   [34m├─[39m [2m/syllabus/india-post-gds-recruitment-2026-otr-starts-today-f-2026/index.html[22m [2m(+73ms)[22m 
[2m16:44:47[22m   [34m├─[39m [2m/syllabus/india-post-gds-recruitment-2026-otr-starts-today-f/index.html[22m [2m(+44ms)[22m 
[2m16:44:47[22m   [34m├─[39m [2m/syllabus/india-post-gds-vacancy-2026-check-state-wise-circl-2026/index.html[22m [2m(+35ms)[22m 
[2m16:44:47[22m   [34m├─[39m [2m/syllabus/india-post-gds-vacancy-2026-check-state-wise-circl/index.html[22m [2m(+210ms)[22m 
[2m16:44:47[22m   [34m├─[39m [2m/syllabus/bank-of-india-so-recruitment-2026-notification-out-2026/index.html[22m [2m(+479ms)[22m 
[2m16:44:47[22m   [34m├─[39m [2m/syllabus/bank-of-india-so-recruitment-2026-notification-out/index.html[22m [2m(+60ms)[22m 
[2m16:44:48[22m   [34m├─[39m [2m/syllabus/post-office-recruitment-2026-gds-new-vacancy-2026--2026/index.html[22m [2m(+68ms)[22m 
[2m16:44:48[22m   [34m├─[39m [2m/syllabus/post-office-recruitment-2026-gds-new-vacancy-2026-/index.html[22m [2m(+97ms)[22m 
[2m16:44:48[22m   [34m├─[39m [2m/syllabus/ibps-rrb-short-notice-2026-out-for-around-12000-va-2026/index.html[22m [2m(+44ms)[22m 
[2m16:44:48[22m   [34m├─[39m [2m/syllabus/ibps-rrb-short-notice-2026-out-for-around-12000-va/index.html[22m [2m(+25ms)[22m 
[2m16:44:48[22m   [34m├─[39m [2m/syllabus/haryana-teacher-recruitment-2026-1054-primary-teac-2026/index.html[22m [2m(+434ms)[22m 
[2m16:44:48[22m   [34m├─[39m [2m/syllabus/haryana-teacher-recruitment-2026-1054-primary-teac/index.html[22m [2m(+42ms)[22m 
[2m16:44:48[22m   [34m├─[39m [2m/syllabus/sbi-clerk-2026-last-date-to-apply-online-tomorrow--2026/index.html[22m [2m(+89ms)[22m 
[2m16:44:48[22m   [34m├─[39m [2m/syllabus/sbi-clerk-2026-last-date-to-apply-online-tomorrow-/index.html[22m [2m(+136ms)[22m 
[2m16:44:48[22m   [34m├─[39m [2m/syllabus/mpesb-sub-engineer-notification-2026-out-apply-onl-2026/index.html[22m [2m(+36ms)[22m 
[2m16:44:48[22m   [34m├─[39m [2m/syllabus/mpesb-sub-engineer-notification-2026-out-apply-onl/index.html[22m [2m(+59ms)[22m 
[2m16:44:49[22m   [34m├─[39m [2m/syllabus/mp-sub-engineer-recruitment-2026-notification-out--2026/index.html[22m [2m(+33ms)[22m 
[2m16:44:49[22m   [34m├─[39m [2m/syllabus/mp-sub-engineer-recruitment-2026-notification-out-/index.html[22m [2m(+285ms)[22m 
[2m16:44:49[22m   [34m├─[39m [2m/syllabus/indian-overseas-bank-so-recruitment-2026-notificat-2026/index.html[22m [2m(+136ms)[22m 
[2m16:44:49[22m   [34m├─[39m [2m/syllabus/indian-overseas-bank-so-recruitment-2026-notificat/index.html[22m [2m(+216ms)[22m 
[2m16:44:49[22m   [34m├─[39m [2m/syllabus/jkssb-recruitment-2026-apply-online-for-357-drafts-2026/index.html[22m [2m(+59ms)[22m 
[2m16:44:49[22m   [34m├─[39m [2m/syllabus/jkssb-recruitment-2026-apply-online-for-357-drafts/index.html[22m [2m(+43ms)[22m 
[2m16:44:49[22m   [34m├─[39m [2m/syllabus/bihar-tre-40-111-more-music-teacher-posts-added-af-2026/index.html[22m [2m(+176ms)[22m 
[2m16:44:50[22m   [34m├─[39m [2m/syllabus/bihar-tre-40-111-more-music-teacher-posts-added-af/index.html[22m [2m(+66ms)[22m 
[2m16:44:50[22m   [34m├─[39m [2m/syllabus/army-aoc-group-c-recruitment-2026-apply-online-for-2026/index.html[22m [2m(+170ms)[22m 
[2m16:44:50[22m   [34m├─[39m [2m/syllabus/army-aoc-group-c-recruitment-2026-apply-online-for/index.html[22m [2m(+108ms)[22m 
[2m16:44:50[22m   [34m├─[39m [2m/syllabus/1338-delhi-teacher-vacancy-2026-sanctioned-check-s-2026/index.html[22m [2m(+57ms)[22m 
[2m16:44:50[22m   [34m├─[39m [2m/syllabus/1338-delhi-teacher-vacancy-2026-sanctioned-check-s/index.html[22m [2m(+60ms)[22m 
[2m16:44:50[22m   [34m├─[39m [2m/syllabus/wbpsc-icds-recruitment-2026-notification-out-soon--2026/index.html[22m [2m(+77ms)[22m 
[2m16:44:50[22m   [34m├─[39m [2m/syllabus/wbpsc-icds-recruitment-2026-notification-out-soon-/index.html[22m [2m(+149ms)[22m 
[2m16:44:50[22m   [34m├─[39m [2m/syllabus/ibps-so-2026-exam-tomorrow-check-exam-day-guidelin-2026/index.html[22m [2m(+215ms)[22m 
[2m16:44:50[22m   [34m├─[39m [2m/syllabus/ibps-so-2026-exam-tomorrow-check-exam-day-guidelin/index.html[22m [2m(+85ms)[22m 
[2m16:44:50[22m   [34m├─[39m [2m/syllabus/osssc-radiographer-recruitment-2026-notification-o-2026/index.html[22m [2m(+143ms)[22m 
[2m16:44:51[22m   [34m├─[39m [2m/syllabus/osssc-radiographer-recruitment-2026-notification-o/index.html[22m [2m(+253ms)[22m 
[2m16:44:51[22m   [34m├─[39m [2m/syllabus/ibps-clerk-2026-last-date-to-apply-online-today-at-2026/index.html[22m [2m(+97ms)[22m 
[2m16:44:51[22m   [34m├─[39m [2m/syllabus/ibps-clerk-2026-last-date-to-apply-online-today-at/index.html[22m [2m(+55ms)[22m 
[2m16:44:51[22m   [34m├─[39m [2m/syllabus/army-aoc-group-c-recruitment-2026-notification-out-2026/index.html[22m [2m(+34ms)[22m 
[2m16:44:51[22m   [34m├─[39m [2m/syllabus/army-aoc-group-c-recruitment-2026-notification-out/index.html[22m [2m(+193ms)[22m 
[2m16:44:51[22m   [34m├─[39m [2m/syllabus/india-post-gds-apply-online-2026-starts-on-31-aug--2026/index.html[22m [2m(+58ms)[22m 
[2m16:44:51[22m   [34m├─[39m [2m/syllabus/india-post-gds-apply-online-2026-starts-on-31-aug-/index.html[22m [2m(+181ms)[22m 
[2m16:44:52[22m   [34m├─[39m [2m/syllabus/sbi-clerk-vacancy-2026-check-state-wise-and-catego-2026/index.html[22m [2m(+93ms)[22m 
[2m16:44:52[22m   [34m├─[39m [2m/syllabus/sbi-clerk-vacancy-2026-check-state-wise-and-catego/index.html[22m [2m(+138ms)[22m 
[2m16:44:52[22m   [34m├─[39m [2m/syllabus/punjab-lecturer-cadre-recruitment-2026-for-1013-po-2026/index.html[22m [2m(+93ms)[22m 
[2m16:44:52[22m   [34m├─[39m [2m/syllabus/punjab-lecturer-cadre-recruitment-2026-for-1013-po/index.html[22m [2m(+176ms)[22m 
[2m16:44:52[22m   [34m├─[39m [2m/syllabus/punjab-pti-teacher-recruitment-2026-apply-online-f-2026/index.html[22m [2m(+23ms)[22m 
[2m16:44:52[22m   [34m├─[39m [2m/syllabus/punjab-pti-teacher-recruitment-2026-apply-online-f/index.html[22m [2m(+20ms)[22m 
[2m16:44:52[22m   [34m├─[39m [2m/syllabus/isro-scientist-recruitment-2026-notification-out-a-2026/index.html[22m [2m(+123ms)[22m 
[2m16:44:52[22m   [34m├─[39m [2m/syllabus/isro-scientist-recruitment-2026-notification-out-a/index.html[22m [2m(+114ms)[22m 
[2m16:44:52[22m   [34m├─[39m [2m/syllabus/iocl-recruitment-2026-470-executive-posts-eligibil-2026/index.html[22m [2m(+202ms)[22m 
[2m16:44:52[22m   [34m├─[39m [2m/syllabus/iocl-recruitment-2026-470-executive-posts-eligibil/index.html[22m [2m(+117ms)[22m 
[2m16:44:53[22m   [34m├─[39m [2m/syllabus/msebhcl-recruitment-2026-notification-out-apply-on-2026/index.html[22m [2m(+58ms)[22m 
[2m16:44:53[22m   [34m├─[39m [2m/syllabus/msebhcl-recruitment-2026-notification-out-apply-on/index.html[22m [2m(+109ms)[22m 
[2m16:44:53[22m   [34m├─[39m [2m/syllabus/nfc-recruitment-2026-notification-out-for-432-appr-2026/index.html[22m [2m(+226ms)[22m 
[2m16:44:53[22m   [34m├─[39m [2m/syllabus/nfc-recruitment-2026-notification-out-for-432-appr/index.html[22m [2m(+22ms)[22m 
[2m16:44:53[22m   [34m├─[39m [2m/syllabus/sbi-clerk-junior-associate-recruitment-2026-apply--2026/index.html[22m [2m(+68ms)[22m 
[2m16:44:53[22m   [34m├─[39m [2m/syllabus/sbi-clerk-junior-associate-recruitment-2026-apply-/index.html[22m [2m(+298ms)[22m 
[2m16:44:53[22m   [34m├─[39m [2m/syllabus/india-post-gds-recruitment-2026-notification-out-f-2026/index.html[22m [2m(+311ms)[22m 
[2m16:44:54[22m   [34m├─[39m [2m/syllabus/india-post-gds-recruitment-2026-notification-out-f/index.html[22m [2m(+107ms)[22m 
[2m16:44:54[22m   [34m├─[39m [2m/syllabus/india-post-gds-recruitment-2026-notification-out-a-2026/index.html[22m [2m(+65ms)[22m 
[2m16:44:54[22m   [34m├─[39m [2m/syllabus/india-post-gds-recruitment-2026-notification-out-a/index.html[22m [2m(+142ms)[22m 
[2m16:44:54[22m   [34m├─[39m [2m/syllabus/hprca-assistant-staff-nurse-recruitment-2026-vacan-2026/index.html[22m [2m(+57ms)[22m 
[2m16:44:54[22m   [34m├─[39m [2m/syllabus/hprca-assistant-staff-nurse-recruitment-2026-vacan/index.html[22m [2m(+153ms)[22m 
[2m16:44:54[22m   [34m├─[39m [2m/syllabus/aoc-recruitment-2026-notification-out-for-2615-pos-2026/index.html[22m [2m(+158ms)[22m 
[2m16:44:54[22m   [34m├─[39m [2m/syllabus/aoc-recruitment-2026-notification-out-for-2615-pos/index.html[22m [2m(+24ms)[22m 
[2m16:44:54[22m   [34m├─[39m [2m/syllabus/tnpsc-group-2-recruitment-2026-apply-online-for-82-2026/index.html[22m [2m(+35ms)[22m 
[2m16:44:54[22m   [34m├─[39m [2m/syllabus/tnpsc-group-2-recruitment-2026-apply-online-for-82/index.html[22m [2m(+133ms)[22m 
[2m16:44:55[22m   [34m├─[39m [2m/syllabus/upsssc-excise-constable-exam-date-2026-out-check-o-2026/index.html[22m [2m(+167ms)[22m 
[2m16:44:55[22m   [34m├─[39m [2m/syllabus/upsssc-excise-constable-exam-date-2026-out-check-o/index.html[22m [2m(+363ms)[22m 
[2m16:44:55[22m   [34m├─[39m [2m/syllabus/hppsc-hpas-recruitment-2026-apply-online-for-bdo-t-2026/index.html[22m [2m(+83ms)[22m 
[2m16:44:55[22m   [34m├─[39m [2m/syllabus/hppsc-hpas-recruitment-2026-apply-online-for-bdo-t/index.html[22m [2m(+48ms)[22m 
[2m16:44:55[22m   [34m├─[39m [2m/syllabus/sbc-visakhapatnam-group-c-recruitment-2026-apply-o-2026/index.html[22m [2m(+35ms)[22m 
[2m16:44:55[22m   [34m├─[39m [2m/syllabus/sbc-visakhapatnam-group-c-recruitment-2026-apply-o/index.html[22m [2m(+143ms)[22m 
[2m16:44:55[22m   [34m├─[39m [2m/syllabus/dsssb-aso-exam-date-2026-out-check-official-exam-n-2026/index.html[22m [2m(+76ms)[22m 
[2m16:44:55[22m   [34m├─[39m [2m/syllabus/dsssb-aso-exam-date-2026-out-check-official-exam-n/index.html[22m [2m(+362ms)[22m 
[2m16:44:56[22m   [34m├─[39m [2m/syllabus/rvunl-je-recruitment-2026-last-date-extended-apply-2026/index.html[22m [2m(+188ms)[22m 
[2m16:44:56[22m   [34m├─[39m [2m/syllabus/rvunl-je-recruitment-2026-last-date-extended-apply/index.html[22m [2m(+81ms)[22m 
[2m16:44:56[22m   [34m├─[39m [2m/syllabus/upsc-epfo-apfc-notification-2026-out-for-80-posts--2026/index.html[22m [2m(+97ms)[22m 
[2m16:44:56[22m   [34m├─[39m [2m/syllabus/upsc-epfo-apfc-notification-2026-out-for-80-posts-/index.html[22m [2m(+205ms)[22m 
[2m16:44:56[22m   [34m├─[39m [2m/syllabus/dsssb-aso-recruitment-2026-exam-date-out-for-941-p-2026/index.html[22m [2m(+445ms)[22m 
[2m16:44:57[22m   [34m├─[39m [2m/syllabus/dsssb-aso-recruitment-2026-exam-date-out-for-941-p/index.html[22m [2m(+138ms)[22m 
[2m16:44:57[22m   [34m├─[39m [2m/syllabus/ada-recruitment-2026-notification-out-for-111-proj-2026/index.html[22m [2m(+96ms)[22m 
[2m16:44:57[22m   [34m├─[39m [2m/syllabus/ada-recruitment-2026-notification-out-for-111-proj/index.html[22m [2m(+84ms)[22m 
[2m16:44:57[22m   [34m├─[39m [2m/syllabus/psssb-group-d-recruitment-2026-apply-online-reopen-2026/index.html[22m [2m(+69ms)[22m 
[2m16:44:57[22m   [34m├─[39m [2m/syllabus/psssb-group-d-recruitment-2026-apply-online-reopen/index.html[22m [2m(+67ms)[22m 
[2m16:44:57[22m   [34m├─[39m [2m/syllabus/psssb-clerk-recruitment-2026-apply-online-reopens--2026/index.html[22m [2m(+90ms)[22m 
[2m16:44:57[22m   [34m├─[39m [2m/syllabus/psssb-clerk-recruitment-2026-apply-online-reopens-/index.html[22m [2m(+339ms)[22m 
[2m16:44:58[22m   [34m├─[39m [2m/syllabus/bpsc-tre-4-notification-2026-out-for-32388-vacanci-2026/index.html[22m [2m(+149ms)[22m 
[2m16:44:58[22m   [34m├─[39m [2m/syllabus/bpsc-tre-4-notification-2026-out-for-32388-vacanci/index.html[22m [2m(+45ms)[22m 
[2m16:44:58[22m   [34m├─[39m [2m/syllabus/india-post-gds-recruitment-2026-notification-soon--2026/index.html[22m [2m(+116ms)[22m 
[2m16:44:58[22m   [34m├─[39m [2m/syllabus/india-post-gds-recruitment-2026-notification-soon-/index.html[22m [2m(+250ms)[22m 
[2m16:44:58[22m   [34m├─[39m [2m/syllabus/uppsc-food-safety-officer-exam-date-2026-soon-chec-2026/index.html[22m [2m(+31ms)[22m 
[2m16:44:58[22m   [34m├─[39m [2m/syllabus/uppsc-food-safety-officer-exam-date-2026-soon-chec/index.html[22m [2m(+71ms)[22m 
[2m16:44:58[22m   [34m├─[39m [2m/syllabus/jal-vibhag-bharti-2026-notification-out-for-80469--2026/index.html[22m [2m(+36ms)[22m 
[2m16:44:58[22m   [34m├─[39m [2m/syllabus/jal-vibhag-bharti-2026-notification-out-for-80469-/index.html[22m [2m(+70ms)[22m 
[2m16:44:59[22m   [34m├─[39m [2m/syllabus/sbi-clerk/index.html[22m [2m(+52ms)[22m 
[2m16:44:59[22m   [34m├─[39m [2m/syllabus/ibps-clerk-16th-2026/index.html[22m [2m(+99ms)[22m 
[2m16:44:59[22m   [34m├─[39m [2m/syllabus/ibps-clerk-16th/index.html[22m [2m(+128ms)[22m 
[2m16:44:59[22m   [34m├─[39m [2m/syllabus/rssb-je-2026/index.html[22m [2m(+57ms)[22m 
[2m16:44:59[22m   [34m├─[39m [2m/syllabus/rssb-je/index.html[22m [2m(+88ms)[22m 
[2m16:44:59[22m   [34m├─[39m [2m/syllabus/rvunl-2026/index.html[22m [2m(+38ms)[22m 
[2m16:44:59[22m   [34m├─[39m [2m/syllabus/rvunl/index.html[22m [2m(+24ms)[22m 
[2m16:44:59[22m   [34m├─[39m [2m/syllabus/upsc-epfo-2026/index.html[22m [2m(+89ms)[22m 
[2m16:44:59[22m   [34m├─[39m [2m/syllabus/upsc-epfo/index.html[22m [2m(+124ms)[22m 
[2m16:44:59[22m   [34m├─[39m [2m/syllabus/rrb-je/index.html[22m [2m(+135ms)[22m 
[2m16:44:59[22m   [34m├─[39m [2m/syllabus/bpsc-tre-4-2026/index.html[22m [2m(+119ms)[22m 
[2m16:44:59[22m   [34m├─[39m [2m/syllabus/bpsc-tre-4/index.html[22m [2m(+24ms)[22m 
[2m16:45:00[22m   [34m├─[39m [2m/syllabus/raj-safai-2026/index.html[22m [2m(+73ms)[22m 
[2m16:45:00[22m   [34m├─[39m [2m/syllabus/raj-safai/index.html[22m [2m(+52ms)[22m 
[2m16:45:00[22m   [34m├─[39m [2m/syllabus/upsssc-pet-2026/index.html[22m [2m(+49ms)[22m 
[2m16:45:00[22m   [34m├─[39m [2m/syllabus/upsssc-pet/index.html[22m [2m(+24ms)[22m 
[2m16:45:00[22m   [34m├─[39m [2m/syllabus/bob-lbo-2026/index.html[22m [2m(+157ms)[22m 
[2m16:45:00[22m   [34m├─[39m [2m/syllabus/bob-lbo/index.html[22m [2m(+17ms)[22m 
[2m16:45:00[22m   [34m├─[39m [2m/syllabus/iocl-executive-2026/index.html[22m [2m(+16ms)[22m 
[2m16:45:00[22m   [34m├─[39m [2m/syllabus/iocl-executive/index.html[22m [2m(+102ms)[22m 
[2m16:45:00[22m   [34m├─[39m [2m/syllabus/mpesb-group2-2026/index.html[22m [2m(+202ms)[22m 
[2m16:45:00[22m   [34m├─[39m [2m/syllabus/mpesb-group2/index.html[22m [2m(+79ms)[22m 
[2m16:45:00[22m   [34m├─[39m [2m/syllabus/navy-agniveer-2026/index.html[22m [2m(+27ms)[22m 
[2m16:45:00[22m   [34m├─[39m [2m/syllabus/navy-agniveer/index.html[22m [2m(+15ms)[22m 
[2m16:45:00[22m   [34m├─[39m [2m/syllabus/rssb-computer-instructor-2026/index.html[22m [2m(+12ms)[22m 
[2m16:45:00[22m   [34m├─[39m [2m/syllabus/rssb-computer-instructor/index.html[22m [2m(+14ms)[22m 
[2m16:45:00[22m   [34m├─[39m [2m/syllabus/up-anganwadi-2026/index.html[22m [2m(+19ms)[22m 
[2m16:45:00[22m   [34m├─[39m [2m/syllabus/up-anganwadi/index.html[22m [2m(+29ms)[22m 
[2m16:45:00[22m   [34m├─[39m [2m/syllabus/bpsc-tre-4-0-2026/index.html[22m [2m(+34ms)[22m 
[2m16:45:00[22m   [34m├─[39m [2m/syllabus/bpsc-tre-4-0/index.html[22m [2m(+32ms)[22m 
[2m16:45:00[22m   [34m├─[39m [2m/syllabus/coal-india-mt-2026/index.html[22m [2m(+442ms)[22m 
[2m16:45:01[22m   [34m├─[39m [2m/syllabus/coal-india-mt/index.html[22m [2m(+15ms)[22m 
[2m16:45:01[22m   [34m├─[39m [2m/syllabus/isro-lpsc-2026/index.html[22m [2m(+29ms)[22m 
[2m16:45:01[22m   [34m├─[39m [2m/syllabus/isro-lpsc/index.html[22m [2m(+87ms)[22m 
[2m16:45:01[22m   [34m├─[39m [2m/syllabus/raj-safai-karmi-2026/index.html[22m [2m(+34ms)[22m 
[2m16:45:01[22m   [34m├─[39m [2m/syllabus/raj-safai-karmi/index.html[22m [2m(+228ms)[22m 
[2m16:45:01[22m   [34m├─[39m [2m/syllabus/upsssc-leo-2026/index.html[22m [2m(+44ms)[22m 
[2m16:45:01[22m   [34m├─[39m [2m/syllabus/upsssc-leo/index.html[22m [2m(+19ms)[22m 
[2m16:45:01[22m   [34m├─[39m [2m/syllabus/sbi-po/index.html[22m [2m(+22ms)[22m 
[2m16:45:01[22m   [34m├─[39m [2m/syllabus/ibps-po-xvii-2026/index.html[22m [2m(+31ms)[22m 
[2m16:45:01[22m   [34m├─[39m [2m/syllabus/ibps-po-xvii/index.html[22m [2m(+210ms)[22m 
[2m16:45:02[22m   [34m├─[39m [2m/syllabus/bob-lbo-sep-2026/index.html[22m [2m(+17ms)[22m 
[2m16:45:02[22m   [34m├─[39m [2m/syllabus/bob-lbo-sep/index.html[22m [2m(+27ms)[22m 
[2m16:45:02[22m   [34m├─[39m [2m/syllabus/rbi-assistant-2026/index.html[22m [2m(+62ms)[22m 
[2m16:45:02[22m   [34m├─[39m [2m/syllabus/rbi-assistant/index.html[22m [2m(+82ms)[22m 
[2m16:45:02[22m   [34m├─[39m [2m/syllabus/nabard-grade-a/index.html[22m [2m(+34ms)[22m 
[2m16:45:02[22m   [34m├─[39m [2m/syllabus/sidbi-grade-a-2026/index.html[22m [2m(+104ms)[22m 
[2m16:45:02[22m   [34m├─[39m [2m/syllabus/sidbi-grade-a/index.html[22m [2m(+197ms)[22m 
[2m16:45:02[22m   [34m├─[39m [2m/syllabus/rrb-alp-cen-01-2026/index.html[22m [2m(+59ms)[22m 
[2m16:45:02[22m   [34m├─[39m [2m/syllabus/rrb-alp-cen-01/index.html[22m [2m(+41ms)[22m 
[2m16:45:02[22m   [34m├─[39m [2m/syllabus/rrb-technician-2026/index.html[22m [2m(+35ms)[22m 
[2m16:45:02[22m   [34m├─[39m [2m/syllabus/rrb-technician/index.html[22m [2m(+167ms)[22m 
[2m16:45:02[22m   [34m├─[39m [2m/syllabus/rrb-ntpc-ug-2026/index.html[22m [2m(+33ms)[22m 
[2m16:45:02[22m   [34m├─[39m [2m/syllabus/rrb-ntpc-ug/index.html[22m [2m(+248ms)[22m 
[2m16:45:03[22m   [34m├─[39m [2m/syllabus/indian-railways-apprentices-2026/index.html[22m [2m(+163ms)[22m 
[2m16:45:03[22m   [34m├─[39m [2m/syllabus/indian-railways-apprentices/index.html[22m [2m(+87ms)[22m 
[2m16:45:03[22m   [34m├─[39m [2m/syllabus/ssc-cpo/index.html[22m [2m(+111ms)[22m 
[2m16:45:03[22m   [34m├─[39m [2m/syllabus/ssc-stenographer/index.html[22m [2m(+35ms)[22m 
[2m16:45:03[22m   [34m├─[39m [2m/syllabus/ssc-gd-constable-2026/index.html[22m [2m(+14ms)[22m 
[2m16:45:03[22m   [34m├─[39m [2m/syllabus/ssc-gd-constable/index.html[22m [2m(+18ms)[22m 
[2m16:45:03[22m   [34m├─[39m [2m/syllabus/upsc-civil-services-2026/index.html[22m [2m(+17ms)[22m 
[2m16:45:03[22m   [34m├─[39m [2m/syllabus/upsc-civil-services/index.html[22m [2m(+59ms)[22m 
[2m16:45:03[22m   [34m├─[39m [2m/syllabus/upsc-ies-2026/index.html[22m [2m(+36ms)[22m 
[2m16:45:03[22m   [34m├─[39m [2m/syllabus/upsc-ies/index.html[22m [2m(+20ms)[22m 
[2m16:45:03[22m   [34m├─[39m [2m/syllabus/delhi-police-constable/index.html[22m [2m(+398ms)[22m 
[2m16:45:04[22m   [34m├─[39m [2m/syllabus/crpf-asi-hc-2026/index.html[22m [2m(+116ms)[22m 
[2m16:45:04[22m   [34m├─[39m [2m/syllabus/crpf-asi-hc/index.html[22m [2m(+40ms)[22m 
[2m16:45:04[22m   [34m├─[39m [2m/syllabus/bsf-head-constable-2026/index.html[22m [2m(+46ms)[22m 
[2m16:45:04[22m   [34m├─[39m [2m/syllabus/bsf-head-constable/index.html[22m [2m(+20ms)[22m 
[2m16:45:04[22m   [34m├─[39m [2m/syllabus/army-agniveer-2026/index.html[22m [2m(+99ms)[22m 
[2m16:45:04[22m   [34m├─[39m [2m/syllabus/army-agniveer/index.html[22m [2m(+50ms)[22m 
[2m16:45:04[22m   [34m├─[39m [2m/syllabus/iaf-agniveer-vayu-2026/index.html[22m [2m(+116ms)[22m 
[2m16:45:04[22m   [34m├─[39m [2m/syllabus/iaf-agniveer-vayu/index.html[22m [2m(+35ms)[22m 
[2m16:45:04[22m   [34m├─[39m [2m/syllabus/navy-ssr-aa-2026/index.html[22m [2m(+33ms)[22m 
[2m16:45:04[22m   [34m├─[39m [2m/syllabus/navy-ssr-aa/index.html[22m [2m(+146ms)[22m 
[2m16:45:04[22m   [34m├─[39m [2m/syllabus/raj-police-constable-2026/index.html[22m [2m(+113ms)[22m 
[2m16:45:04[22m   [34m├─[39m [2m/syllabus/raj-police-constable/index.html[22m [2m(+121ms)[22m 
[2m16:45:05[22m   [34m├─[39m [2m/syllabus/rajasthan-si-2026/index.html[22m [2m(+33ms)[22m 
[2m16:45:05[22m   [34m├─[39m [2m/syllabus/rajasthan-si/index.html[22m [2m(+52ms)[22m 
[2m16:45:05[22m   [34m├─[39m [2m/syllabus/reet-level-1-2-2026/index.html[22m [2m(+54ms)[22m 
[2m16:45:05[22m   [34m├─[39m [2m/syllabus/reet-level-1-2/index.html[22m [2m(+73ms)[22m 
[2m16:45:05[22m   [34m├─[39m [2m/syllabus/rssb-pharmacist-2026/index.html[22m [2m(+77ms)[22m 
[2m16:45:05[22m   [34m├─[39m [2m/syllabus/rssb-pharmacist/index.html[22m [2m(+156ms)[22m 
[2m16:45:05[22m   [34m├─[39m [2m/syllabus/rssb-lab-assistant-2026/index.html[22m [2m(+24ms)[22m 
[2m16:45:05[22m   [34m├─[39m [2m/syllabus/rssb-lab-assistant/index.html[22m [2m(+17ms)[22m 
[2m16:45:05[22m   [34m├─[39m [2m/syllabus/up-pcs-2026/index.html[22m [2m(+16ms)[22m 
[2m16:45:05[22m   [34m├─[39m [2m/syllabus/up-pcs/index.html[22m [2m(+214ms)[22m 
[2m16:45:05[22m   [34m├─[39m [2m/syllabus/bpsc-73rd-2026/index.html[22m [2m(+98ms)[22m 
[2m16:45:05[22m   [34m├─[39m [2m/syllabus/bpsc-73rd/index.html[22m [2m(+120ms)[22m 
[2m16:45:06[22m   [34m├─[39m [2m/syllabus/mpsc-group-b-2026/index.html[22m [2m(+34ms)[22m 
[2m16:45:06[22m   [34m├─[39m [2m/syllabus/mpsc-group-b/index.html[22m [2m(+31ms)[22m 
[2m16:45:06[22m   [34m├─[39m [2m/syllabus/wbpsc-clerk-2026/index.html[22m [2m(+49ms)[22m 
[2m16:45:06[22m   [34m├─[39m [2m/syllabus/wbpsc-clerk/index.html[22m [2m(+32ms)[22m 
[2m16:45:06[22m   [34m├─[39m [2m/syllabus/hpsc-hcs-2026/index.html[22m [2m(+35ms)[22m 
[2m16:45:06[22m   [34m├─[39m [2m/syllabus/hpsc-hcs/index.html[22m [2m(+71ms)[22m 
[2m16:45:06[22m   [34m├─[39m [2m/syllabus/ongc-aee-2026/index.html[22m [2m(+82ms)[22m 
[2m16:45:06[22m   [34m├─[39m [2m/syllabus/ongc-aee/index.html[22m [2m(+82ms)[22m 
[2m16:45:06[22m   [34m├─[39m [2m/syllabus/gail-executive-trainee-2026/index.html[22m [2m(+31ms)[22m 
[2m16:45:06[22m   [34m├─[39m [2m/syllabus/gail-executive-trainee/index.html[22m [2m(+19ms)[22m 
[2m16:45:06[22m   [34m├─[39m [2m/syllabus/nlc-india-gt-2026/index.html[22m [2m(+54ms)[22m 
[2m16:45:06[22m   [34m├─[39m [2m/syllabus/nlc-india-gt/index.html[22m [2m(+100ms)[22m 
[2m16:45:06[22m   [34m├─[39m [2m/syllabus/bhel-engineer-trainee-2026/index.html[22m [2m(+14ms)[22m 
[2m16:45:06[22m   [34m├─[39m [2m/syllabus/bhel-engineer-trainee/index.html[22m [2m(+24ms)[22m 
[2m16:45:06[22m   [34m├─[39m [2m/syllabus/canara-bank-po-2026/index.html[22m [2m(+72ms)[22m 
[2m16:45:06[22m   [34m├─[39m [2m/syllabus/canara-bank-po/index.html[22m [2m(+37ms)[22m 
[2m16:45:06[22m   [34m├─[39m [2m/syllabus/pnb-clerk-2026/index.html[22m [2m(+101ms)[22m 
[2m16:45:06[22m   [34m├─[39m [2m/syllabus/pnb-clerk/index.html[22m [2m(+52ms)[22m 
[2m16:45:07[22m   [34m├─[39m [2m/syllabus/bank-of-india-po-2026/index.html[22m [2m(+98ms)[22m 
[2m16:45:07[22m   [34m├─[39m [2m/syllabus/bank-of-india-po/index.html[22m [2m(+29ms)[22m 
[2m16:45:07[22m   [34m├─[39m [2m/syllabus/union-bank-clerk-2026/index.html[22m [2m(+191ms)[22m 
[2m16:45:07[22m   [34m├─[39m [2m/syllabus/union-bank-clerk/index.html[22m [2m(+14ms)[22m 
[2m16:45:07[22m   [34m├─[39m [2m/syllabus/idbi-bank-executive-2026/index.html[22m [2m(+18ms)[22m 
[2m16:45:07[22m   [34m├─[39m [2m/syllabus/idbi-bank-executive/index.html[22m [2m(+165ms)[22m 
[2m16:45:07[22m   [34m├─[39m [2m/syllabus/sbi-apprentice-2026/index.html[22m [2m(+24ms)[22m 
[2m16:45:07[22m   [34m├─[39m [2m/syllabus/sbi-apprentice/index.html[22m [2m(+22ms)[22m 
[2m16:45:07[22m   [34m├─[39m [2m/syllabus/ibps-rrb-po-2026/index.html[22m [2m(+49ms)[22m 
[2m16:45:07[22m   [34m├─[39m [2m/syllabus/ibps-rrb-po/index.html[22m [2m(+36ms)[22m 
[2m16:45:07[22m   [34m├─[39m [2m/syllabus/ibps-rrb-clerk-2026/index.html[22m [2m(+45ms)[22m 
[2m16:45:07[22m   [34m├─[39m [2m/syllabus/ibps-rrb-clerk/index.html[22m [2m(+136ms)[22m 
[2m16:45:07[22m   [34m├─[39m [2m/syllabus/rbi-grade-b/index.html[22m [2m(+132ms)[22m 
[2m16:45:08[22m   [34m├─[39m [2m/syllabus/rbi-assistant-online-2026/index.html[22m [2m(+22ms)[22m 
[2m16:45:08[22m   [34m├─[39m [2m/syllabus/rbi-assistant-online/index.html[22m [2m(+26ms)[22m 
[2m16:45:08[22m   [34m├─[39m [2m/syllabus/nabard-grade-a-recruitment-2026/index.html[22m [2m(+35ms)[22m 
[2m16:45:08[22m   [34m├─[39m [2m/syllabus/nabard-grade-a-recruitment/index.html[22m [2m(+186ms)[22m 
[2m16:45:08[22m   [34m├─[39m [2m/syllabus/sidbi-grade-a-recruitment-2026/index.html[22m [2m(+48ms)[22m 
[2m16:45:08[22m   [34m├─[39m [2m/syllabus/sidbi-grade-a-recruitment/index.html[22m [2m(+82ms)[22m 
[2m16:45:08[22m   [34m├─[39m [2m/syllabus/indian-bank-po-2026/index.html[22m [2m(+69ms)[22m 
[2m16:45:08[22m   [34m├─[39m [2m/syllabus/indian-bank-po/index.html[22m [2m(+47ms)[22m 
[2m16:45:08[22m   [34m├─[39m [2m/syllabus/uco-bank-clerk-2026/index.html[22m [2m(+33ms)[22m 
[2m16:45:08[22m   [34m├─[39m [2m/syllabus/uco-bank-clerk/index.html[22m [2m(+27ms)[22m 
[2m16:45:08[22m   [34m├─[39m [2m/syllabus/central-bank-apprentice-2026/index.html[22m [2m(+24ms)[22m 
[2m16:45:08[22m   [34m├─[39m [2m/syllabus/central-bank-apprentice/index.html[22m [2m(+19ms)[22m 
[2m16:45:08[22m   [34m├─[39m [2m/syllabus/ssc-cgl-2026/index.html[22m [2m(+21ms)[22m 
[2m16:45:08[22m   [34m├─[39m [2m/syllabus/ssc-chsl/index.html[22m [2m(+227ms)[22m 
[2m16:45:08[22m   [34m├─[39m [2m/syllabus/ssc-mts/index.html[22m [2m(+21ms)[22m 
[2m16:45:08[22m   [34m├─[39m [2m/syllabus/ssc-cpo-recruitment-2026/index.html[22m [2m(+21ms)[22m 
[2m16:45:08[22m   [34m├─[39m [2m/syllabus/ssc-cpo-recruitment/index.html[22m [2m(+20ms)[22m 
[2m16:45:08[22m   [34m├─[39m [2m/syllabus/ssc-gd-constable-recruitment-2026/index.html[22m [2m(+281ms)[22m 
[2m16:45:09[22m   [34m├─[39m [2m/syllabus/ssc-gd-constable-recruitment/index.html[22m [2m(+34ms)[22m 
[2m16:45:09[22m   [34m├─[39m [2m/syllabus/ssc-stenographer-recruitment-2026/index.html[22m [2m(+107ms)[22m 
[2m16:45:09[22m   [34m├─[39m [2m/syllabus/ssc-stenographer-recruitment/index.html[22m [2m(+24ms)[22m 
[2m16:45:09[22m   [34m├─[39m [2m/syllabus/ssc-je/index.html[22m [2m(+23ms)[22m 
[2m16:45:09[22m   [34m├─[39m [2m/syllabus/ssc-selection-post-2026/index.html[22m [2m(+65ms)[22m 
[2m16:45:09[22m   [34m├─[39m [2m/syllabus/ssc-selection-post/index.html[22m [2m(+163ms)[22m 
[2m16:45:09[22m   [34m├─[39m [2m/syllabus/upsc-cse-2026/index.html[22m [2m(+38ms)[22m 
[2m16:45:09[22m   [34m├─[39m [2m/syllabus/upsc-nda-2026/index.html[22m [2m(+74ms)[22m 
[2m16:45:09[22m   [34m├─[39m [2m/syllabus/upsc-nda/index.html[22m [2m(+38ms)[22m 
[2m16:45:09[22m   [34m├─[39m [2m/syllabus/upsc-cds-2026/index.html[22m [2m(+29ms)[22m 
[2m16:45:09[22m   [34m├─[39m [2m/syllabus/upsc-cds/index.html[22m [2m(+61ms)[22m 
[2m16:45:09[22m   [34m├─[39m [2m/syllabus/upsc-ese-2026/index.html[22m [2m(+120ms)[22m 
[2m16:45:10[22m   [34m├─[39m [2m/syllabus/upsc-ese/index.html[22m [2m(+99ms)[22m 
[2m16:45:10[22m   [34m├─[39m [2m/syllabus/upsc-epfo-recruitment-2026/index.html[22m [2m(+60ms)[22m 
[2m16:45:10[22m   [34m├─[39m [2m/syllabus/upsc-epfo-recruitment/index.html[22m [2m(+66ms)[22m 
[2m16:45:10[22m   [34m├─[39m [2m/syllabus/upsc-cms-2026/index.html[22m [2m(+187ms)[22m 
[2m16:45:10[22m   [34m├─[39m [2m/syllabus/upsc-cms/index.html[22m [2m(+22ms)[22m 
[2m16:45:10[22m   [34m├─[39m [2m/syllabus/upsc-ifs/index.html[22m [2m(+28ms)[22m 
[2m16:45:10[22m   [34m├─[39m [2m/syllabus/ugc-net-june-2026/index.html[22m [2m(+17ms)[22m 
[2m16:45:10[22m   [34m├─[39m [2m/syllabus/ugc-net-june/index.html[22m [2m(+254ms)[22m 
[2m16:45:10[22m   [34m├─[39m [2m/syllabus/csir-net-june-2026/index.html[22m [2m(+59ms)[22m 
[2m16:45:10[22m   [34m├─[39m [2m/syllabus/csir-net-june/index.html[22m [2m(+100ms)[22m 
[2m16:45:10[22m   [34m├─[39m [2m/syllabus/nta-cuet-ug-2026/index.html[22m [2m(+44ms)[22m 
[2m16:45:10[22m   [34m├─[39m [2m/syllabus/nta-cuet-ug/index.html[22m [2m(+40ms)[22m 
[2m16:45:10[22m   [34m├─[39m [2m/syllabus/nta-neet-ug-2026/index.html[22m [2m(+17ms)[22m 
[2m16:45:10[22m   [34m├─[39m [2m/syllabus/nta-neet-ug/index.html[22m [2m(+18ms)[22m 
[2m16:45:11[22m   [34m├─[39m [2m/syllabus/ctet-july-2026/index.html[22m [2m(+24ms)[22m 
[2m16:45:11[22m   [34m├─[39m [2m/syllabus/ctet-july/index.html[22m [2m(+20ms)[22m 
[2m16:45:11[22m   [34m├─[39m [2m/syllabus/rrb-ntpc-ug-recruitment-2026/index.html[22m [2m(+17ms)[22m 
[2m16:45:11[22m   [34m├─[39m [2m/syllabus/rrb-ntpc-ug-recruitment/index.html[22m [2m(+18ms)[22m 
[2m16:45:11[22m   [34m├─[39m [2m/syllabus/rrb-ntpc-graduate-2026/index.html[22m [2m(+432ms)[22m 
[2m16:45:11[22m   [34m├─[39m [2m/syllabus/rrb-ntpc-graduate/index.html[22m [2m(+13ms)[22m 
[2m16:45:11[22m   [34m├─[39m [2m/syllabus/rrb-group-d/index.html[22m [2m(+19ms)[22m 
[2m16:45:11[22m   [34m├─[39m [2m/syllabus/rrb-je-recruitment-2026/index.html[22m [2m(+18ms)[22m 
[2m16:45:11[22m   [34m├─[39m [2m/syllabus/rrb-je-recruitment/index.html[22m [2m(+18ms)[22m 
[2m16:45:11[22m   [34m├─[39m [2m/syllabus/rrb-alp/index.html[22m [2m(+20ms)[22m 
[2m16:45:11[22m   [34m├─[39m [2m/syllabus/rrb-technician-recruitment-2026/index.html[22m [2m(+27ms)[22m 
[2m16:45:11[22m   [34m├─[39m [2m/syllabus/rrb-technician-recruitment/index.html[22m [2m(+223ms)[22m 
[2m16:45:11[22m   [34m├─[39m [2m/syllabus/rrb-apprentice-2026/index.html[22m [2m(+112ms)[22m 
[2m16:45:11[22m   [34m├─[39m [2m/syllabus/rrb-apprentice/index.html[22m [2m(+58ms)[22m 
[2m16:45:12[22m   [34m├─[39m [2m/syllabus/rpf-constable-2026/index.html[22m [2m(+23ms)[22m 
[2m16:45:12[22m   [34m├─[39m [2m/syllabus/rpf-constable/index.html[22m [2m(+38ms)[22m 
[2m16:45:12[22m   [34m├─[39m [2m/syllabus/rpf-si-2026/index.html[22m [2m(+118ms)[22m 
[2m16:45:12[22m   [34m├─[39m [2m/syllabus/rpf-si/index.html[22m [2m(+80ms)[22m 
[2m16:45:12[22m   [34m├─[39m [2m/syllabus/railway-act-apprentice-2026/index.html[22m [2m(+100ms)[22m 
[2m16:45:12[22m   [34m├─[39m [2m/syllabus/railway-act-apprentice/index.html[22m [2m(+33ms)[22m 
[2m16:45:12[22m   [34m├─[39m [2m/syllabus/uppsc-pcs-2026/index.html[22m [2m(+38ms)[22m 
[2m16:45:12[22m   [34m├─[39m [2m/syllabus/bpsc-73rd-recruitment-2026/index.html[22m [2m(+78ms)[22m 
[2m16:45:12[22m   [34m├─[39m [2m/syllabus/bpsc-73rd-recruitment/index.html[22m [2m(+55ms)[22m 
[2m16:45:12[22m   [34m├─[39m [2m/syllabus/rpsc-ras/index.html[22m [2m(+50ms)[22m 
[2m16:45:12[22m   [34m├─[39m [2m/syllabus/mpsc-group-b-recruitment-2026/index.html[22m [2m(+209ms)[22m 
[2m16:45:12[22m   [34m├─[39m [2m/syllabus/mpsc-group-b-recruitment/index.html[22m [2m(+37ms)[22m 
[2m16:45:12[22m   [34m├─[39m [2m/syllabus/wbpsc-clerk-recruitment-2026/index.html[22m [2m(+260ms)[22m 
[2m16:45:13[22m   [34m├─[39m [2m/syllabus/wbpsc-clerk-recruitment/index.html[22m [2m(+257ms)[22m 
[2m16:45:13[22m   [34m├─[39m [2m/syllabus/army-agniveer-40k-2026/index.html[22m [2m(+32ms)[22m 
[2m16:45:13[22m   [34m├─[39m [2m/syllabus/army-agniveer-40k/index.html[22m [2m(+40ms)[22m 
[2m16:45:13[22m   [34m├─[39m [2m/syllabus/navy-agniveer-ssr-2026/index.html[22m [2m(+52ms)[22m 
[2m16:45:13[22m   [34m├─[39m [2m/syllabus/navy-agniveer-ssr/index.html[22m [2m(+34ms)[22m 
[2m16:45:13[22m   [34m├─[39m [2m/syllabus/navy-agniveer-mr-2026/index.html[22m [2m(+38ms)[22m 
[2m16:45:13[22m   [34m├─[39m [2m/syllabus/navy-agniveer-mr/index.html[22m [2m(+25ms)[22m 
[2m16:45:13[22m   [34m├─[39m [2m/syllabus/iaf-agniveer-vayu-5k-2026/index.html[22m [2m(+295ms)[22m 
[2m16:45:13[22m   [34m├─[39m [2m/syllabus/iaf-agniveer-vayu-5k/index.html[22m [2m(+174ms)[22m 
[2m16:45:14[22m   [34m├─[39m [2m/syllabus/bsf-hc-3k-2026/index.html[22m [2m(+182ms)[22m 
[2m16:45:14[22m   [34m├─[39m [2m/syllabus/bsf-hc-3k/index.html[22m [2m(+67ms)[22m 
[2m16:45:14[22m   [34m├─[39m [2m/syllabus/crpf-asi-hc-5k-2026/index.html[22m [2m(+49ms)[22m 
[2m16:45:14[22m   [34m├─[39m [2m/syllabus/crpf-asi-hc-5k/index.html[22m [2m(+67ms)[22m 
[2m16:45:14[22m   [34m├─[39m [2m/syllabus/cisf-fire-engine-driver-2026/index.html[22m [2m(+48ms)[22m 
[2m16:45:14[22m   [34m├─[39m [2m/syllabus/cisf-fire-engine-driver/index.html[22m [2m(+101ms)[22m 
[2m16:45:14[22m   [34m├─[39m [2m/syllabus/itbp-head-constable-2026/index.html[22m [2m(+35ms)[22m 
[2m16:45:14[22m   [34m├─[39m [2m/syllabus/itbp-head-constable/index.html[22m [2m(+193ms)[22m 
[2m16:45:14[22m   [34m├─[39m [2m/syllabus/ssb-head-constable-2026/index.html[22m [2m(+72ms)[22m 
[2m16:45:14[22m   [34m├─[39m [2m/syllabus/ssb-head-constable/index.html[22m [2m(+52ms)[22m 
[2m16:45:14[22m   [34m├─[39m [2m/syllabus/delhi-police-constable-7k-2026/index.html[22m [2m(+76ms)[22m 
[2m16:45:15[22m   [34m├─[39m [2m/syllabus/delhi-police-constable-7k/index.html[22m [2m(+104ms)[22m 
[2m16:45:15[22m   [34m├─[39m [2m/syllabus/delhi-police-hc-ministerial-2026/index.html[22m [2m(+461ms)[22m 
[2m16:45:15[22m   [34m├─[39m [2m/syllabus/delhi-police-hc-ministerial/index.html[22m [2m(+240ms)[22m 
[2m16:45:15[22m   [34m├─[39m [2m/syllabus/icg-navik-gd-2026/index.html[22m [2m(+35ms)[22m 
[2m16:45:15[22m   [34m├─[39m [2m/syllabus/icg-navik-gd/index.html[22m [2m(+92ms)[22m 
[2m16:45:15[22m   [34m├─[39m [2m/syllabus/icg-yantrik-2026/index.html[22m [2m(+187ms)[22m 
[2m16:45:16[22m   [34m├─[39m [2m/syllabus/icg-yantrik/index.html[22m [2m(+56ms)[22m 
[2m16:45:16[22m   [34m├─[39m [2m/syllabus/nia-si-2026/index.html[22m [2m(+40ms)[22m 
[2m16:45:16[22m   [34m├─[39m [2m/syllabus/nia-si/index.html[22m [2m(+100ms)[22m 
[2m16:45:16[22m   [34m├─[39m [2m/syllabus/ed-inspector-2026/index.html[22m [2m(+68ms)[22m 
[2m16:45:16[22m   [34m├─[39m [2m/syllabus/ed-inspector/index.html[22m [2m(+36ms)[22m 
[2m16:45:16[22m   [34m├─[39m [2m/syllabus/ongc-aee-500-2026/index.html[22m [2m(+123ms)[22m 
[2m16:45:16[22m   [34m├─[39m [2m/syllabus/ongc-aee-500/index.html[22m [2m(+24ms)[22m 
[2m16:45:16[22m   [34m├─[39m [2m/syllabus/iocl-apprentice-2026/index.html[22m [2m(+252ms)[22m 
[2m16:45:16[22m   [34m├─[39m [2m/syllabus/iocl-apprentice/index.html[22m [2m(+72ms)[22m 
[2m16:45:16[22m   [34m├─[39m [2m/syllabus/gail-et-200-2026/index.html[22m [2m(+56ms)[22m 
[2m16:45:17[22m   [34m├─[39m [2m/syllabus/gail-et-200/index.html[22m [2m(+58ms)[22m 
[2m16:45:17[22m   [34m├─[39m [2m/syllabus/nlc-gt-300-2026/index.html[22m [2m(+96ms)[22m 
[2m16:45:17[22m   [34m├─[39m [2m/syllabus/nlc-gt-300/index.html[22m [2m(+37ms)[22m 
[2m16:45:17[22m   [34m├─[39m [2m/syllabus/cil-mt-1k-2026/index.html[22m [2m(+83ms)[22m 
[2m16:45:17[22m   [34m├─[39m [2m/syllabus/cil-mt-1k/index.html[22m [2m(+164ms)[22m 
[2m16:45:17[22m   [34m├─[39m [2m/syllabus/bel-engineer-trainee-2026/index.html[22m [2m(+53ms)[22m 
[2m16:45:17[22m   [34m├─[39m [2m/syllabus/bel-engineer-trainee/index.html[22m [2m(+126ms)[22m 
[2m16:45:17[22m   [34m├─[39m [2m/syllabus/hal-engineer-trainee-2026/index.html[22m [2m(+73ms)[22m 
[2m16:45:17[22m   [34m├─[39m [2m/syllabus/hal-engineer-trainee/index.html[22m [2m(+84ms)[22m 
[2m16:45:17[22m   [34m├─[39m [2m/syllabus/bhel-et-350-2026/index.html[22m [2m(+163ms)[22m 
[2m16:45:17[22m   [34m├─[39m [2m/syllabus/bhel-et-350/index.html[22m [2m(+37ms)[22m 
[2m16:45:17[22m   [34m├─[39m [2m/syllabus/sail-mt-2026/index.html[22m [2m(+43ms)[22m 
[2m16:45:18[22m   [34m├─[39m [2m/syllabus/sail-mt/index.html[22m [2m(+41ms)[22m 
[2m16:45:18[22m   [34m├─[39m [2m/syllabus/nmdc-mt-2026/index.html[22m [2m(+84ms)[22m 
[2m16:45:18[22m   [34m├─[39m [2m/syllabus/nmdc-mt/index.html[22m [2m(+198ms)[22m 
[2m16:45:18[22m   [34m├─[39m [2m/syllabus/hpcl-engineer-2026/index.html[22m [2m(+35ms)[22m 
[2m16:45:18[22m   [34m├─[39m [2m/syllabus/hpcl-engineer/index.html[22m [2m(+80ms)[22m 
[2m16:45:18[22m   [34m├─[39m [2m/syllabus/bpcl-mt-2026/index.html[22m [2m(+33ms)[22m 
[2m16:45:18[22m   [34m├─[39m [2m/syllabus/bpcl-mt/index.html[22m [2m(+29ms)[22m 
[2m16:45:18[22m   [34m├─[39m [2m/syllabus/ecl-mt-2026/index.html[22m [2m(+128ms)[22m 
[2m16:45:18[22m   [34m├─[39m [2m/syllabus/ecl-mt/index.html[22m [2m(+62ms)[22m 
[2m16:45:18[22m   [34m├─[39m [2m/syllabus/secl-mt-2026/index.html[22m [2m(+159ms)[22m 
[2m16:45:18[22m   [34m├─[39m [2m/syllabus/secl-mt/index.html[22m [2m(+51ms)[22m 
[2m16:45:18[22m   [34m├─[39m [2m/syllabus/northern-coalfields-mt-2026/index.html[22m [2m(+83ms)[22m 
[2m16:45:19[22m   [34m├─[39m [2m/syllabus/northern-coalfields-mt/index.html[22m [2m(+38ms)[22m 
[2m16:45:19[22m   [34m├─[39m [2m/syllabus/upsssc-pet-sep-2026/index.html[22m [2m(+146ms)[22m 
[2m16:45:19[22m   [34m├─[39m [2m/syllabus/upsssc-pet-sep/index.html[22m [2m(+30ms)[22m 
[2m16:45:19[22m   [34m├─[39m [2m/syllabus/up-anganwadi-nov-2026/index.html[22m [2m(+24ms)[22m 
[2m16:45:19[22m   [34m├─[39m [2m/syllabus/up-anganwadi-nov/index.html[22m [2m(+216ms)[22m 
[2m16:45:19[22m   [34m├─[39m [2m/syllabus/up-lekhpal-2026/index.html[22m [2m(+68ms)[22m 
[2m16:45:19[22m   [34m├─[39m [2m/syllabus/up-lekhpal/index.html[22m [2m(+64ms)[22m 
[2m16:45:19[22m   [34m├─[39m [2m/syllabus/up-police-constable-2026/index.html[22m [2m(+69ms)[22m 
[2m16:45:19[22m   [34m├─[39m [2m/syllabus/up-police-constable/index.html[22m [2m(+81ms)[22m 
[2m16:45:19[22m   [34m├─[39m [2m/syllabus/up-police-si-2026/index.html[22m [2m(+220ms)[22m 
[2m16:45:19[22m   [34m├─[39m [2m/syllabus/up-police-si/index.html[22m [2m(+37ms)[22m 
[2m16:45:20[22m   [34m├─[39m [2m/syllabus/bihar-police-constable-2026/index.html[22m [2m(+83ms)[22m 
[2m16:45:20[22m   [34m├─[39m [2m/syllabus/bihar-police-constable/index.html[22m [2m(+29ms)[22m 
[2m16:45:20[22m   [34m├─[39m [2m/syllabus/bihar-police-si-2026/index.html[22m [2m(+122ms)[22m 
[2m16:45:20[22m   [34m├─[39m [2m/syllabus/bihar-police-si/index.html[22m [2m(+60ms)[22m 
[2m16:45:20[22m   [34m├─[39m [2m/syllabus/raj-police-constable-15k-2026/index.html[22m [2m(+90ms)[22m 
[2m16:45:20[22m   [34m├─[39m [2m/syllabus/raj-police-constable-15k/index.html[22m [2m(+126ms)[22m 
[2m16:45:20[22m   [34m├─[39m [2m/syllabus/raj-si-2k-2026/index.html[22m [2m(+33ms)[22m 
[2m16:45:20[22m   [34m├─[39m [2m/syllabus/raj-si-2k/index.html[22m [2m(+67ms)[22m 
[2m16:45:20[22m   [34m├─[39m [2m/syllabus/raj-patwari-2026/index.html[22m [2m(+122ms)[22m 
[2m16:45:20[22m   [34m├─[39m [2m/syllabus/raj-patwari/index.html[22m [2m(+196ms)[22m 
[2m16:45:20[22m   [34m├─[39m [2m/syllabus/reet-exam-2026/index.html[22m [2m(+39ms)[22m 
[2m16:45:20[22m   [34m├─[39m [2m/syllabus/reet-exam/index.html[22m [2m(+64ms)[22m 
[2m16:45:21[22m   [34m├─[39m [2m/syllabus/rssb-pharmacist-2k-2026/index.html[22m [2m(+47ms)[22m 
[2m16:45:21[22m   [34m├─[39m [2m/syllabus/rssb-pharmacist-2k/index.html[22m [2m(+22ms)[22m 
[2m16:45:21[22m   [34m├─[39m [2m/syllabus/rssb-lab-assistant-1k-2026/index.html[22m [2m(+22ms)[22m 
[2m16:45:21[22m   [34m├─[39m [2m/syllabus/rssb-lab-assistant-1k/index.html[22m [2m(+82ms)[22m 
[2m16:45:21[22m   [34m├─[39m [2m/syllabus/rssb-computer-instructor-500-2026/index.html[22m [2m(+40ms)[22m 
[2m16:45:21[22m   [34m├─[39m [2m/syllabus/rssb-computer-instructor-500/index.html[22m [2m(+216ms)[22m 
[2m16:45:21[22m   [34m├─[39m [2m/syllabus/mp-police-constable-2026/index.html[22m [2m(+67ms)[22m 
[2m16:45:21[22m   [34m├─[39m [2m/syllabus/mp-police-constable/index.html[22m [2m(+34ms)[22m 
[2m16:45:21[22m   [34m├─[39m [2m/syllabus/mp-police-si-2026/index.html[22m [2m(+63ms)[22m 
[2m16:45:21[22m   [34m├─[39m [2m/syllabus/mp-police-si/index.html[22m [2m(+33ms)[22m 
[2m16:45:21[22m   [34m├─[39m [2m/syllabus/mp-patwari-2026/index.html[22m [2m(+51ms)[22m 
[2m16:45:21[22m   [34m├─[39m [2m/syllabus/mp-patwari/index.html[22m [2m(+65ms)[22m 
[2m16:45:21[22m   [34m├─[39m [2m/syllabus/delhi-hc-judicial-2026/index.html[22m [2m(+154ms)[22m 
[2m16:45:21[22m   [34m├─[39m [2m/syllabus/delhi-hc-judicial/index.html[22m [2m(+144ms)[22m 
[2m16:45:22[22m   [34m├─[39m [2m/syllabus/dsssb-tgt-pgt-2026/index.html[22m [2m(+31ms)[22m 
[2m16:45:22[22m   [34m├─[39m [2m/syllabus/dsssb-tgt-pgt/index.html[22m [2m(+37ms)[22m 
[2m16:45:22[22m   [34m├─[39m [2m/syllabus/kvs-prt-tgt-pgt-2026/index.html[22m [2m(+69ms)[22m 
[2m16:45:22[22m   [34m├─[39m [2m/syllabus/kvs-prt-tgt-pgt/index.html[22m [2m(+200ms)[22m 
[2m16:45:22[22m   [34m├─[39m [2m/syllabus/rrb-ntpc-graduate-2026-1/index.html[22m [2m(+52ms)[22m 
[2m16:45:22[22m   [34m├─[39m [2m/syllabus/rrb-ntpc-ug-2026-1/index.html[22m [2m(+32ms)[22m 
[2m16:45:22[22m   [34m├─[39m [2m/syllabus/rrb-group-d-2026-1/index.html[22m [2m(+58ms)[22m 
[2m16:45:22[22m   [34m├─[39m [2m/syllabus/rrb-alp-2026-1/index.html[22m [2m(+109ms)[22m 
[2m16:45:22[22m   [34m├─[39m [2m/syllabus/rrb-tech-gr-i-signal-2026/index.html[22m [2m(+150ms)[22m 
[2m16:45:22[22m   [34m├─[39m [2m/syllabus/rrb-tech-gr-i-signal/index.html[22m [2m(+33ms)[22m 
[2m16:45:22[22m   [34m├─[39m [2m/syllabus/rrb-tech-gr-iii-2026/index.html[22m [2m(+133ms)[22m 
[2m16:45:23[22m   [34m├─[39m [2m/syllabus/rrb-tech-gr-iii/index.html[22m [2m(+32ms)[22m 
[2m16:45:23[22m   [34m├─[39m [2m/syllabus/rrb-ministerial-2026/index.html[22m [2m(+114ms)[22m 
[2m16:45:23[22m   [34m├─[39m [2m/syllabus/rrb-ministerial/index.html[22m [2m(+106ms)[22m 
[2m16:45:23[22m   [34m├─[39m [2m/syllabus/rrb-paramedical-2026/index.html[22m [2m(+198ms)[22m 
[2m16:45:23[22m   [34m├─[39m [2m/syllabus/rrb-paramedical/index.html[22m [2m(+34ms)[22m 
[2m16:45:23[22m   [34m├─[39m [2m/syllabus/rrb-sports-quota-2026/index.html[22m [2m(+14ms)[22m 
[2m16:45:23[22m   [34m├─[39m [2m/syllabus/rrb-sports-quota/index.html[22m [2m(+50ms)[22m 
[2m16:45:23[22m   [34m├─[39m [2m/syllabus/railway-zonal-apprentices-2026/index.html[22m [2m(+179ms)[22m 
[2m16:45:23[22m   [34m├─[39m [2m/syllabus/railway-zonal-apprentices/index.html[22m [2m(+200ms)[22m 
[2m16:45:23[22m   [34m├─[39m [2m/syllabus/rpf-constable-si-2026/index.html[22m [2m(+122ms)[22m 
[2m16:45:24[22m   [34m├─[39m [2m/syllabus/rpf-constable-si/index.html[22m [2m(+99ms)[22m 
[2m16:45:24[22m   [34m├─[39m [2m/syllabus/dfccil-executive-2026/index.html[22m [2m(+113ms)[22m 
[2m16:45:24[22m   [34m├─[39m [2m/syllabus/dfccil-executive/index.html[22m [2m(+70ms)[22m 
[2m16:45:24[22m   [34m├─[39m [2m/syllabus/dmrc-am-je-2026/index.html[22m [2m(+168ms)[22m 
[2m16:45:24[22m   [34m├─[39m [2m/syllabus/dmrc-am-je/index.html[22m [2m(+62ms)[22m 
[2m16:45:24[22m   [34m├─[39m [2m/syllabus/lmrc-upmrc-2026/index.html[22m [2m(+72ms)[22m 
[2m16:45:24[22m   [34m├─[39m [2m/syllabus/lmrc-upmrc/index.html[22m [2m(+41ms)[22m 
[2m16:45:24[22m   [34m├─[39m [2m/syllabus/kmrc-kolkata-2026/index.html[22m [2m(+39ms)[22m 
[2m16:45:24[22m   [34m├─[39m [2m/syllabus/kmrc-kolkata/index.html[22m [2m(+68ms)[22m 
[2m16:45:24[22m   [34m├─[39m [2m/syllabus/bmrc-bengaluru-2026/index.html[22m [2m(+135ms)[22m 
[2m16:45:24[22m   [34m├─[39m [2m/syllabus/bmrc-bengaluru/index.html[22m [2m(+176ms)[22m 
[2m16:45:25[22m   [34m├─[39m [2m/syllabus/cmrl-chennai-2026/index.html[22m [2m(+37ms)[22m 
[2m16:45:25[22m   [34m├─[39m [2m/syllabus/cmrl-chennai/index.html[22m [2m(+30ms)[22m 
[2m16:45:25[22m   [34m├─[39m [2m/syllabus/mmrc-mumbai-metro-2026/index.html[22m [2m(+121ms)[22m 
[2m16:45:25[22m   [34m├─[39m [2m/syllabus/mmrc-mumbai-metro/index.html[22m [2m(+460ms)[22m 
[2m16:45:25[22m   [34m├─[39m [2m/syllabus/konkan-railway-2026/index.html[22m [2m(+83ms)[22m 
[2m16:45:25[22m   [34m├─[39m [2m/syllabus/konkan-railway/index.html[22m [2m(+99ms)[22m 
[2m16:45:25[22m   [34m├─[39m [2m/syllabus/ircon-works-engineer-2026/index.html[22m [2m(+105ms)[22m 
[2m16:45:26[22m   [34m├─[39m [2m/syllabus/ircon-works-engineer/index.html[22m [2m(+130ms)[22m 
[2m16:45:26[22m   [34m├─[39m [2m/syllabus/rvnl-site-inspector-2026/index.html[22m [2m(+101ms)[22m 
[2m16:45:26[22m   [34m├─[39m [2m/syllabus/rvnl-site-inspector/index.html[22m [2m(+82ms)[22m 
[2m16:45:26[22m   [34m├─[39m [2m/syllabus/rites-engineer-2026/index.html[22m [2m(+67ms)[22m 
[2m16:45:26[22m   [34m├─[39m [2m/syllabus/rites-engineer/index.html[22m [2m(+135ms)[22m 
[2m16:45:26[22m   [34m├─[39m [2m/syllabus/cris-ase-2026/index.html[22m [2m(+61ms)[22m 
[2m16:45:26[22m   [34m├─[39m [2m/syllabus/cris-ase/index.html[22m [2m(+53ms)[22m 
[2m16:45:26[22m   [34m├─[39m [2m/syllabus/railtel-mt-2026/index.html[22m [2m(+154ms)[22m 
[2m16:45:26[22m   [34m├─[39m [2m/syllabus/railtel-mt/index.html[22m [2m(+155ms)[22m 
[2m16:45:27[22m   [34m├─[39m [2m/syllabus/irctc-recruitment-2026/index.html[22m [2m(+370ms)[22m 
[2m16:45:27[22m   [34m├─[39m [2m/syllabus/irctc-recruitment/index.html[22m [2m(+70ms)[22m 
[2m16:45:27[22m   [34m├─[39m [2m/syllabus/clw-apprentice-2026/index.html[22m [2m(+156ms)[22m 
[2m16:45:27[22m   [34m├─[39m [2m/syllabus/clw-apprentice/index.html[22m [2m(+166ms)[22m 
[2m16:45:27[22m   [34m├─[39m [2m/syllabus/blw-apprentice-2026/index.html[22m [2m(+306ms)[22m 
[2m16:45:28[22m   [34m├─[39m [2m/syllabus/blw-apprentice/index.html[22m [2m(+52ms)[22m 
[2m16:45:28[22m   [34m├─[39m [2m/syllabus/icf-apprentice-2026/index.html[22m [2m(+33ms)[22m 
[2m16:45:28[22m   [34m├─[39m [2m/syllabus/icf-apprentice/index.html[22m [2m(+57ms)[22m 
[2m16:45:28[22m   [34m├─[39m [2m/syllabus/rcf-apprentice-2026/index.html[22m [2m(+69ms)[22m 
[2m16:45:28[22m   [34m├─[39m [2m/syllabus/rcf-apprentice/index.html[22m [2m(+37ms)[22m 
[2m16:45:28[22m   [34m├─[39m [2m/syllabus/rwf-apprentice-2026/index.html[22m [2m(+170ms)[22m 
[2m16:45:28[22m   [34m├─[39m [2m/syllabus/rwf-apprentice/index.html[22m [2m(+345ms)[22m 
[2m16:45:28[22m   [34m├─[39m [2m/syllabus/rwp-bela-apprentice-2026/index.html[22m [2m(+48ms)[22m 
[2m16:45:28[22m   [34m├─[39m [2m/syllabus/rwp-bela-apprentice/index.html[22m [2m(+61ms)[22m 
[2m16:45:28[22m   [34m├─[39m [2m/syllabus/dmw-apprentice-2026/index.html[22m [2m(+95ms)[22m 
[2m16:45:29[22m   [34m├─[39m [2m/syllabus/dmw-apprentice/index.html[22m [2m(+43ms)[22m 
[2m16:45:29[22m   [34m├─[39m [2m/syllabus/metro-kolkata-apprentice-2026/index.html[22m [2m(+338ms)[22m 
[2m16:45:29[22m   [34m├─[39m [2m/syllabus/metro-kolkata-apprentice/index.html[22m [2m(+34ms)[22m 
[2m16:45:29[22m   [34m├─[39m [2m/syllabus/nfr-apprentice-2026/index.html[22m [2m(+247ms)[22m 
[2m16:45:29[22m   [34m├─[39m [2m/syllabus/nfr-apprentice/index.html[22m [2m(+34ms)[22m 
[2m16:45:29[22m   [34m├─[39m [2m/syllabus/ncr-apprentice-2026/index.html[22m [2m(+102ms)[22m 
[2m16:45:29[22m   [34m├─[39m [2m/syllabus/ncr-apprentice/index.html[22m [2m(+194ms)[22m 
[2m16:45:30[22m   [34m├─[39m [2m/syllabus/ecr-apprentice-2026/index.html[22m [2m(+51ms)[22m 
[2m16:45:30[22m   [34m├─[39m [2m/syllabus/ecr-apprentice/index.html[22m [2m(+103ms)[22m 
[2m16:45:30[22m   [34m├─[39m [2m/syllabus/secr-apprentice-2026/index.html[22m [2m(+98ms)[22m 
[2m16:45:30[22m   [34m├─[39m [2m/syllabus/secr-apprentice/index.html[22m [2m(+99ms)[22m 
[2m16:45:30[22m   [34m├─[39m [2m/syllabus/wcr-apprentice-2026/index.html[22m [2m(+71ms)[22m 
[2m16:45:30[22m   [34m├─[39m [2m/syllabus/wcr-apprentice/index.html[22m [2m(+356ms)[22m 
[2m16:45:30[22m   [34m├─[39m [2m/syllabus/swr-apprentice-2026/index.html[22m [2m(+61ms)[22m 
[2m16:45:30[22m   [34m├─[39m [2m/syllabus/swr-apprentice/index.html[22m [2m(+95ms)[22m 
[2m16:45:31[22m   [34m├─[39m [2m/syllabus/ser-apprentice-2026/index.html[22m [2m(+266ms)[22m 
[2m16:45:31[22m   [34m├─[39m [2m/syllabus/ser-apprentice/index.html[22m [2m(+126ms)[22m 
[2m16:45:31[22m   [34m├─[39m [2m/syllabus/bihar-railway-apprentice-2026/index.html[22m [2m(+184ms)[22m 
[2m16:45:31[22m   [34m├─[39m [2m/syllabus/bihar-railway-apprentice/index.html[22m [2m(+166ms)[22m 
[2m16:45:31[22m   [34m├─[39m [2m/syllabus/ibps-po-xvi-2026/index.html[22m [2m(+99ms)[22m 
[2m16:45:31[22m   [34m├─[39m [2m/syllabus/ibps-po-xvi/index.html[22m [2m(+44ms)[22m 
[2m16:45:31[22m   [34m├─[39m [2m/syllabus/sbi-po-2026-1/index.html[22m [2m(+22ms)[22m 
[2m16:45:31[22m   [34m├─[39m [2m/syllabus/ibps-spl-xvi-2026/index.html[22m [2m(+33ms)[22m 
[2m16:45:31[22m   [34m├─[39m [2m/syllabus/ibps-spl-xvi/index.html[22m [2m(+98ms)[22m 
[2m16:45:32[22m   [34m├─[39m [2m/syllabus/ibps-rrb-po-2026-1/index.html[22m [2m(+49ms)[22m 
[2m16:45:32[22m   [34m├─[39m [2m/syllabus/ibps-rrb-clerk-2026-1/index.html[22m [2m(+117ms)[22m 
[2m16:45:32[22m   [34m├─[39m [2m/syllabus/ibps-rrb-scale-ii-iii-2026/index.html[22m [2m(+101ms)[22m 
[2m16:45:32[22m   [34m├─[39m [2m/syllabus/ibps-rrb-scale-ii-iii/index.html[22m [2m(+64ms)[22m 
[2m16:45:32[22m   [34m├─[39m [2m/syllabus/rbi-grade-b-2026-1/index.html[22m [2m(+52ms)[22m 
[2m16:45:32[22m   [34m├─[39m [2m/syllabus/rbi-assistant-2026-1/index.html[22m [2m(+65ms)[22m 
[2m16:45:32[22m   [34m├─[39m [2m/syllabus/rbi-attendant-2026/index.html[22m [2m(+119ms)[22m 
[2m16:45:32[22m   [34m├─[39m [2m/syllabus/rbi-attendant/index.html[22m [2m(+96ms)[22m 
[2m16:45:32[22m   [34m├─[39m [2m/syllabus/nabard-grade-a-2026-1/index.html[22m [2m(+38ms)[22m 
[2m16:45:32[22m   [34m├─[39m [2m/syllabus/nabard-grade-b-2026/index.html[22m [2m(+50ms)[22m 
[2m16:45:32[22m   [34m├─[39m [2m/syllabus/nabard-grade-b/index.html[22m [2m(+98ms)[22m 
[2m16:45:32[22m   [34m├─[39m [2m/syllabus/sebi-grade-a-2026/index.html[22m [2m(+48ms)[22m 
[2m16:45:32[22m   [34m├─[39m [2m/syllabus/sebi-grade-a/index.html[22m [2m(+51ms)[22m 
[2m16:45:33[22m   [34m├─[39m [2m/syllabus/sidbi-grade-a-2026-1/index.html[22m [2m(+34ms)[22m 
[2m16:45:33[22m   [34m├─[39m [2m/syllabus/lic-aao-2026/index.html[22m [2m(+103ms)[22m 
[2m16:45:33[22m   [34m├─[39m [2m/syllabus/lic-aao/index.html[22m [2m(+113ms)[22m 
[2m16:45:33[22m   [34m├─[39m [2m/syllabus/lic-ado-2026/index.html[22m [2m(+65ms)[22m 
[2m16:45:33[22m   [34m├─[39m [2m/syllabus/lic-ado/index.html[22m [2m(+54ms)[22m 
[2m16:45:33[22m   [34m├─[39m [2m/syllabus/sbi-cbo-2026/index.html[22m [2m(+108ms)[22m 
[2m16:45:33[22m   [34m├─[39m [2m/syllabus/sbi-cbo/index.html[22m [2m(+155ms)[22m 
[2m16:45:33[22m   [34m├─[39m [2m/syllabus/sbi-sco-2026/index.html[22m [2m(+34ms)[22m 
[2m16:45:33[22m   [34m├─[39m [2m/syllabus/sbi-sco/index.html[22m [2m(+84ms)[22m 
[2m16:45:33[22m   [34m├─[39m [2m/syllabus/sbi-apprentice-2026-1/index.html[22m [2m(+100ms)[22m 
[2m16:45:33[22m   [34m├─[39m [2m/syllabus/pnb-lbo-2026/index.html[22m [2m(+149ms)[22m 
[2m16:45:34[22m   [34m├─[39m [2m/syllabus/pnb-lbo/index.html[22m [2m(+129ms)[22m 
[2m16:45:34[22m   [34m├─[39m [2m/syllabus/canara-bank-apprentice-2026/index.html[22m [2m(+37ms)[22m 
[2m16:45:34[22m   [34m├─[39m [2m/syllabus/canara-bank-apprentice/index.html[22m [2m(+63ms)[22m 
[2m16:45:34[22m   [34m├─[39m [2m/syllabus/ubi-lbo-2026/index.html[22m [2m(+123ms)[22m 
[2m16:45:34[22m   [34m├─[39m [2m/syllabus/ubi-lbo/index.html[22m [2m(+132ms)[22m 
[2m16:45:34[22m   [34m├─[39m [2m/syllabus/indian-bank-apprentice-2026/index.html[22m [2m(+383ms)[22m 
[2m16:45:34[22m   [34m├─[39m [2m/syllabus/indian-bank-apprentice/index.html[22m [2m(+227ms)[22m 
[2m16:45:35[22m   [34m├─[39m [2m/syllabus/central-bank-apprentice-2026-1/index.html[22m [2m(+56ms)[22m 
[2m16:45:35[22m   [34m├─[39m [2m/syllabus/bom-apprentice-2026/index.html[22m [2m(+50ms)[22m 
[2m16:45:35[22m   [34m├─[39m [2m/syllabus/bom-apprentice/index.html[22m [2m(+50ms)[22m 
[2m16:45:35[22m   [34m├─[39m [2m/syllabus/boi-apprentice-2026/index.html[22m [2m(+151ms)[22m 
[2m16:45:35[22m   [34m├─[39m [2m/syllabus/boi-apprentice/index.html[22m [2m(+205ms)[22m 
[2m16:45:35[22m   [34m├─[39m [2m/syllabus/iob-apprentice-2026/index.html[22m [2m(+58ms)[22m 
[2m16:45:35[22m   [34m├─[39m [2m/syllabus/iob-apprentice/index.html[22m [2m(+185ms)[22m 
[2m16:45:35[22m   [34m├─[39m [2m/syllabus/uco-bank-apprentice-2026/index.html[22m [2m(+93ms)[22m 
[2m16:45:35[22m   [34m├─[39m [2m/syllabus/uco-bank-apprentice/index.html[22m [2m(+42ms)[22m 
[2m16:45:36[22m   [34m├─[39m [2m/syllabus/idbi-executive-2026/index.html[22m [2m(+59ms)[22m 
[2m16:45:36[22m   [34m├─[39m [2m/syllabus/idbi-executive/index.html[22m [2m(+51ms)[22m 
[2m16:45:36[22m   [34m├─[39m [2m/syllabus/idbi-am-2026/index.html[22m [2m(+181ms)[22m 
[2m16:45:36[22m   [34m├─[39m [2m/syllabus/idbi-am/index.html[22m [2m(+119ms)[22m 
[2m16:45:36[22m   [34m├─[39m [2m/syllabus/psb-it-officer-2026/index.html[22m [2m(+98ms)[22m 
[2m16:45:36[22m   [34m├─[39m [2m/syllabus/psb-it-officer/index.html[22m [2m(+70ms)[22m 
[2m16:45:36[22m   [34m├─[39m [2m/syllabus/exim-bank-mt-2026/index.html[22m [2m(+100ms)[22m 
[2m16:45:36[22m   [34m├─[39m [2m/syllabus/exim-bank-mt/index.html[22m [2m(+50ms)[22m 
[2m16:45:36[22m   [34m├─[39m [2m/syllabus/ippb-executive-2026/index.html[22m [2m(+105ms)[22m 
[2m16:45:36[22m   [34m├─[39m [2m/syllabus/ippb-executive/index.html[22m [2m(+155ms)[22m 
[2m16:45:37[22m   [34m├─[39m [2m/syllabus/bob-apprentice-2026/index.html[22m [2m(+61ms)[22m 
[2m16:45:37[22m   [34m├─[39m [2m/syllabus/bob-apprentice/index.html[22m [2m(+111ms)[22m 
[2m16:45:37[22m   [34m├─[39m [2m/syllabus/karnataka-bank-po-2026/index.html[22m [2m(+77ms)[22m 
[2m16:45:37[22m   [34m├─[39m [2m/syllabus/karnataka-bank-po/index.html[22m [2m(+65ms)[22m 
[2m16:45:37[22m   [34m├─[39m [2m/syllabus/kvb-bdo-2026/index.html[22m [2m(+31ms)[22m 
[2m16:45:37[22m   [34m├─[39m [2m/syllabus/kvb-bdo/index.html[22m [2m(+37ms)[22m 
[2m16:45:37[22m   [34m├─[39m [2m/syllabus/federal-bank-po-2026/index.html[22m [2m(+166ms)[22m 
[2m16:45:37[22m   [34m├─[39m [2m/syllabus/federal-bank-po/index.html[22m [2m(+101ms)[22m 
[2m16:45:37[22m   [34m├─[39m [2m/syllabus/sib-clerk-2026/index.html[22m [2m(+165ms)[22m 
[2m16:45:37[22m   [34m├─[39m [2m/syllabus/sib-clerk/index.html[22m [2m(+93ms)[22m 
[2m16:45:37[22m   [34m├─[39m [2m/syllabus/tmb-clerk-2026/index.html[22m [2m(+35ms)[22m 
[2m16:45:37[22m   [34m├─[39m [2m/syllabus/tmb-clerk/index.html[22m [2m(+22ms)[22m 
[2m16:45:37[22m   [34m├─[39m [2m/syllabus/uco-bank-lbo-2026/index.html[22m [2m(+65ms)[22m 
[2m16:45:38[22m   [34m├─[39m [2m/syllabus/uco-bank-lbo/index.html[22m [2m(+232ms)[22m 
[2m16:45:38[22m   [34m├─[39m [2m/syllabus/ssc-cgl-2026-1/index.html[22m [2m(+113ms)[22m 
[2m16:45:38[22m   [34m├─[39m [2m/syllabus/ssc-chsl-2026-1/index.html[22m [2m(+46ms)[22m 
[2m16:45:38[22m   [34m├─[39m [2m/syllabus/ssc-mts-2026-1/index.html[22m [2m(+42ms)[22m 
[2m16:45:38[22m   [34m├─[39m [2m/syllabus/ssc-gd-2026/index.html[22m [2m(+52ms)[22m 
[2m16:45:38[22m   [34m├─[39m [2m/syllabus/ssc-gd/index.html[22m [2m(+83ms)[22m 
[2m16:45:38[22m   [34m├─[39m [2m/syllabus/ssc-cpo-2026-1/index.html[22m [2m(+69ms)[22m 
[2m16:45:38[22m   [34m├─[39m [2m/syllabus/ssc-steno-2026/index.html[22m [2m(+163ms)[22m 
[2m16:45:38[22m   [34m├─[39m [2m/syllabus/ssc-steno/index.html[22m [2m(+171ms)[22m 
[2m16:45:39[22m   [34m├─[39m [2m/syllabus/ssc-je-2026-1/index.html[22m [2m(+45ms)[22m 
[2m16:45:39[22m   [34m├─[39m [2m/syllabus/ssc-sel-post-phase-14/index.html[22m [2m(+52ms)[22m 
[2m16:45:39[22m   [34m├─[39m [2m/syllabus/ssc-sel-post-phase-15/index.html[22m [2m(+63ms)[22m 
[2m16:45:39[22m   [34m├─[39m [2m/syllabus/ssc-jht-2026/index.html[22m [2m(+37ms)[22m 
[2m16:45:39[22m   [34m├─[39m [2m/syllabus/ssc-jht/index.html[22m [2m(+52ms)[22m 
[2m16:45:39[22m   [34m├─[39m [2m/syllabus/ssc-sci-asst-imd-2026/index.html[22m [2m(+89ms)[22m 
[2m16:45:39[22m   [34m├─[39m [2m/syllabus/ssc-sci-asst-imd/index.html[22m [2m(+128ms)[22m 
[2m16:45:39[22m   [34m├─[39m [2m/syllabus/ssc-delhi-police-constable-2026/index.html[22m [2m(+118ms)[22m 
[2m16:45:39[22m   [34m├─[39m [2m/syllabus/ssc-delhi-police-constable/index.html[22m [2m(+52ms)[22m 
[2m16:45:39[22m   [34m├─[39m [2m/syllabus/ssc-dp-hc-ministerial-2026/index.html[22m [2m(+64ms)[22m 
[2m16:45:39[22m   [34m├─[39m [2m/syllabus/ssc-dp-hc-ministerial/index.html[22m [2m(+53ms)[22m 
[2m16:45:39[22m   [34m├─[39m [2m/syllabus/ssc-dp-awo-tpo-2026/index.html[22m [2m(+52ms)[22m 
[2m16:45:39[22m   [34m├─[39m [2m/syllabus/ssc-dp-awo-tpo/index.html[22m [2m(+132ms)[22m 
[2m16:45:39[22m   [34m├─[39m [2m/syllabus/ssc-dp-driver-2026/index.html[22m [2m(+185ms)[22m 
[2m16:45:40[22m   [34m├─[39m [2m/syllabus/ssc-dp-driver/index.html[22m [2m(+92ms)[22m 
[2m16:45:40[22m   [34m├─[39m [2m/syllabus/ssc-havaldar-2026/index.html[22m [2m(+23ms)[22m 
[2m16:45:40[22m   [34m├─[39m [2m/syllabus/ssc-havaldar/index.html[22m [2m(+80ms)[22m 
[2m16:45:40[22m   [34m├─[39m [2m/syllabus/ssc-chsl-2025/index.html[22m [2m(+33ms)[22m 
[2m16:45:40[22m   [34m├─[39m [2m/syllabus/ssc-mts-2025/index.html[22m [2m(+67ms)[22m 
[2m16:45:40[22m   [34m├─[39m [2m/syllabus/ssc-gd-2025-result/index.html[22m [2m(+169ms)[22m 
[2m16:45:40[22m   [34m├─[39m [2m/syllabus/ssc-cpo-2025/index.html[22m [2m(+134ms)[22m 
[2m16:45:40[22m   [34m├─[39m [2m/syllabus/ssc-steno-2025/index.html[22m [2m(+215ms)[22m 
[2m16:45:40[22m   [34m├─[39m [2m/syllabus/ssc-je-2025/index.html[22m [2m(+65ms)[22m 
[2m16:45:41[22m   [34m├─[39m [2m/syllabus/ssc-phase-13-dv-2026/index.html[22m [2m(+51ms)[22m 
[2m16:45:41[22m   [34m├─[39m [2m/syllabus/ssc-phase-13-dv/index.html[22m [2m(+83ms)[22m 
[2m16:45:41[22m   [34m├─[39m [2m/syllabus/ssc-cgl-2025-status/index.html[22m [2m(+76ms)[22m 
[2m16:45:41[22m   [34m├─[39m [2m/syllabus/ssc-cgl-2027/index.html[22m [2m(+119ms)[22m 
[2m16:45:41[22m   [34m├─[39m [2m/syllabus/ssc-chsl-2027/index.html[22m [2m(+139ms)[22m 
[2m16:45:41[22m   [34m├─[39m [2m/syllabus/ssc-gd-2028/index.html[22m [2m(+50ms)[22m 
[2m16:45:41[22m   [34m├─[39m [2m/syllabus/ssc-mts-2027/index.html[22m [2m(+41ms)[22m 
[2m16:45:41[22m   [34m├─[39m [2m/syllabus/ssc-cpo-2027/index.html[22m [2m(+83ms)[22m 
[2m16:45:41[22m   [34m├─[39m [2m/syllabus/ssc-phase-16-2027/index.html[22m [2m(+41ms)[22m 
[2m16:45:41[22m   [34m├─[39m [2m/syllabus/ssc-phase-16/index.html[22m [2m(+114ms)[22m 
[2m16:45:41[22m   [34m├─[39m [2m/syllabus/ssc-je-2027/index.html[22m [2m(+86ms)[22m 
[2m16:45:41[22m   [34m├─[39m [2m/syllabus/ssc-jht-2027/index.html[22m [2m(+82ms)[22m 
[2m16:45:41[22m   [34m├─[39m [2m/syllabus/uppsc-pcs-2026-1/index.html[22m [2m(+109ms)[22m 
[2m16:45:42[22m   [34m├─[39m [2m/syllabus/uppsc-ro-aro-2026/index.html[22m [2m(+43ms)[22m 
[2m16:45:42[22m   [34m├─[39m [2m/syllabus/uppsc-ro-aro/index.html[22m [2m(+30ms)[22m 
[2m16:45:42[22m   [34m├─[39m [2m/syllabus/uppsc-lecturer-2026/index.html[22m [2m(+70ms)[22m 
[2m16:45:42[22m   [34m├─[39m [2m/syllabus/uppsc-lecturer/index.html[22m [2m(+189ms)[22m 
[2m16:45:42[22m   [34m├─[39m [2m/syllabus/uppsc-staff-nurse-2026/index.html[22m [2m(+75ms)[22m 
[2m16:45:42[22m   [34m├─[39m [2m/syllabus/uppsc-staff-nurse/index.html[22m [2m(+48ms)[22m 
[2m16:45:42[22m   [34m├─[39m [2m/syllabus/uppsc-fso-2026/index.html[22m [2m(+99ms)[22m 
[2m16:45:42[22m   [34m├─[39m [2m/syllabus/uppsc-fso/index.html[22m [2m(+38ms)[22m 
[2m16:45:42[22m   [34m├─[39m [2m/syllabus/uppsc-apo-2026/index.html[22m [2m(+46ms)[22m 
[2m16:45:42[22m   [34m├─[39m [2m/syllabus/uppsc-apo/index.html[22m [2m(+38ms)[22m 
[2m16:45:42[22m   [34m├─[39m [2m/syllabus/up-mines-inspector-2026/index.html[22m [2m(+250ms)[22m 
[2m16:45:43[22m   [34m├─[39m [2m/syllabus/up-mines-inspector/index.html[22m [2m(+48ms)[22m 
[2m16:45:43[22m   [34m├─[39m [2m/syllabus/bpsc-73rd-2026-1/index.html[22m [2m(+49ms)[22m 
[2m16:45:43[22m   [34m├─[39m [2m/syllabus/bpsc-74th-2026/index.html[22m [2m(+112ms)[22m 
[2m16:45:43[22m   [34m├─[39m [2m/syllabus/bpsc-74th/index.html[22m [2m(+41ms)[22m 
[2m16:45:43[22m   [34m├─[39m [2m/syllabus/bpsc-asst-prof-2026/index.html[22m [2m(+100ms)[22m 
[2m16:45:43[22m   [34m├─[39m [2m/syllabus/bpsc-asst-prof/index.html[22m [2m(+48ms)[22m 
[2m16:45:43[22m   [34m├─[39m [2m/syllabus/bpsc-dental-surgeon-2026/index.html[22m [2m(+167ms)[22m 
[2m16:45:43[22m   [34m├─[39m [2m/syllabus/bpsc-dental-surgeon/index.html[22m [2m(+58ms)[22m 
[2m16:45:43[22m   [34m├─[39m [2m/syllabus/bpsc-head-master-2026/index.html[22m [2m(+88ms)[22m 
[2m16:45:43[22m   [34m├─[39m [2m/syllabus/bpsc-head-master/index.html[22m [2m(+37ms)[22m 
[2m16:45:43[22m   [34m├─[39m [2m/syllabus/bpsc-mo-2026/index.html[22m [2m(+97ms)[22m 
[2m16:45:43[22m   [34m├─[39m [2m/syllabus/bpsc-mo/index.html[22m [2m(+293ms)[22m 
[2m16:45:44[22m   [34m├─[39m [2m/syllabus/bpsc-mvi-2026/index.html[22m [2m(+44ms)[22m 
[2m16:45:44[22m   [34m├─[39m [2m/syllabus/bpsc-mvi/index.html[22m [2m(+33ms)[22m 
[2m16:45:44[22m   [34m├─[39m [2m/syllabus/bpsc-bfs-2026/index.html[22m [2m(+33ms)[22m 
[2m16:45:44[22m   [34m├─[39m [2m/syllabus/bpsc-bfs/index.html[22m [2m(+167ms)[22m 
[2m16:45:44[22m   [34m├─[39m [2m/syllabus/mppsc-sse-2026/index.html[22m [2m(+132ms)[22m 
[2m16:45:44[22m   [34m├─[39m [2m/syllabus/mppsc-sse/index.html[22m [2m(+65ms)[22m 
[2m16:45:44[22m   [34m├─[39m [2m/syllabus/mppsc-asst-prof-2026/index.html[22m [2m(+40ms)[22m 
[2m16:45:44[22m   [34m├─[39m [2m/syllabus/mppsc-asst-prof/index.html[22m [2m(+74ms)[22m 
[2m16:45:44[22m   [34m├─[39m [2m/syllabus/mppsc-dental-2026/index.html[22m [2m(+51ms)[22m 
[2m16:45:44[22m   [34m├─[39m [2m/syllabus/mppsc-dental/index.html[22m [2m(+103ms)[22m 
[2m16:45:44[22m   [34m├─[39m [2m/syllabus/mp-forester-2026/index.html[22m [2m(+216ms)[22m 
[2m16:45:45[22m   [34m├─[39m [2m/syllabus/mp-forester/index.html[22m [2m(+126ms)[22m 
[2m16:45:45[22m   [34m├─[39m [2m/syllabus/mp-supervisor-2026/index.html[22m [2m(+75ms)[22m 
[2m16:45:45[22m   [34m├─[39m [2m/syllabus/mp-supervisor/index.html[22m [2m(+43ms)[22m 
[2m16:45:45[22m   [34m├─[39m [2m/syllabus/rpsc-ras-2026-1/index.html[22m [2m(+46ms)[22m 
[2m16:45:45[22m   [34m├─[39m [2m/syllabus/rpsc-lecturer-2026/index.html[22m [2m(+129ms)[22m 
[2m16:45:45[22m   [34m├─[39m [2m/syllabus/rpsc-lecturer/index.html[22m [2m(+38ms)[22m 
[2m16:45:45[22m   [34m├─[39m [2m/syllabus/rpsc-2nd-grade-2026/index.html[22m [2m(+29ms)[22m 
[2m16:45:45[22m   [34m├─[39m [2m/syllabus/rpsc-2nd-grade/index.html[22m [2m(+115ms)[22m 
[2m16:45:45[22m   [34m├─[39m [2m/syllabus/rpsc-pharmacist-2026/index.html[22m [2m(+149ms)[22m 
[2m16:45:45[22m   [34m├─[39m [2m/syllabus/rpsc-pharmacist/index.html[22m [2m(+106ms)[22m 
[2m16:45:45[22m   [34m├─[39m [2m/syllabus/rpsc-nursing-2026/index.html[22m [2m(+141ms)[22m 
[2m16:45:46[22m   [34m├─[39m [2m/syllabus/rpsc-nursing/index.html[22m [2m(+75ms)[22m 
[2m16:45:46[22m   [34m├─[39m [2m/syllabus/rpsc-pti-2026/index.html[22m [2m(+34ms)[22m 
[2m16:45:46[22m   [34m├─[39m [2m/syllabus/rpsc-pti/index.html[22m [2m(+47ms)[22m 
[2m16:45:46[22m   [34m├─[39m [2m/syllabus/rpsc-taxation-2026/index.html[22m [2m(+76ms)[22m 
[2m16:45:46[22m   [34m├─[39m [2m/syllabus/rpsc-taxation/index.html[22m [2m(+125ms)[22m 
[2m16:45:46[22m   [34m├─[39m [2m/syllabus/rpsc-sanskrit-2026/index.html[22m [2m(+36ms)[22m 
[2m16:45:46[22m   [34m├─[39m [2m/syllabus/rpsc-sanskrit/index.html[22m [2m(+98ms)[22m 
[2m16:45:46[22m   [34m├─[39m [2m/syllabus/up-asst-teacher-2026/index.html[22m [2m(+35ms)[22m 
[2m16:45:46[22m   [34m├─[39m [2m/syllabus/up-asst-teacher/index.html[22m [2m(+98ms)[22m 
[2m16:45:46[22m   [34m├─[39m [2m/syllabus/up-pension-2026/index.html[22m [2m(+66ms)[22m 
[2m16:45:46[22m   [34m├─[39m [2m/syllabus/up-pension/index.html[22m [2m(+101ms)[22m 
[2m16:45:46[22m   [34m├─[39m [2m/syllabus/bpsc-head-master-50k/index.html[22m [2m(+175ms)[22m 
[2m16:45:47[22m   [34m├─[39m [2m/syllabus/bpsc-tre-5-0-2026/index.html[22m [2m(+33ms)[22m 
[2m16:45:47[22m   [34m├─[39m [2m/syllabus/bpsc-tre-5-0/index.html[22m [2m(+19ms)[22m 
[2m16:45:47[22m   [34m├─[39m [2m/syllabus/rpsc-hospital-asst-2026/index.html[22m [2m(+41ms)[22m 
[2m16:45:47[22m   [34m├─[39m [2m/syllabus/rpsc-hospital-asst/index.html[22m [2m(+264ms)[22m 
[2m16:45:47[22m   [34m├─[39m [2m/syllabus/mppsc-leo-2026/index.html[22m [2m(+29ms)[22m 
[2m16:45:47[22m   [34m├─[39m [2m/syllabus/mppsc-leo/index.html[22m [2m(+86ms)[22m 
[2m16:45:47[22m   [34m├─[39m [2m/syllabus/army-agniveer-cohort-iii/index.html[22m [2m(+59ms)[22m 
[2m16:45:47[22m   [34m├─[39m [2m/syllabus/iaf-agniveer-vayu-intake-2/index.html[22m [2m(+83ms)[22m 
[2m16:45:47[22m   [34m├─[39m [2m/syllabus/navy-agniveer-mr-2026-1/index.html[22m [2m(+30ms)[22m 
[2m16:45:47[22m   [34m├─[39m [2m/syllabus/bsf-constable-gd-2026/index.html[22m [2m(+35ms)[22m 
[2m16:45:47[22m   [34m├─[39m [2m/syllabus/bsf-constable-gd/index.html[22m [2m(+150ms)[22m 
[2m16:45:47[22m   [34m├─[39m [2m/syllabus/bsf-hc-min-2026/index.html[22m [2m(+43ms)[22m 
[2m16:45:47[22m   [34m├─[39m [2m/syllabus/bsf-hc-min/index.html[22m [2m(+42ms)[22m 
[2m16:45:48[22m   [34m├─[39m [2m/syllabus/bsf-water-wing-2026/index.html[22m [2m(+141ms)[22m 
[2m16:45:48[22m   [34m├─[39m [2m/syllabus/bsf-water-wing/index.html[22m [2m(+24ms)[22m 
[2m16:45:48[22m   [34m├─[39m [2m/syllabus/bsf-asi-steno-2026/index.html[22m [2m(+128ms)[22m 
[2m16:45:48[22m   [34m├─[39m [2m/syllabus/bsf-asi-steno/index.html[22m [2m(+39ms)[22m 
[2m16:45:48[22m   [34m├─[39m [2m/syllabus/cisf-fire-constable-2026/index.html[22m [2m(+36ms)[22m 
[2m16:45:48[22m   [34m├─[39m [2m/syllabus/cisf-fire-constable/index.html[22m [2m(+103ms)[22m 
[2m16:45:48[22m   [34m├─[39m [2m/syllabus/cisf-hc-min-2026/index.html[22m [2m(+44ms)[22m 
[2m16:45:48[22m   [34m├─[39m [2m/syllabus/cisf-hc-min/index.html[22m [2m(+51ms)[22m 
[2m16:45:48[22m   [34m├─[39m [2m/syllabus/cisf-asi-steno-2026/index.html[22m [2m(+120ms)[22m 
[2m16:45:48[22m   [34m├─[39m [2m/syllabus/cisf-asi-steno/index.html[22m [2m(+128ms)[22m 
[2m16:45:48[22m   [34m├─[39m [2m/syllabus/crpf-gd-constable-2026/index.html[22m [2m(+50ms)[22m 
[2m16:45:48[22m   [34m├─[39m [2m/syllabus/crpf-gd-constable/index.html[22m [2m(+32ms)[22m 
[2m16:45:48[22m   [34m├─[39m [2m/syllabus/crpf-hc-min-2026/index.html[22m [2m(+107ms)[22m 
[2m16:45:49[22m   [34m├─[39m [2m/syllabus/crpf-hc-min/index.html[22m [2m(+131ms)[22m 
[2m16:45:49[22m   [34m├─[39m [2m/syllabus/crpf-asi-steno-2026/index.html[22m [2m(+180ms)[22m 
[2m16:45:49[22m   [34m├─[39m [2m/syllabus/crpf-asi-steno/index.html[22m [2m(+85ms)[22m 
[2m16:45:49[22m   [34m├─[39m [2m/syllabus/itbp-constable-tradesman-2026/index.html[22m [2m(+116ms)[22m 
[2m16:45:49[22m   [34m├─[39m [2m/syllabus/itbp-constable-tradesman/index.html[22m [2m(+45ms)[22m 
[2m16:45:49[22m   [34m├─[39m [2m/syllabus/itbp-driver-2026/index.html[22m [2m(+219ms)[22m 
[2m16:45:49[22m   [34m├─[39m [2m/syllabus/itbp-driver/index.html[22m [2m(+46ms)[22m 
[2m16:45:49[22m   [34m├─[39m [2m/syllabus/ssb-gd-constable-2026/index.html[22m [2m(+91ms)[22m 
[2m16:45:49[22m   [34m├─[39m [2m/syllabus/ssb-gd-constable/index.html[22m [2m(+18ms)[22m 
[2m16:45:49[22m   [34m├─[39m [2m/syllabus/ssb-hc-min-2026/index.html[22m [2m(+36ms)[22m 
[2m16:45:50[22m   [34m├─[39m [2m/syllabus/ssb-hc-min/index.html[22m [2m(+47ms)[22m 
[2m16:45:50[22m   [34m├─[39m [2m/syllabus/assam-rifles-tradesman-2026/index.html[22m [2m(+169ms)[22m 
[2m16:45:50[22m   [34m├─[39m [2m/syllabus/assam-rifles-tradesman/index.html[22m [2m(+230ms)[22m 
[2m16:45:50[22m   [34m├─[39m [2m/syllabus/ar-hc-min-2026/index.html[22m [2m(+45ms)[22m 
[2m16:45:50[22m   [34m├─[39m [2m/syllabus/ar-hc-min/index.html[22m [2m(+87ms)[22m 
[2m16:45:50[22m   [34m├─[39m [2m/syllabus/bro-tradesman-2026/index.html[22m [2m(+102ms)[22m 
[2m16:45:50[22m   [34m├─[39m [2m/syllabus/bro-tradesman/index.html[22m [2m(+163ms)[22m 
[2m16:45:50[22m   [34m├─[39m [2m/syllabus/bro-msw-2026/index.html[22m [2m(+246ms)[22m 
[2m16:45:51[22m   [34m├─[39m [2m/syllabus/bro-msw/index.html[22m [2m(+91ms)[22m 
[2m16:45:51[22m   [34m├─[39m [2m/syllabus/bro-draughtsman-2026/index.html[22m [2m(+66ms)[22m 
[2m16:45:51[22m   [34m├─[39m [2m/syllabus/bro-draughtsman/index.html[22m [2m(+51ms)[22m 
[2m16:45:51[22m   [34m├─[39m [2m/syllabus/ncb-inspector-2026/index.html[22m [2m(+128ms)[22m 
[2m16:45:51[22m   [34m├─[39m [2m/syllabus/ncb-inspector/index.html[22m [2m(+204ms)[22m 
[2m16:45:51[22m   [34m├─[39m [2m/syllabus/navy-dockyard-apprentice-2026/index.html[22m [2m(+53ms)[22m 
[2m16:45:51[22m   [34m├─[39m [2m/syllabus/navy-dockyard-apprentice/index.html[22m [2m(+83ms)[22m 
[2m16:45:51[22m   [34m├─[39m [2m/syllabus/army-ssc-tech-2026/index.html[22m [2m(+94ms)[22m 
[2m16:45:51[22m   [34m├─[39m [2m/syllabus/army-ssc-tech/index.html[22m [2m(+21ms)[22m 
[2m16:45:51[22m   [34m├─[39m [2m/syllabus/army-ncc-special-2026/index.html[22m [2m(+197ms)[22m 
[2m16:45:52[22m   [34m├─[39m [2m/syllabus/army-ncc-special/index.html[22m [2m(+67ms)[22m 
[2m16:45:52[22m   [34m├─[39m [2m/syllabus/army-jag-entry-2026/index.html[22m [2m(+251ms)[22m 
[2m16:45:52[22m   [34m├─[39m [2m/syllabus/army-jag-entry/index.html[22m [2m(+33ms)[22m 
[2m16:45:52[22m   [34m├─[39m [2m/syllabus/army-tgc-2026/index.html[22m [2m(+33ms)[22m 
[2m16:45:52[22m   [34m├─[39m [2m/syllabus/army-tgc/index.html[22m [2m(+35ms)[22m 
[2m16:45:52[22m   [34m├─[39m [2m/syllabus/navy-ssc-officer-2026/index.html[22m [2m(+147ms)[22m 
[2m16:45:52[22m   [34m├─[39m [2m/syllabus/navy-ssc-officer/index.html[22m [2m(+33ms)[22m 
[2m16:45:52[22m   [34m├─[39m [2m/syllabus/navy-ues-2026/index.html[22m [2m(+308ms)[22m 
[2m16:45:52[22m   [34m├─[39m [2m/syllabus/navy-ues/index.html[22m [2m(+83ms)[22m 
[2m16:45:53[22m   [34m├─[39m [2m/syllabus/iaf-afcat-2-2026/index.html[22m [2m(+27ms)[22m 
[2m16:45:53[22m   [34m├─[39m [2m/syllabus/iaf-afcat-2/index.html[22m [2m(+48ms)[22m 
[2m16:45:53[22m   [34m├─[39m [2m/syllabus/iaf-afcat-1-2026-result/index.html[22m [2m(+50ms)[22m 
[2m16:45:53[22m   [34m├─[39m [2m/syllabus/kvs-pgt/index.html[22m [2m(+168ms)[22m 
[2m16:45:53[22m   [34m├─[39m [2m/syllabus/kvs-tgt-2026/index.html[22m [2m(+149ms)[22m 
[2m16:45:53[22m   [34m├─[39m [2m/syllabus/kvs-tgt/index.html[22m [2m(+33ms)[22m 
[2m16:45:53[22m   [34m├─[39m [2m/syllabus/kvs-prt-2026/index.html[22m [2m(+34ms)[22m 
[2m16:45:53[22m   [34m├─[39m [2m/syllabus/kvs-prt/index.html[22m [2m(+129ms)[22m 
[2m16:45:53[22m   [34m├─[39m [2m/syllabus/kvs-non-teaching-2026/index.html[22m [2m(+47ms)[22m 
[2m16:45:53[22m   [34m├─[39m [2m/syllabus/kvs-non-teaching/index.html[22m [2m(+187ms)[22m 
[2m16:45:53[22m   [34m├─[39m [2m/syllabus/nvs-teaching-2026/index.html[22m [2m(+64ms)[22m 
[2m16:45:54[22m   [34m├─[39m [2m/syllabus/nvs-teaching/index.html[22m [2m(+32ms)[22m 
[2m16:45:54[22m   [34m├─[39m [2m/syllabus/nvs-non-teaching-2026/index.html[22m [2m(+108ms)[22m 
[2m16:45:54[22m   [34m├─[39m [2m/syllabus/nvs-non-teaching/index.html[22m [2m(+34ms)[22m 
[2m16:45:54[22m   [34m├─[39m [2m/syllabus/dsssb-pgt-2026/index.html[22m [2m(+133ms)[22m 
[2m16:45:54[22m   [34m├─[39m [2m/syllabus/dsssb-pgt/index.html[22m [2m(+111ms)[22m 
[2m16:45:54[22m   [34m├─[39m [2m/syllabus/dsssb-tgt-2026/index.html[22m [2m(+38ms)[22m 
[2m16:45:54[22m   [34m├─[39m [2m/syllabus/dsssb-tgt/index.html[22m [2m(+184ms)[22m 
[2m16:45:54[22m   [34m├─[39m [2m/syllabus/dsssb-prt-2026/index.html[22m [2m(+83ms)[22m 
[2m16:45:54[22m   [34m├─[39m [2m/syllabus/dsssb-prt/index.html[22m [2m(+110ms)[22m 
[2m16:45:54[22m   [34m├─[39m [2m/syllabus/dsssb-non-teaching-2026/index.html[22m [2m(+96ms)[22m 
[2m16:45:54[22m   [34m├─[39m [2m/syllabus/dsssb-non-teaching/index.html[22m [2m(+38ms)[22m 
[2m16:45:54[22m   [34m├─[39m [2m/syllabus/dsssb-librarian-2026/index.html[22m [2m(+99ms)[22m 
[2m16:45:55[22m   [34m├─[39m [2m/syllabus/dsssb-librarian/index.html[22m [2m(+185ms)[22m 
[2m16:45:55[22m   [34m├─[39m [2m/syllabus/bpsc-tre-5-0-2026-1/index.html[22m [2m(+50ms)[22m 
[2m16:45:55[22m   [34m├─[39m [2m/syllabus/up-asst-teacher-2026-1/index.html[22m [2m(+87ms)[22m 
[2m16:45:55[22m   [34m├─[39m [2m/syllabus/ctet-feb-2027/index.html[22m [2m(+115ms)[22m 
[2m16:45:55[22m   [34m├─[39m [2m/syllabus/ctet-feb/index.html[22m [2m(+51ms)[22m 
[2m16:45:55[22m   [34m├─[39m [2m/syllabus/ugc-net-dec-2026/index.html[22m [2m(+116ms)[22m 
[2m16:45:55[22m   [34m├─[39m [2m/syllabus/ugc-net-dec/index.html[22m [2m(+80ms)[22m 
[2m16:45:55[22m   [34m├─[39m [2m/syllabus/csir-net-dec-2026/index.html[22m [2m(+161ms)[22m 
[2m16:45:55[22m   [34m├─[39m [2m/syllabus/csir-net-dec/index.html[22m [2m(+124ms)[22m 
[2m16:45:56[22m   [34m├─[39m [2m/syllabus/kv-librarian-2026/index.html[22m [2m(+63ms)[22m 
[2m16:45:56[22m   [34m├─[39m [2m/syllabus/kv-librarian/index.html[22m [2m(+70ms)[22m 
[2m16:45:56[22m   [34m├─[39m [2m/syllabus/kvs-ac-2026/index.html[22m [2m(+61ms)[22m 
[2m16:45:56[22m   [34m├─[39m [2m/syllabus/kvs-ac/index.html[22m [2m(+150ms)[22m 
[2m16:45:56[22m   [34m├─[39m [2m/syllabus/haryana-htet-2026/index.html[22m [2m(+90ms)[22m 
[2m16:45:56[22m   [34m├─[39m [2m/syllabus/haryana-htet/index.html[22m [2m(+100ms)[22m 
[2m16:45:56[22m   [34m├─[39m [2m/syllabus/tripura-tet-2026/index.html[22m [2m(+98ms)[22m 
[2m16:45:56[22m   [34m├─[39m [2m/syllabus/tripura-tet/index.html[22m [2m(+102ms)[22m 
[2m16:45:56[22m   [34m├─[39m [2m/syllabus/assam-tet-2026/index.html[22m [2m(+100ms)[22m 
[2m16:45:56[22m   [34m├─[39m [2m/syllabus/assam-tet/index.html[22m [2m(+100ms)[22m 
[2m16:45:56[22m   [34m├─[39m [2m/syllabus/karnataka-tet-2026/index.html[22m [2m(+124ms)[22m 
[2m16:45:57[22m   [34m├─[39m [2m/syllabus/karnataka-tet/index.html[22m [2m(+83ms)[22m 
[2m16:45:57[22m   [34m├─[39m [2m/syllabus/mh-tet-2026/index.html[22m [2m(+79ms)[22m 
[2m16:45:57[22m   [34m├─[39m [2m/syllabus/mh-tet/index.html[22m [2m(+138ms)[22m 
[2m16:45:57[22m   [34m├─[39m [2m/syllabus/rpsc-school-lecturer-2026/index.html[22m [2m(+175ms)[22m 
[2m16:45:57[22m   [34m├─[39m [2m/syllabus/rpsc-school-lecturer/index.html[22m [2m(+141ms)[22m 
[2m16:45:57[22m   [34m├─[39m [2m/syllabus/bpsc-head-master-50k-teaching/index.html[22m [2m(+69ms)[22m 
[2m16:45:57[22m   [34m├─[39m [2m/syllabus/aiims-delhi-nursing-2026/index.html[22m [2m(+100ms)[22m 
[2m16:45:57[22m   [34m├─[39m [2m/syllabus/aiims-delhi-nursing/index.html[22m [2m(+72ms)[22m 
[2m16:45:57[22m   [34m├─[39m [2m/syllabus/aiims-jodhpur-nursing-2026/index.html[22m [2m(+86ms)[22m 
[2m16:45:58[22m   [34m├─[39m [2m/syllabus/aiims-jodhpur-nursing/index.html[22m [2m(+56ms)[22m 
[2m16:45:58[22m   [34m├─[39m [2m/syllabus/aiims-patna-nursing-2026/index.html[22m [2m(+168ms)[22m 
[2m16:45:58[22m   [34m├─[39m [2m/syllabus/aiims-patna-nursing/index.html[22m [2m(+164ms)[22m 
[2m16:45:58[22m   [34m├─[39m [2m/syllabus/aiims-bhopal-nursing-2026/index.html[22m [2m(+44ms)[22m 
[2m16:45:58[22m   [34m├─[39m [2m/syllabus/aiims-bhopal-nursing/index.html[22m [2m(+76ms)[22m 
[2m16:45:58[22m   [34m├─[39m [2m/syllabus/aiims-rishikesh-nursing-2026/index.html[22m [2m(+107ms)[22m 
[2m16:45:58[22m   [34m├─[39m [2m/syllabus/aiims-rishikesh-nursing/index.html[22m [2m(+88ms)[22m 
[2m16:45:58[22m   [34m├─[39m [2m/syllabus/aiims-bhubaneswar-nursing-2026/index.html[22m [2m(+36ms)[22m 
[2m16:45:58[22m   [34m├─[39m [2m/syllabus/aiims-bhubaneswar-nursing/index.html[22m [2m(+51ms)[22m 
[2m16:45:58[22m   [34m├─[39m [2m/syllabus/aiims-raipur-nursing-2026/index.html[22m [2m(+166ms)[22m 
[2m16:45:59[22m   [34m├─[39m [2m/syllabus/aiims-raipur-nursing/index.html[22m [2m(+201ms)[22m 
[2m16:45:59[22m   [34m├─[39m [2m/syllabus/aiims-nagpur-nursing-2026/index.html[22m [2m(+45ms)[22m 
[2m16:45:59[22m   [34m├─[39m [2m/syllabus/aiims-nagpur-nursing/index.html[22m [2m(+87ms)[22m 
[2m16:45:59[22m   [34m├─[39m [2m/syllabus/esic-hospital-2026/index.html[22m [2m(+76ms)[22m 
[2m16:45:59[22m   [34m├─[39m [2m/syllabus/esic-hospital/index.html[22m [2m(+106ms)[22m 
[2m16:45:59[22m   [34m├─[39m [2m/syllabus/esic-nursing-2026/index.html[22m [2m(+176ms)[22m 
[2m16:45:59[22m   [34m├─[39m [2m/syllabus/esic-nursing/index.html[22m [2m(+39ms)[22m 
[2m16:45:59[22m   [34m├─[39m [2m/syllabus/nhm-cho-2026/index.html[22m [2m(+54ms)[22m 
[2m16:45:59[22m   [34m├─[39m [2m/syllabus/nhm-cho/index.html[22m [2m(+105ms)[22m 
[2m16:45:59[22m   [34m├─[39m [2m/syllabus/nhm-staff-nurse-2026/index.html[22m [2m(+195ms)[22m 
[2m16:46:00[22m   [34m├─[39m [2m/syllabus/nhm-staff-nurse/index.html[22m [2m(+54ms)[22m 
[2m16:46:00[22m   [34m├─[39m [2m/syllabus/nhm-mo-2026/index.html[22m [2m(+53ms)[22m 
[2m16:46:00[22m   [34m├─[39m [2m/syllabus/nhm-mo/index.html[22m [2m(+77ms)[22m 
[2m16:46:00[22m   [34m├─[39m [2m/syllabus/nhm-anm-2026/index.html[22m [2m(+88ms)[22m 
[2m16:46:00[22m   [34m├─[39m [2m/syllabus/nhm-anm/index.html[22m [2m(+61ms)[22m 
[2m16:46:00[22m   [34m├─[39m [2m/syllabus/nhm-pharmacist-2026/index.html[22m [2m(+108ms)[22m 
[2m16:46:00[22m   [34m├─[39m [2m/syllabus/nhm-pharmacist/index.html[22m [2m(+63ms)[22m 
[2m16:46:00[22m   [34m├─[39m [2m/syllabus/cghs-doctor-2026/index.html[22m [2m(+55ms)[22m 
[2m16:46:00[22m   [34m├─[39m [2m/syllabus/cghs-doctor/index.html[22m [2m(+112ms)[22m 
[2m16:46:00[22m   [34m├─[39m [2m/syllabus/army-medical-corps-2026/index.html[22m [2m(+108ms)[22m 
[2m16:46:00[22m   [34m├─[39m [2m/syllabus/army-medical-corps/index.html[22m [2m(+128ms)[22m 
[2m16:46:01[22m   [34m├─[39m [2m/syllabus/navy-medical-officer-2026/index.html[22m [2m(+100ms)[22m 
[2m16:46:01[22m   [34m├─[39m [2m/syllabus/navy-medical-officer/index.html[22m [2m(+161ms)[22m 
[2m16:46:01[22m   [34m├─[39m [2m/syllabus/iaf-medical-officer-2026/index.html[22m [2m(+28ms)[22m 
[2m16:46:01[22m   [34m├─[39m [2m/syllabus/iaf-medical-officer/index.html[22m [2m(+22ms)[22m 
[2m16:46:01[22m   [34m├─[39m [2m/syllabus/jipmer-nursing-2026/index.html[22m [2m(+54ms)[22m 
[2m16:46:01[22m   [34m├─[39m [2m/syllabus/jipmer-nursing/index.html[22m [2m(+70ms)[22m 
[2m16:46:01[22m   [34m├─[39m [2m/syllabus/nhm-lab-tech-2026/index.html[22m [2m(+261ms)[22m 
[2m16:46:01[22m   [34m├─[39m [2m/syllabus/nhm-lab-tech/index.html[22m [2m(+101ms)[22m 
[2m16:46:01[22m   [34m├─[39m [2m/syllabus/isro-scientist-2026/index.html[22m [2m(+118ms)[22m 
[2m16:46:01[22m   [34m├─[39m [2m/syllabus/isro-scientist/index.html[22m [2m(+69ms)[22m 
[2m16:46:02[22m   [34m├─[39m [2m/syllabus/isro-tech-asst-2026/index.html[22m [2m(+29ms)[22m 
[2m16:46:02[22m   [34m├─[39m [2m/syllabus/isro-tech-asst/index.html[22m [2m(+39ms)[22m 
[2m16:46:02[22m   [34m├─[39m [2m/syllabus/isro-technician-2026/index.html[22m [2m(+63ms)[22m 
[2m16:46:02[22m   [34m├─[39m [2m/syllabus/isro-technician/index.html[22m [2m(+162ms)[22m 
[2m16:46:02[22m   [34m├─[39m [2m/syllabus/drdo-scientist-b-2026/index.html[22m [2m(+55ms)[22m 
[2m16:46:02[22m   [34m├─[39m [2m/syllabus/drdo-scientist-b/index.html[22m [2m(+164ms)[22m 
[2m16:46:02[22m   [34m├─[39m [2m/syllabus/barc-scientific-officer-2026/index.html[22m [2m(+59ms)[22m 
[2m16:46:02[22m   [34m├─[39m [2m/syllabus/barc-scientific-officer/index.html[22m [2m(+33ms)[22m 
[2m16:46:02[22m   [34m├─[39m [2m/syllabus/barc-trainee-2026/index.html[22m [2m(+63ms)[22m 
[2m16:46:02[22m   [34m├─[39m [2m/syllabus/barc-trainee/index.html[22m [2m(+80ms)[22m 
[2m16:46:02[22m   [34m├─[39m [2m/syllabus/ntpc-et-2026/index.html[22m [2m(+32ms)[22m 
[2m16:46:02[22m   [34m├─[39m [2m/syllabus/ntpc-et/index.html[22m [2m(+34ms)[22m 
[2m16:46:02[22m   [34m├─[39m [2m/syllabus/ntpc-diploma-2026/index.html[22m [2m(+232ms)[22m 
[2m16:46:03[22m   [34m├─[39m [2m/syllabus/ntpc-diploma/index.html[22m [2m(+91ms)[22m 
[2m16:46:03[22m   [34m├─[39m [2m/syllabus/nhpc-et-2026/index.html[22m [2m(+42ms)[22m 
[2m16:46:03[22m   [34m├─[39m [2m/syllabus/nhpc-et/index.html[22m [2m(+42ms)[22m 
[2m16:46:03[22m   [34m├─[39m [2m/syllabus/pgcil-et-2026/index.html[22m [2m(+59ms)[22m 
[2m16:46:03[22m   [34m├─[39m [2m/syllabus/pgcil-et/index.html[22m [2m(+49ms)[22m 
[2m16:46:03[22m   [34m├─[39m [2m/syllabus/aai-je-airport-ops-2026/index.html[22m [2m(+311ms)[22m 
[2m16:46:03[22m   [34m├─[39m [2m/syllabus/aai-je-airport-ops/index.html[22m [2m(+35ms)[22m 
[2m16:46:03[22m   [34m├─[39m [2m/syllabus/nhai-deputy-manager-2026/index.html[22m [2m(+38ms)[22m 
[2m16:46:03[22m   [34m├─[39m [2m/syllabus/nhai-deputy-manager/index.html[22m [2m(+34ms)[22m 
[2m16:46:03[22m   [34m├─[39m [2m/syllabus/cpwd-section-eng-2026/index.html[22m [2m(+43ms)[22m 
[2m16:46:03[22m   [34m├─[39m [2m/syllabus/cpwd-section-eng/index.html[22m [2m(+88ms)[22m 
[2m16:46:03[22m   [34m├─[39m [2m/syllabus/bro-je-technician-2026/index.html[22m [2m(+237ms)[22m 
[2m16:46:04[22m   [34m├─[39m [2m/syllabus/bro-je-technician/index.html[22m [2m(+106ms)[22m 
[2m16:46:04[22m   [34m├─[39m [2m/syllabus/bhel-et-2026/index.html[22m [2m(+73ms)[22m 
[2m16:46:04[22m   [34m├─[39m [2m/syllabus/bhel-et/index.html[22m [2m(+36ms)[22m 
[2m16:46:04[22m   [34m├─[39m [2m/syllabus/bhel-apprentice-2026/index.html[22m [2m(+43ms)[22m 
[2m16:46:04[22m   [34m├─[39m [2m/syllabus/bhel-apprentice/index.html[22m [2m(+86ms)[22m 
[2m16:46:04[22m   [34m├─[39m [2m/syllabus/sail-mt-2026-1/index.html[22m [2m(+82ms)[22m 
[2m16:46:04[22m   [34m├─[39m [2m/syllabus/sail-apprentice-2026/index.html[22m [2m(+32ms)[22m 
[2m16:46:04[22m   [34m├─[39m [2m/syllabus/sail-apprentice/index.html[22m [2m(+132ms)[22m 
[2m16:46:04[22m   [34m├─[39m [2m/syllabus/ongc-apprentice-2026/index.html[22m [2m(+107ms)[22m 
[2m16:46:04[22m   [34m├─[39m [2m/syllabus/ongc-apprentice/index.html[22m [2m(+129ms)[22m 
[2m16:46:04[22m   [34m├─[39m [2m/syllabus/gail-apprentice-2026/index.html[22m [2m(+166ms)[22m 
[2m16:46:05[22m   [34m├─[39m [2m/syllabus/gail-apprentice/index.html[22m [2m(+107ms)[22m 
[2m16:46:05[22m   [34m├─[39m [2m/syllabus/hpcl-technician-2026/index.html[22m [2m(+110ms)[22m 
[2m16:46:05[22m   [34m├─[39m [2m/syllabus/hpcl-technician/index.html[22m [2m(+73ms)[22m 
[2m16:46:05[22m   [34m├─[39m [2m/syllabus/hcl-officer-2026/index.html[22m [2m(+26ms)[22m 
[2m16:46:05[22m   [34m├─[39m [2m/syllabus/hcl-officer/index.html[22m [2m(+88ms)[22m 
[2m16:46:05[22m   [34m├─[39m [2m/syllabus/nmdc-mining-2026/index.html[22m [2m(+113ms)[22m 
[2m16:46:05[22m   [34m├─[39m [2m/syllabus/nmdc-mining/index.html[22m [2m(+70ms)[22m 
[2m16:46:05[22m   [34m├─[39m [2m/syllabus/mecon-engineer-2026/index.html[22m [2m(+86ms)[22m 
[2m16:46:05[22m   [34m├─[39m [2m/syllabus/mecon-engineer/index.html[22m [2m(+166ms)[22m 
[2m16:46:06[22m   [34m├─[39m [2m/syllabus/eil-officer-2026/index.html[22m [2m(+206ms)[22m 
[2m16:46:06[22m   [34m├─[39m [2m/syllabus/eil-officer/index.html[22m [2m(+83ms)[22m 
[2m16:46:06[22m   [34m├─[39m [2m/syllabus/mh-police-constable-2026/index.html[22m [2m(+151ms)[22m 
[2m16:46:06[22m   [34m├─[39m [2m/syllabus/mh-police-constable/index.html[22m [2m(+102ms)[22m 
[2m16:46:06[22m   [34m├─[39m [2m/syllabus/mh-police-si-2026/index.html[22m [2m(+50ms)[22m 
[2m16:46:06[22m   [34m├─[39m [2m/syllabus/mh-police-si/index.html[22m [2m(+40ms)[22m 
[2m16:46:06[22m   [34m├─[39m [2m/syllabus/gujarat-police-constable-2026/index.html[22m [2m(+65ms)[22m 
[2m16:46:06[22m   [34m├─[39m [2m/syllabus/gujarat-police-constable/index.html[22m [2m(+91ms)[22m 
[2m16:46:06[22m   [34m├─[39m [2m/syllabus/gujarat-police-si-2026/index.html[22m [2m(+199ms)[22m 
[2m16:46:07[22m   [34m├─[39m [2m/syllabus/gujarat-police-si/index.html[22m [2m(+111ms)[22m 
[2m16:46:07[22m   [34m├─[39m [2m/syllabus/karnataka-police-constable-2026/index.html[22m [2m(+28ms)[22m 
[2m16:46:07[22m   [34m├─[39m [2m/syllabus/karnataka-police-constable/index.html[22m [2m(+112ms)[22m 
[2m16:46:07[22m   [34m├─[39m [2m/syllabus/karnataka-police-si-2026/index.html[22m [2m(+53ms)[22m 
[2m16:46:07[22m   [34m├─[39m [2m/syllabus/karnataka-police-si/index.html[22m [2m(+79ms)[22m 
[2m16:46:07[22m   [34m├─[39m [2m/syllabus/tn-police-constable-2026/index.html[22m [2m(+56ms)[22m 
[2m16:46:07[22m   [34m├─[39m [2m/syllabus/tn-police-constable/index.html[22m [2m(+31ms)[22m 
[2m16:46:07[22m   [34m├─[39m [2m/syllabus/tn-police-si-2026/index.html[22m [2m(+182ms)[22m 
[2m16:46:07[22m   [34m├─[39m [2m/syllabus/tn-police-si/index.html[22m [2m(+35ms)[22m 
[2m16:46:07[22m   [34m├─[39m [2m/syllabus/wb-police-constable-2026/index.html[22m [2m(+65ms)[22m 
[2m16:46:07[22m   [34m├─[39m [2m/syllabus/wb-police-constable/index.html[22m [2m(+170ms)[22m 
[2m16:46:07[22m   [34m├─[39m [2m/syllabus/wb-police-si-2026/index.html[22m [2m(+42ms)[22m 
[2m16:46:07[22m   [34m├─[39m [2m/syllabus/wb-police-si/index.html[22m [2m(+23ms)[22m 
[2m16:46:07[22m   [34m├─[39m [2m/syllabus/odisha-police-constable-2026/index.html[22m [2m(+116ms)[22m 
[2m16:46:08[22m   [34m├─[39m [2m/syllabus/odisha-police-constable/index.html[22m [2m(+77ms)[22m 
[2m16:46:08[22m   [34m├─[39m [2m/syllabus/jharkhand-police-constable-2026/index.html[22m [2m(+124ms)[22m 
[2m16:46:08[22m   [34m├─[39m [2m/syllabus/jharkhand-police-constable/index.html[22m [2m(+34ms)[22m 
[2m16:46:08[22m   [34m├─[39m [2m/syllabus/cg-police-constable-2026/index.html[22m [2m(+66ms)[22m 
[2m16:46:08[22m   [34m├─[39m [2m/syllabus/cg-police-constable/index.html[22m [2m(+99ms)[22m 
[2m16:46:08[22m   [34m├─[39m [2m/syllabus/jk-police-constable-2026/index.html[22m [2m(+29ms)[22m 
[2m16:46:08[22m   [34m├─[39m [2m/syllabus/jk-police-constable/index.html[22m [2m(+269ms)[22m 
[2m16:46:08[22m   [34m├─[39m [2m/syllabus/haryana-police-constable-2026/index.html[22m [2m(+33ms)[22m 
[2m16:46:08[22m   [34m├─[39m [2m/syllabus/haryana-police-constable/index.html[22m [2m(+84ms)[22m 
[2m16:46:08[22m   [34m├─[39m [2m/syllabus/haryana-police-si-2026/index.html[22m [2m(+102ms)[22m 
[2m16:46:09[22m   [34m├─[39m [2m/syllabus/haryana-police-si/index.html[22m [2m(+71ms)[22m 
[2m16:46:09[22m   [34m├─[39m [2m/syllabus/punjab-police-constable-2026/index.html[22m [2m(+59ms)[22m 
[2m16:46:09[22m   [34m├─[39m [2m/syllabus/punjab-police-constable/index.html[22m [2m(+65ms)[22m 
[2m16:46:09[22m   [34m├─[39m [2m/syllabus/hp-police-constable-2026/index.html[22m [2m(+201ms)[22m 
[2m16:46:09[22m   [34m├─[39m [2m/syllabus/hp-police-constable/index.html[22m [2m(+92ms)[22m 
[2m16:46:09[22m   [34m├─[39m [2m/syllabus/uttarakhand-police-constable-2026/index.html[22m [2m(+23ms)[22m 
[2m16:46:09[22m   [34m├─[39m [2m/syllabus/uttarakhand-police-constable/index.html[22m [2m(+29ms)[22m 
[2m16:46:09[22m   [34m├─[39m [2m/syllabus/assam-police-constable-2026/index.html[22m [2m(+103ms)[22m 
[2m16:46:09[22m   [34m├─[39m [2m/syllabus/assam-police-constable/index.html[22m [2m(+101ms)[22m 
[2m16:46:09[22m   [34m├─[39m [2m/syllabus/assam-police-si-2026/index.html[22m [2m(+116ms)[22m 
[2m16:46:09[22m   [34m├─[39m [2m/syllabus/assam-police-si/index.html[22m [2m(+52ms)[22m 
[2m16:46:09[22m   [34m├─[39m [2m/syllabus/ts-police-constable-2026/index.html[22m [2m(+34ms)[22m 
[2m16:46:09[22m   [34m├─[39m [2m/syllabus/ts-police-constable/index.html[22m [2m(+25ms)[22m 
[2m16:46:10[22m   [34m├─[39m [2m/syllabus/ap-police-constable-2026/index.html[22m [2m(+40ms)[22m 
[2m16:46:10[22m   [34m├─[39m [2m/syllabus/ap-police-constable/index.html[22m [2m(+170ms)[22m 
[2m16:46:10[22m   [34m├─[39m [2m/syllabus/up-police-constable-2027/index.html[22m [2m(+49ms)[22m 
[2m16:46:10[22m   [34m├─[39m [2m/syllabus/allahabad-hc-cj-2026/index.html[22m [2m(+150ms)[22m 
[2m16:46:10[22m   [34m├─[39m [2m/syllabus/allahabad-hc-cj/index.html[22m [2m(+96ms)[22m 
[2m16:46:10[22m   [34m├─[39m [2m/syllabus/allahabad-hc-dj-2026/index.html[22m [2m(+32ms)[22m 
[2m16:46:10[22m   [34m├─[39m [2m/syllabus/allahabad-hc-dj/index.html[22m [2m(+33ms)[22m 
[2m16:46:10[22m   [34m├─[39m [2m/syllabus/patna-hc-cj-2026/index.html[22m [2m(+55ms)[22m 
[2m16:46:10[22m   [34m├─[39m [2m/syllabus/patna-hc-cj/index.html[22m [2m(+113ms)[22m 
[2m16:46:10[22m   [34m├─[39m [2m/syllabus/rajasthan-hc-cj-2026/index.html[22m [2m(+100ms)[22m 
[2m16:46:10[22m   [34m├─[39m [2m/syllabus/rajasthan-hc-cj/index.html[22m [2m(+187ms)[22m 
[2m16:46:11[22m   [34m├─[39m [2m/syllabus/mp-hc-cj-2026/index.html[22m [2m(+50ms)[22m 
[2m16:46:11[22m   [34m├─[39m [2m/syllabus/mp-hc-cj/index.html[22m [2m(+29ms)[22m 
[2m16:46:11[22m   [34m├─[39m [2m/syllabus/bombay-hc-cj-2026/index.html[22m [2m(+98ms)[22m 
[2m16:46:11[22m   [34m├─[39m [2m/syllabus/bombay-hc-cj/index.html[22m [2m(+30ms)[22m 
[2m16:46:11[22m   [34m├─[39m [2m/syllabus/calcutta-hc-cj-2026/index.html[22m [2m(+70ms)[22m 
[2m16:46:11[22m   [34m├─[39m [2m/syllabus/calcutta-hc-cj/index.html[22m [2m(+52ms)[22m 
[2m16:46:11[22m   [34m├─[39m [2m/syllabus/madras-hc-cj-2026/index.html[22m [2m(+97ms)[22m 
[2m16:46:11[22m   [34m├─[39m [2m/syllabus/madras-hc-cj/index.html[22m [2m(+37ms)[22m 
[2m16:46:11[22m   [34m├─[39m [2m/syllabus/karnataka-hc-cj-2026/index.html[22m [2m(+127ms)[22m 
[2m16:46:11[22m   [34m├─[39m [2m/syllabus/karnataka-hc-cj/index.html[22m [2m(+126ms)[22m 
[2m16:46:11[22m   [34m├─[39m [2m/syllabus/allahabad-hc-dj-direct-2026/index.html[22m [2m(+186ms)[22m 
[2m16:46:11[22m   [34m├─[39m [2m/syllabus/allahabad-hc-dj-direct/index.html[22m [2m(+18ms)[22m 
[2m16:46:11[22m   [34m├─[39m [2m/syllabus/delhi-dc-cj-2026/index.html[22m [2m(+29ms)[22m 
[2m16:46:12[22m   [34m├─[39m [2m/syllabus/delhi-dc-cj/index.html[22m [2m(+35ms)[22m 
[2m16:46:12[22m   [34m├─[39m [2m/syllabus/sci-jca-2026/index.html[22m [2m(+66ms)[22m 
[2m16:46:12[22m   [34m├─[39m [2m/syllabus/sci-jca/index.html[22m [2m(+51ms)[22m 
[2m16:46:12[22m   [34m├─[39m [2m/syllabus/sci-pa-steno-2026/index.html[22m [2m(+67ms)[22m 
[2m16:46:12[22m   [34m├─[39m [2m/syllabus/sci-pa-steno/index.html[22m [2m(+228ms)[22m 
[2m16:46:12[22m   [34m├─[39m [2m/syllabus/telangana-hc-cj-2026/index.html[22m [2m(+69ms)[22m 
[2m16:46:12[22m   [34m├─[39m [2m/syllabus/telangana-hc-cj/index.html[22m [2m(+49ms)[22m 
[2m16:46:12[22m   [34m├─[39m [2m/syllabus/kerala-hc-cj-2026/index.html[22m [2m(+34ms)[22m 
[2m16:46:12[22m   [34m├─[39m [2m/syllabus/kerala-hc-cj/index.html[22m [2m(+32ms)[22m 
[2m16:46:12[22m   [34m├─[39m [2m/syllabus/gauhati-hc-cj-2026/index.html[22m [2m(+40ms)[22m 
[2m16:46:12[22m   [34m├─[39m [2m/syllabus/gauhati-hc-cj/index.html[22m [2m(+55ms)[22m 
[2m16:46:12[22m   [34m├─[39m [2m/syllabus/jharkhand-hc-cj-2026/index.html[22m [2m(+255ms)[22m 
[2m16:46:12[22m   [34m├─[39m [2m/syllabus/jharkhand-hc-cj/index.html[22m [2m(+97ms)[22m 
[2m16:46:13[22m   [34m├─[39m [2m/syllabus/cg-hc-cj-2026/index.html[22m [2m(+20ms)[22m 
[2m16:46:13[22m   [34m├─[39m [2m/syllabus/cg-hc-cj/index.html[22m [2m(+20ms)[22m 
[2m16:46:13[22m   [34m├─[39m [2m/syllabus/uk-hc-cj-2026/index.html[22m [2m(+34ms)[22m 
[2m16:46:13[22m   [34m├─[39m [2m/syllabus/uk-hc-cj/index.html[22m [2m(+35ms)[22m 
[2m16:46:13[22m   [34m├─[39m [2m/syllabus/goa-hc-cj-2026/index.html[22m [2m(+61ms)[22m 
[2m16:46:13[22m   [34m├─[39m [2m/syllabus/goa-hc-cj/index.html[22m [2m(+72ms)[22m 
[2m16:46:13[22m   [34m├─[39m [2m/syllabus/sikkim-hc-cj-2026/index.html[22m [2m(+158ms)[22m 
[2m16:46:13[22m   [34m└─[39m [2m/syllabus/sikkim-hc-cj/index.html[22m [2m(+168ms)[22m 
[2m16:46:13[22m [32m▶[39m src/pages/syllabus/index.astro
[2m16:46:13[22m   [34m└─[39m [2m/syllabus/index.html[22m [2m(+28ms)[22m 
[2m16:46:13[22m [32m▶[39m src/pages/terms.astro
[2m16:46:13[22m   [34m└─[39m [2m/terms/index.html[22m [2m(+17ms)[22m 
[2m16:46:13[22m [32m▶[39m src/pages/tools/age-calculator.astro
[2m16:46:13[22m   [34m└─[39m [2m/tools/age-calculator/index.html[22m [2m(+32ms)[22m 
[2m16:46:13[22m [32m▶[39m src/pages/tools/cutoff-tracker.astro
[2m16:46:13[22m   [34m└─[39m [2m/tools/cutoff-tracker/index.html[22m [2m(+74ms)[22m 
[2m16:46:13[22m [32m▶[39m src/pages/tools/eligibility-checker.astro
[2m16:46:13[22m   [34m└─[39m [2m/tools/eligibility-checker/index.html[22m [2m(+214ms)[22m 
[2m16:46:14[22m [32m▶[39m src/pages/tools/embed-widget.astro
[2m16:46:14[22m   [34m└─[39m [2m/tools/embed-widget/index.html[22m [2m(+35ms)[22m 
[2m16:46:14[22m [32m▶[39m src/pages/tools/index.astro
[2m16:46:14[22m   [34m└─[39m [2m/tools/index.html[22m [2m(+33ms)[22m 
[2m16:46:14[22m [32m▶[39m src/pages/tools/salary-calculator.astro
[2m16:46:14[22m   [34m└─[39m [2m/tools/salary-calculator/index.html[22m [2m(+52ms)[22m 
[2m16:46:14[22m [32m▶[39m src/pages/yojana/[slug].astro
[2m16:46:14[22m   [34m├─[39m [2m/yojana/pm-kisan-maandhan-yojana-60-3000-yojana/index.html[22m [2m(+21ms)[22m 
[2m16:46:14[22m   [34m├─[39m [2m/yojana/25000-98000-yojana/index.html[22m [2m(+17ms)[22m 
[2m16:46:14[22m   [34m├─[39m [2m/yojana/3-15000-yojana/index.html[22m [2m(+31ms)[22m 
[2m16:46:14[22m   [34m├─[39m [2m/yojana/225-yojana/index.html[22m [2m(+148ms)[22m 
[2m16:46:14[22m   [34m├─[39m [2m/yojana/ignou-recruitment-2026-online-registration-begins--yojana/index.html[22m [2m(+54ms)[22m 
[2m16:46:14[22m   [34m├─[39m [2m/yojana/delhi-pm-surya-ghar-yojana-yojana/index.html[22m [2m(+127ms)[22m 
[2m16:46:14[22m   [34m├─[39m [2m/yojana/27-28-pm-awas-yojana-list-ready-in-babubarhi-gram--yojana/index.html[22m [2m(+52ms)[22m 
[2m16:46:14[22m   [34m├─[39m [2m/yojana/1179-611-yojana/index.html[22m [2m(+22ms)[22m 
[2m16:46:14[22m   [34m├─[39m [2m/yojana/amroha-news-4808-yojana/index.html[22m [2m(+83ms)[22m 
[2m16:46:15[22m   [34m├─[39m [2m/yojana/sonbhadra-news-27-yojana/index.html[22m [2m(+167ms)[22m 
[2m16:46:15[22m   [34m├─[39m [2m/yojana/delhi-news-cm-pm-400-yojana/index.html[22m [2m(+83ms)[22m 
[2m16:46:15[22m   [34m├─[39m [2m/yojana/pm-kisan-24-2000-e-kyc-yojana/index.html[22m [2m(+19ms)[22m 
[2m16:46:15[22m   [34m├─[39m [2m/yojana/kurukshetra-iti-cluster-national-steering-committe-yojana/index.html[22m [2m(+57ms)[22m 
[2m16:46:15[22m   [34m├─[39m [2m/yojana/3-156-yojana/index.html[22m [2m(+126ms)[22m 
[2m16:46:15[22m   [34m├─[39m [2m/yojana/27-28-yojana/index.html[22m [2m(+39ms)[22m 
[2m16:46:15[22m   [34m├─[39m [2m/yojana/pm-1043-yojana/index.html[22m [2m(+351ms)[22m 
[2m16:46:15[22m   [34m├─[39m [2m/yojana/pm-awas-yojana-34-yojana/index.html[22m [2m(+144ms)[22m 
[2m16:46:16[22m   [34m├─[39m [2m/yojana/sbi-clerk-exam-2026-last-minute-preparation-tips-c-yojana/index.html[22m [2m(+83ms)[22m 
[2m16:46:16[22m   [34m├─[39m [2m/yojana/pm-awas-yojana-27-28-yojana/index.html[22m [2m(+67ms)[22m 
[2m16:46:16[22m   [34m├─[39m [2m/yojana/pm-surya-ghar-yojana-3000-yojana/index.html[22m [2m(+189ms)[22m 
[2m16:46:16[22m   [34m├─[39m [2m/yojana/pm-1050-350-yojana/index.html[22m [2m(+107ms)[22m 
[2m16:46:16[22m   [34m├─[39m [2m/yojana/pm-kisan-yojana-24th-kisht-24-yojana/index.html[22m [2m(+116ms)[22m 
[2m16:46:16[22m   [34m├─[39m [2m/yojana/cm-22000-yojana/index.html[22m [2m(+170ms)[22m 
[2m16:46:16[22m   [34m├─[39m [2m/yojana/pm-kisan-yojana-6-yojana/index.html[22m [2m(+98ms)[22m 
[2m16:46:16[22m   [34m├─[39m [2m/yojana/pm-surya-ghar-muft-bijli-yojana-98-6188-yojana/index.html[22m [2m(+153ms)[22m 
[2m16:46:17[22m   [34m├─[39m [2m/yojana/20-51000-yojana/index.html[22m [2m(+98ms)[22m 
[2m16:46:17[22m   [34m├─[39m [2m/yojana/47-yojana/index.html[22m [2m(+70ms)[22m 
[2m16:46:17[22m   [34m├─[39m [2m/yojana/sonipat-news-100-25-yojana/index.html[22m [2m(+131ms)[22m 
[2m16:46:17[22m   [34m├─[39m [2m/yojana/pm-surya-ghar-yojana-78000-yojana/index.html[22m [2m(+36ms)[22m 
[2m16:46:17[22m   [34m├─[39m [2m/yojana/pm-kisan-yojana-24-e-kyc-yojana/index.html[22m [2m(+212ms)[22m 
[2m16:46:17[22m   [34m├─[39m [2m/yojana/pm-jan-dhan-yojana-56-268-sep-enurl-sep-sitename-yojana/index.html[22m [2m(+71ms)[22m 
[2m16:46:17[22m   [34m├─[39m [2m/yojana/2036-cbg-100-yojana/index.html[22m [2m(+59ms)[22m 
[2m16:46:17[22m   [34m├─[39m [2m/yojana/pm-internship-scheme-2026-1012-9000-full-details-h-yojana/index.html[22m [2m(+56ms)[22m 
[2m16:46:17[22m   [34m├─[39m [2m/yojana/pm-74-yojana/index.html[22m [2m(+33ms)[22m 
[2m16:46:17[22m   [34m├─[39m [2m/yojana/8896-pm-yojana/index.html[22m [2m(+17ms)[22m 
[2m16:46:17[22m   [34m├─[39m [2m/yojana/305-yojana/index.html[22m [2m(+28ms)[22m 
[2m16:46:17[22m   [34m├─[39m [2m/yojana/pm-awas-yojana/index.html[22m [2m(+51ms)[22m 
[2m16:46:17[22m   [34m├─[39m [2m/yojana/pm-24-yojana/index.html[22m [2m(+150ms)[22m 
[2m16:46:18[22m   [34m├─[39m [2m/yojana/pmay-last-date-extended-2025-pm-sep-enurl-sep-site-yojana/index.html[22m [2m(+54ms)[22m 
[2m16:46:18[22m   [34m├─[39m [2m/yojana/up-news-news-track-in-yojana/index.html[22m [2m(+16ms)[22m 
[2m16:46:18[22m   [34m├─[39m [2m/yojana/pm-kisan-24-up-yojana/index.html[22m [2m(+192ms)[22m 
[2m16:46:18[22m   [34m├─[39m [2m/yojana/auraiya-news-601-news-track-yojana/index.html[22m [2m(+36ms)[22m 
[2m16:46:18[22m   [34m├─[39m [2m/yojana/annapurna-yojana-158-3000-3000-yojana/index.html[22m [2m(+17ms)[22m 
[2m16:46:18[22m   [34m├─[39m [2m/yojana/1001-yojana/index.html[22m [2m(+15ms)[22m 
[2m16:46:18[22m   [34m├─[39m [2m/yojana/7904-6863-yojana/index.html[22m [2m(+194ms)[22m 
[2m16:46:18[22m   [34m├─[39m [2m/yojana/55-3000-pm-yojana/index.html[22m [2m(+12ms)[22m 
[2m16:46:18[22m   [34m├─[39m [2m/yojana/46-yojana/index.html[22m [2m(+16ms)[22m 
[2m16:46:18[22m   [34m├─[39m [2m/yojana/pm-surya-ghar-yojana-2026-yojana/index.html[22m [2m(+21ms)[22m 
[2m16:46:18[22m   [34m├─[39m [2m/yojana/pm-awas-yojana-2-yojana/index.html[22m [2m(+14ms)[22m 
[2m16:46:18[22m   [34m├─[39m [2m/yojana/15-yojana/index.html[22m [2m(+39ms)[22m 
[2m16:46:18[22m   [34m├─[39m [2m/yojana/pm-47-yojana/index.html[22m [2m(+24ms)[22m 
[2m16:46:18[22m   [34m├─[39m [2m/yojana/51-pm-fta-yojana/index.html[22m [2m(+33ms)[22m 
[2m16:46:18[22m   [34m├─[39m [2m/yojana/pm-20058-17-yojana/index.html[22m [2m(+32ms)[22m 
[2m16:46:18[22m   [34m├─[39m [2m/yojana/pm-kisan-yojana-24th-kist-update-diwali-24-kisan-s-yojana/index.html[22m [2m(+30ms)[22m 
[2m16:46:18[22m   [34m├─[39m [2m/yojana/aibe-22-notification-2026-out-registration-started-yojana/index.html[22m [2m(+357ms)[22m 
[2m16:46:19[22m   [34m├─[39m [2m/yojana/pm-kisan-yojana-3000-yojana/index.html[22m [2m(+29ms)[22m 
[2m16:46:19[22m   [34m├─[39m [2m/yojana/039pm-aawas-yojna-list-2026-apk039-scam-yojana/index.html[22m [2m(+33ms)[22m 
[2m16:46:19[22m   [34m├─[39m [2m/yojana/22-932-yojana/index.html[22m [2m(+33ms)[22m 
[2m16:46:19[22m   [34m├─[39m [2m/yojana/cm-7400-yojana/index.html[22m [2m(+180ms)[22m 
[2m16:46:19[22m   [34m├─[39m [2m/yojana/ugc-net-december-2026-registration-when-will-nta-r-yojana/index.html[22m [2m(+108ms)[22m 
[2m16:46:19[22m   [34m├─[39m [2m/yojana/2014-yojana/index.html[22m [2m(+65ms)[22m 
[2m16:46:19[22m   [34m├─[39m [2m/yojana/25-29-yojana/index.html[22m [2m(+22ms)[22m 
[2m16:46:19[22m   [34m├─[39m [2m/yojana/video-pm-modi-birthday-cm-mohan-swamitwa-yojana-ni-yojana/index.html[22m [2m(+19ms)[22m 
[2m16:46:19[22m   [34m├─[39m [2m/yojana/pm-kisan-yojana-24-kcc-agriculture-minister-shivra-yojana/index.html[22m [2m(+34ms)[22m 
[2m16:46:19[22m   [34m├─[39m [2m/yojana/auraiya-news-601-yojana/index.html[22m [2m(+82ms)[22m 
[2m16:46:19[22m   [34m├─[39m [2m/yojana/2026-17-yojana/index.html[22m [2m(+21ms)[22m 
[2m16:46:19[22m   [34m├─[39m [2m/yojana/3-20-yojana/index.html[22m [2m(+133ms)[22m 
[2m16:46:19[22m   [34m├─[39m [2m/yojana/1733-yojana/index.html[22m [2m(+21ms)[22m 
[2m16:46:20[22m   [34m├─[39m [2m/yojana/pm-kisan-yojana-24-kcc-yojana/index.html[22m [2m(+54ms)[22m 
[2m16:46:20[22m   [34m├─[39m [2m/yojana/74-upsc-yojana/index.html[22m [2m(+13ms)[22m 
[2m16:46:20[22m   [34m├─[39m [2m/yojana/601-yojana/index.html[22m [2m(+23ms)[22m 
[2m16:46:20[22m   [34m├─[39m [2m/yojana/pm-vishwakarma-yojana-30-618-msme-yojana/index.html[22m [2m(+23ms)[22m 
[2m16:46:20[22m   [34m├─[39m [2m/yojana/422-pm-yojana/index.html[22m [2m(+137ms)[22m 
[2m16:46:20[22m   [34m├─[39m [2m/yojana/annapurna-scheme-15-yojana/index.html[22m [2m(+145ms)[22m 
[2m16:46:20[22m   [34m├─[39m [2m/yojana/pm-modi-25-gujarat-delhi-yojana/index.html[22m [2m(+106ms)[22m 
[2m16:46:20[22m   [34m├─[39m [2m/yojana/pm-cm-yojana/index.html[22m [2m(+83ms)[22m 
[2m16:46:20[22m   [34m├─[39m [2m/yojana/mp-50-cm-nitin-naveen-cm-mohan-launch-mp-free-rura-yojana/index.html[22m [2m(+117ms)[22m 
[2m16:46:20[22m   [34m├─[39m [2m/yojana/cm-menu-yojana/index.html[22m [2m(+96ms)[22m 
[2m16:46:20[22m   [34m├─[39m [2m/yojana/pm-bjp-yojana/index.html[22m [2m(+36ms)[22m 
[2m16:46:20[22m   [34m├─[39m [2m/yojana/pm-modi-birthday-cm-yojana/index.html[22m [2m(+70ms)[22m 
[2m16:46:20[22m   [34m├─[39m [2m/yojana/15-3000-yojana/index.html[22m [2m(+249ms)[22m 
[2m16:46:21[22m   [34m├─[39m [2m/yojana/pm-awas-yojana-50-yojana/index.html[22m [2m(+109ms)[22m 
[2m16:46:21[22m   [34m├─[39m [2m/yojana/101-yojana/index.html[22m [2m(+18ms)[22m 
[2m16:46:21[22m   [34m├─[39m [2m/yojana/mpchhatarpur-news-5-yojana/index.html[22m [2m(+21ms)[22m 
[2m16:46:21[22m   [34m├─[39m [2m/yojana/pm-kisan-yojana-24th-installment-date-24-yojana/index.html[22m [2m(+14ms)[22m 
[2m16:46:21[22m   [34m├─[39m [2m/yojana/annapurna-yojana-158-3000-yojana/index.html[22m [2m(+33ms)[22m 
[2m16:46:21[22m   [34m├─[39m [2m/yojana/pm-kisan-samman-nidhi-yojana-24-yojana/index.html[22m [2m(+22ms)[22m 
[2m16:46:21[22m   [34m├─[39m [2m/yojana/70-yojana/index.html[22m [2m(+49ms)[22m 
[2m16:46:21[22m   [34m├─[39m [2m/yojana/pm-vishwakarma-yojana-15000-3-yojana/index.html[22m [2m(+106ms)[22m 
[2m16:46:21[22m   [34m├─[39m [2m/yojana/balrampur-news-yojana/index.html[22m [2m(+301ms)[22m 
[2m16:46:21[22m   [34m├─[39m [2m/yojana/209-yojana/index.html[22m [2m(+34ms)[22m 
[2m16:46:21[22m   [34m├─[39m [2m/yojana/3-65-supaul-pm-poshan-yojana-scam-6-lakh-51-thousa-yojana/index.html[22m [2m(+30ms)[22m 
[2m16:46:21[22m   [34m├─[39m [2m/yojana/3-3-yojana/index.html[22m [2m(+31ms)[22m 
[2m16:46:21[22m   [34m├─[39m [2m/yojana/pms-remarks-during-the-release-of-instalment-under-yojana/index.html[22m [2m(+24ms)[22m 
[2m16:46:21[22m   [34m├─[39m [2m/yojana/pm-kmy-yojana/index.html[22m [2m(+33ms)[22m 
[2m16:46:21[22m   [34m├─[39m [2m/yojana/pm-vishwakarma-yojana-muzaffarpur-artisans-success-yojana/index.html[22m [2m(+83ms)[22m 
[2m16:46:22[22m   [34m├─[39m [2m/yojana/24-3-2000-yojana/index.html[22m [2m(+102ms)[22m 
[2m16:46:22[22m   [34m├─[39m [2m/yojana/pm-modi-birthday-25-25-pm-modi-76th-birthday-25-mi-yojana/index.html[22m [2m(+32ms)[22m 
[2m16:46:22[22m   [34m├─[39m [2m/yojana/pm-3000-yojana/index.html[22m [2m(+15ms)[22m 
[2m16:46:22[22m   [34m├─[39m [2m/yojana/30-1-yojana/index.html[22m [2m(+19ms)[22m 
[2m16:46:22[22m   [34m├─[39m [2m/yojana/pm-surya-ghar-yojana-bihar-10-lakh-rooftop-solar-t-yojana/index.html[22m [2m(+16ms)[22m 
[2m16:46:22[22m   [34m├─[39m [2m/yojana/darbhanga-pm-bihar-pm-awas-yojana-extended-till-20-yojana/index.html[22m [2m(+14ms)[22m 
[2m16:46:22[22m   [34m├─[39m [2m/yojana/pm-modi-birthday-yojana/index.html[22m [2m(+70ms)[22m 
[2m16:46:22[22m   [34m├─[39m [2m/yojana/800-yojana/index.html[22m [2m(+230ms)[22m 
[2m16:46:22[22m   [34m├─[39m [2m/yojana/video-vijay-sharma-vs-bhupesh-baghel-pm-awas-yojan-yojana/index.html[22m [2m(+51ms)[22m 
[2m16:46:22[22m   [34m├─[39m [2m/yojana/30-30-lakh-beneficiaries-joined-pm-vishwakarma-yoj-yojana/index.html[22m [2m(+32ms)[22m 
[2m16:46:22[22m   [34m├─[39m [2m/yojana/pm-vishwakarma-yojana-udhampur-yojana/index.html[22m [2m(+28ms)[22m 
[2m16:46:22[22m   [34m├─[39m [2m/yojana/4-48784-pm-pm-awas-yojana-gramin-48784-beneficiari-yojana/index.html[22m [2m(+18ms)[22m 
[2m16:46:22[22m   [34m├─[39m [2m/yojana/2024-75-yojana/index.html[22m [2m(+18ms)[22m 
[2m16:46:22[22m   [34m├─[39m [2m/yojana/pm-kisan-yojana-10000-yojana/index.html[22m [2m(+52ms)[22m 
[2m16:46:22[22m   [34m├─[39m [2m/yojana/15-30-1-yojana/index.html[22m [2m(+36ms)[22m 
[2m16:46:22[22m   [34m├─[39m [2m/yojana/4-48784-pm-yojana/index.html[22m [2m(+33ms)[22m 
[2m16:46:22[22m   [34m├─[39m [2m/yojana/meerut-news-300-yojana/index.html[22m [2m(+33ms)[22m 
[2m16:46:22[22m   [34m├─[39m [2m/yojana/up-pm-surya-ghar-muft-bijli-yojana-825-yojana/index.html[22m [2m(+36ms)[22m 
[2m16:46:23[22m   [34m├─[39m [2m/yojana/pm-80-yojana/index.html[22m [2m(+30ms)[22m 
[2m16:46:23[22m   [34m├─[39m [2m/yojana/video-pm-awas-yojana-chhattisgarh-pm-bhupesh-baghe-yojana/index.html[22m [2m(+41ms)[22m 
[2m16:46:23[22m   [34m├─[39m [2m/yojana/3-30-yojana/index.html[22m [2m(+181ms)[22m 
[2m16:46:23[22m   [34m├─[39m [2m/yojana/87710-yojana/index.html[22m [2m(+23ms)[22m 
[2m16:46:23[22m   [34m├─[39m [2m/yojana/micat-2027-registration-begins-check-exam-date-and-yojana/index.html[22m [2m(+165ms)[22m 
[2m16:46:23[22m   [34m├─[39m [2m/yojana/ap-icet-2nd-phase-counselling-2026-dates-soon-regi-yojana/index.html[22m [2m(+35ms)[22m 
[2m16:46:23[22m   [34m├─[39m [2m/yojana/84084-yojana/index.html[22m [2m(+378ms)[22m 
[2m16:46:23[22m   [34m├─[39m [2m/yojana/pm-awas-yojana-installment-aadhaar-seeding-mandato-yojana/index.html[22m [2m(+15ms)[22m 
[2m16:46:23[22m   [34m├─[39m [2m/yojana/pm-kisan-update-24-3-yojana/index.html[22m [2m(+33ms)[22m 
[2m16:46:23[22m   [34m├─[39m [2m/yojana/pm-awas-yojana-vs-80-yojana/index.html[22m [2m(+26ms)[22m 
[2m16:46:23[22m   [34m├─[39m [2m/yojana/pradhan-mantri-awas-yojana-bhupesh-baghel-vijay-sh-yojana/index.html[22m [2m(+190ms)[22m 
[2m16:46:24[22m   [34m├─[39m [2m/yojana/3-6000-yojana/index.html[22m [2m(+76ms)[22m 
[2m16:46:24[22m   [34m├─[39m [2m/yojana/pm-matsya-sampada-yojana-yojana/index.html[22m [2m(+144ms)[22m 
[2m16:46:24[22m   [34m├─[39m [2m/yojana/video-vs-yojana/index.html[22m [2m(+78ms)[22m 
[2m16:46:24[22m   [34m├─[39m [2m/yojana/pm-si-yojana/index.html[22m [2m(+62ms)[22m 
[2m16:46:24[22m   [34m├─[39m [2m/yojana/basti-yojana/index.html[22m [2m(+14ms)[22m 
[2m16:46:24[22m   [34m├─[39m [2m/yojana/mp-50-yojana/index.html[22m [2m(+15ms)[22m 
[2m16:46:24[22m   [34m├─[39m [2m/yojana/cg-pm-awas-yojana-press-club-debate-vijay-sharma-yojana/index.html[22m [2m(+33ms)[22m 
[2m16:46:24[22m   [34m├─[39m [2m/yojana/pm-vishwakarma-yojana-3-30-24-yojana/index.html[22m [2m(+169ms)[22m 
[2m16:46:24[22m   [34m├─[39m [2m/yojana/pm-awas-yojana-data-18-592-pm-vs-live-yojana/index.html[22m [2m(+41ms)[22m 
[2m16:46:24[22m   [34m├─[39m [2m/yojana/dm-70-pm-20-yojana/index.html[22m [2m(+142ms)[22m 
[2m16:46:24[22m   [34m├─[39m [2m/yojana/1000-yojana/index.html[22m [2m(+39ms)[22m 
[2m16:46:24[22m   [34m├─[39m [2m/yojana/3-6000-5-yojana/index.html[22m [2m(+30ms)[22m 
[2m16:46:24[22m   [34m├─[39m [2m/yojana/70-20-yojana/index.html[22m [2m(+19ms)[22m 
[2m16:46:25[22m   [34m├─[39m [2m/yojana/pm-kisan-yojana-6-3000-5-yojana/index.html[22m [2m(+18ms)[22m 
[2m16:46:25[22m   [34m├─[39m [2m/yojana/80-yojana/index.html[22m [2m(+26ms)[22m 
[2m16:46:25[22m   [34m├─[39m [2m/yojana/pm-awas-yojana-live-18-46-yojana/index.html[22m [2m(+306ms)[22m 
[2m16:46:25[22m   [34m├─[39m [2m/yojana/vijay-sharma-vs-bhupesh-baghel-pm-yojana/index.html[22m [2m(+33ms)[22m 
[2m16:46:25[22m   [34m├─[39m [2m/yojana/vijay-sharma-bhupesh-baghel-press-club-yojana/index.html[22m [2m(+24ms)[22m 
[2m16:46:25[22m   [34m├─[39m [2m/yojana/55-3000-yojana/index.html[22m [2m(+22ms)[22m 
[2m16:46:25[22m   [34m├─[39m [2m/yojana/pm-26-27-31-yojana/index.html[22m [2m(+21ms)[22m 
[2m16:46:25[22m   [34m├─[39m [2m/yojana/pm-60-yojana/index.html[22m [2m(+31ms)[22m 
[2m16:46:25[22m   [34m├─[39m [2m/yojana/pm-310-90-yojana/index.html[22m [2m(+248ms)[22m 
[2m16:46:25[22m   [34m├─[39m [2m/yojana/mp-ayush-counselling-2026-round-1-schedule-release-yojana/index.html[22m [2m(+184ms)[22m 
[2m16:46:25[22m   [34m├─[39m [2m/yojana/mat-2026-registration-ends-today-for-september-cbt-yojana/index.html[22m [2m(+56ms)[22m 
[2m16:46:25[22m   [34m├─[39m [2m/yojana/tg-lawcet-2026-counselling-final-phase-registratio-yojana/index.html[22m [2m(+54ms)[22m 
[2m16:46:26[22m   [34m├─[39m [2m/yojana/icsi-cs-executive-registration-june-2027-ongoing-f-yojana/index.html[22m [2m(+35ms)[22m 
[2m16:46:26[22m   [34m├─[39m [2m/yojana/2029-yojana/index.html[22m [2m(+16ms)[22m 
[2m16:46:26[22m   [34m├─[39m [2m/yojana/ladli-behna-yojana-40th-kist-1500-1750-40-cm-mohan-yojana/index.html[22m [2m(+15ms)[22m 
[2m16:46:26[22m   [34m├─[39m [2m/yojana/pm-kisan-status-check-24-yojana/index.html[22m [2m(+24ms)[22m 
[2m16:46:26[22m   [34m├─[39m [2m/yojana/pm-kmy-7-25-3000-yojana/index.html[22m [2m(+19ms)[22m 
[2m16:46:26[22m   [34m├─[39m [2m/yojana/pm-aawas-yojana-new-list-2026-pm-aawas-yojana-list-yojana/index.html[22m [2m(+46ms)[22m 
[2m16:46:26[22m   [34m├─[39m [2m/yojana/31-yojana/index.html[22m [2m(+66ms)[22m 
[2m16:46:26[22m   [34m├─[39m [2m/yojana/3-kcc-yojana/index.html[22m [2m(+62ms)[22m 
[2m16:46:26[22m   [34m├─[39m [2m/yojana/sarkari-yojana-3-6000-yojana/index.html[22m [2m(+60ms)[22m 
[2m16:46:26[22m   [34m├─[39m [2m/yojana/kaimur-news-yojana/index.html[22m [2m(+258ms)[22m 
[2m16:46:26[22m   [34m├─[39m [2m/yojana/pm-awas-yojana-20-24502-yojana/index.html[22m [2m(+21ms)[22m 
[2m16:46:26[22m   [34m├─[39m [2m/yojana/3000-news-track-in-yojana/index.html[22m [2m(+36ms)[22m 
[2m16:46:26[22m   [34m├─[39m [2m/yojana/pm-shram-yogi-maandhan-yojana-55-60-yojana/index.html[22m [2m(+26ms)[22m 
[2m16:46:26[22m   [34m├─[39m [2m/yojana/kannauj-yojana/index.html[22m [2m(+447ms)[22m 
[2m16:46:27[22m   [34m├─[39m [2m/yojana/rewa-news-yojana/index.html[22m [2m(+12ms)[22m 
[2m16:46:27[22m   [34m├─[39m [2m/yojana/pm-kisan-maandhan-yojana-60-yojana/index.html[22m [2m(+20ms)[22m 
[2m16:46:27[22m   [34m├─[39m [2m/yojana/pmay-application-743-yojana/index.html[22m [2m(+76ms)[22m 
[2m16:46:27[22m   [34m├─[39m [2m/yojana/ladli-behna-yojana-40th-kist-update-40-cm-mohan-ya-yojana/index.html[22m [2m(+31ms)[22m 
[2m16:46:27[22m   [34m├─[39m [2m/yojana/700-yojana/index.html[22m [2m(+14ms)[22m 
[2m16:46:27[22m   [34m├─[39m [2m/yojana/pm-bdo-yojana/index.html[22m [2m(+17ms)[22m 
[2m16:46:27[22m   [34m├─[39m [2m/yojana/138-yojana/index.html[22m [2m(+22ms)[22m 
[2m16:46:27[22m   [34m├─[39m [2m/yojana/15-30-yojana/index.html[22m [2m(+14ms)[22m 
[2m16:46:27[22m   [34m├─[39m [2m/yojana/pm-kisan-24th-installment-2000-3-yojana/index.html[22m [2m(+348ms)[22m 
[2m16:46:27[22m   [34m├─[39m [2m/yojana/2995-yojana/index.html[22m [2m(+14ms)[22m 
[2m16:46:27[22m   [34m├─[39m [2m/yojana/mat-registration-2026-cbt-last-date-september-14-yojana/index.html[22m [2m(+9ms)[22m 
[2m16:46:27[22m   [34m├─[39m [2m/yojana/pib-fact-check-3-250-20-is-a-loan-of-20-lakh-avail-yojana/index.html[22m [2m(+10ms)[22m 
[2m16:46:27[22m   [34m├─[39m [2m/yojana/mat-september-2026-cbt-registration-closes-today-o-yojana/index.html[22m [2m(+31ms)[22m 
[2m16:46:27[22m   [34m├─[39m [2m/yojana/cg-pm-awas-yojana-yojana/index.html[22m [2m(+28ms)[22m 
[2m16:46:27[22m   [34m├─[39m [2m/yojana/pm-kisan-yojana-rules-yojana/index.html[22m [2m(+18ms)[22m 
[2m16:46:27[22m   [34m├─[39m [2m/yojana/pm-30-yojana/index.html[22m [2m(+149ms)[22m 
[2m16:46:27[22m   [34m├─[39m [2m/yojana/buxar-news-yojana/index.html[22m [2m(+14ms)[22m 
[2m16:46:27[22m   [34m├─[39m [2m/yojana/104-pm-pm-awas-pm-awas-yojana-new-list-2026-27-yojana/index.html[22m [2m(+18ms)[22m 
[2m16:46:28[22m   [34m├─[39m [2m/yojana/pm-2-yojana/index.html[22m [2m(+17ms)[22m 
[2m16:46:28[22m   [34m├─[39m [2m/yojana/cg-pm-9-yojana/index.html[22m [2m(+199ms)[22m 
[2m16:46:28[22m   [34m├─[39m [2m/yojana/pm-awas-yojana-chhattisgarh-bjp-yojana/index.html[22m [2m(+16ms)[22m 
[2m16:46:28[22m   [34m├─[39m [2m/yojana/155-69-yojana/index.html[22m [2m(+14ms)[22m 
[2m16:46:28[22m   [34m├─[39m [2m/yojana/ladli-behna-yojana-40-yojana/index.html[22m [2m(+17ms)[22m 
[2m16:46:28[22m   [34m├─[39m [2m/yojana/fmge-october-2026-registration-begins-tomorrow-nbe-yojana/index.html[22m [2m(+26ms)[22m 
[2m16:46:28[22m   [34m├─[39m [2m/yojana/ap-pgecet-2026-counselling-schedule-out-registrati-yojana/index.html[22m [2m(+193ms)[22m 
[2m16:46:28[22m   [34m├─[39m [2m/yojana/allahabad-university-phd-admissions-2026-registrat-yojana/index.html[22m [2m(+14ms)[22m 
[2m16:46:28[22m   [34m├─[39m [2m/yojana/9-yojana/index.html[22m [2m(+23ms)[22m 
[2m16:46:28[22m   [34m├─[39m [2m/yojana/ujjwala-lpg-yojana/index.html[22m [2m(+31ms)[22m 
[2m16:46:28[22m   [34m├─[39m [2m/yojana/pm-2015-2024-yojana/index.html[22m [2m(+27ms)[22m 
[2m16:46:28[22m   [34m├─[39m [2m/yojana/pradhan-mantri-viksit-bharat-rozgar-yojana-yojana/index.html[22m [2m(+162ms)[22m 
[2m16:46:28[22m   [34m├─[39m [2m/yojana/13903-13903-dead-farmers-were-getting-benefits-of--yojana/index.html[22m [2m(+17ms)[22m 
[2m16:46:28[22m   [34m├─[39m [2m/yojana/pmay-2896-yojana/index.html[22m [2m(+21ms)[22m 
[2m16:46:28[22m   [34m├─[39m [2m/yojana/pm-365-yojana/index.html[22m [2m(+20ms)[22m 
[2m16:46:28[22m   [34m├─[39m [2m/yojana/cg-pm-awas-yojana-2015-2024-yojana/index.html[22m [2m(+20ms)[22m 
[2m16:46:28[22m   [34m├─[39m [2m/yojana/40-13-cm-1500-1500-yojana/index.html[22m [2m(+169ms)[22m 
[2m16:46:29[22m   [34m├─[39m [2m/yojana/rrb-je-cen-042026-recruitment-2026-registration-en-yojana/index.html[22m [2m(+35ms)[22m 
[2m16:46:29[22m   [34m├─[39m [2m/yojana/pm-kisan-6000-e-kyc-yojana/index.html[22m [2m(+47ms)[22m 
[2m16:46:29[22m   [34m├─[39m [2m/yojana/pm-kisan-yojana-24-2-2-pm-kisan-24th-instalment-oc-yojana/index.html[22m [2m(+281ms)[22m 
[2m16:46:29[22m   [34m├─[39m [2m/yojana/pm-2024-yojana/index.html[22m [2m(+21ms)[22m 
[2m16:46:29[22m   [34m├─[39m [2m/yojana/jamshedpur-mla-saryu-roy-meets-pm-awas-yojna-resid-yojana/index.html[22m [2m(+30ms)[22m 
[2m16:46:29[22m   [34m├─[39m [2m/yojana/pm-kisan-yojana-24th-kist-2000-24-yojana/index.html[22m [2m(+337ms)[22m 
[2m16:46:29[22m   [34m├─[39m [2m/yojana/pm-awas-yojana-365-yojana/index.html[22m [2m(+49ms)[22m 
[2m16:46:29[22m   [34m├─[39m [2m/yojana/6968-yojana/index.html[22m [2m(+16ms)[22m 
[2m16:46:29[22m   [34m├─[39m [2m/yojana/64-1280-yojana/index.html[22m [2m(+20ms)[22m 
[2m16:46:29[22m   [34m├─[39m [2m/yojana/122-yojana/index.html[22m [2m(+43ms)[22m 
[2m16:46:29[22m   [34m├─[39m [2m/yojana/20-pm-mudra-yojana-get-20-lakh-collateralfree-busi-yojana/index.html[22m [2m(+15ms)[22m 
[2m16:46:29[22m   [34m├─[39m [2m/yojana/hp-tet-november-2026-registration-begins-at-hpbose-yojana/index.html[22m [2m(+57ms)[22m 
[2m16:46:29[22m   [34m├─[39m [2m/yojana/pm-shri-yojana-up-1137-1-5-yojana/index.html[22m [2m(+84ms)[22m 
[2m16:46:30[22m   [34m├─[39m [2m/yojana/sbi-pm-interest-subvention-yojana/index.html[22m [2m(+249ms)[22m 
[2m16:46:30[22m   [34m├─[39m [2m/yojana/20-20-yojana/index.html[22m [2m(+26ms)[22m 
[2m16:46:30[22m   [34m├─[39m [2m/yojana/pm-surya-ghar-free-electricity-scheme-to-hundreds--yojana/index.html[22m [2m(+31ms)[22m 
[2m16:46:30[22m   [34m├─[39m [2m/yojana/mp-50-17-yojana/index.html[22m [2m(+73ms)[22m 
[2m16:46:30[22m   [34m├─[39m [2m/yojana/2344-yojana/index.html[22m [2m(+26ms)[22m 
[2m16:46:30[22m   [34m├─[39m [2m/yojana/iit-jam-2027-registration-begins-september-12-chec-yojana/index.html[22m [2m(+39ms)[22m 
[2m16:46:30[22m   [34m├─[39m [2m/yojana/pm-rkvy-yojana/index.html[22m [2m(+55ms)[22m 
[2m16:46:30[22m   [34m├─[39m [2m/yojana/365-yojana/index.html[22m [2m(+191ms)[22m 
[2m16:46:30[22m   [34m├─[39m [2m/yojana/uttar-pradesh-pm-shri-yojana-1137-yojana/index.html[22m [2m(+13ms)[22m 
[2m16:46:30[22m   [34m├─[39m [2m/yojana/1600-yojana/index.html[22m [2m(+19ms)[22m 
[2m16:46:30[22m   [34m├─[39m [2m/yojana/pm-surya-ghar-yojna-ac-pm-300-78-yojana/index.html[22m [2m(+205ms)[22m 
[2m16:46:30[22m   [34m├─[39m [2m/yojana/bjp-yojana/index.html[22m [2m(+19ms)[22m 
[2m16:46:30[22m   [34m├─[39m [2m/yojana/video-pm-awas-yojana-pm-cm-vishnu-deo-sai-shivraj--yojana/index.html[22m [2m(+49ms)[22m 
[2m16:46:31[22m   [34m├─[39m [2m/yojana/pm-kisan-yojana-24-2-2-yojana/index.html[22m [2m(+70ms)[22m 
[2m16:46:31[22m   [34m├─[39m [2m/yojana/pm-kisan-yojana-24th-instalment-2000-3-yojana/index.html[22m [2m(+20ms)[22m 
[2m16:46:31[22m   [34m├─[39m [2m/yojana/pm-awas-yojna-urban-20-8-4-180-yojana/index.html[22m [2m(+63ms)[22m 
[2m16:46:31[22m   [34m├─[39m [2m/yojana/10000-yojana/index.html[22m [2m(+14ms)[22m 
[2m16:46:31[22m   [34m├─[39m [2m/yojana/175-nokha-rohtas-news-yojana/index.html[22m [2m(+25ms)[22m 
[2m16:46:31[22m   [34m├─[39m [2m/yojana/pm-vishwakarma-yojana-yojana/index.html[22m [2m(+242ms)[22m 
[2m16:46:31[22m   [34m├─[39m [2m/yojana/ap-eamcet-round-3-counselling-2026-registration-en-yojana/index.html[22m [2m(+16ms)[22m 
[2m16:46:31[22m   [34m├─[39m [2m/yojana/neet-mds-counselling-2026-round-2-schedule-release-yojana/index.html[22m [2m(+77ms)[22m 
[2m16:46:31[22m   [34m├─[39m [2m/yojana/cat-2026-registration-live-last-date-fees-eligibil-yojana/index.html[22m [2m(+16ms)[22m 
[2m16:46:31[22m   [34m├─[39m [2m/yojana/nid-registration-2027-begins-nid-dat-form-last-dat-yojana/index.html[22m [2m(+15ms)[22m 
[2m16:46:31[22m   [34m├─[39m [2m/yojana/ujjwala-yojana-20-yojana/index.html[22m [2m(+16ms)[22m 
[2m16:46:31[22m   [34m├─[39m [2m/yojana/shivraj-chouhans-visit-to-sakti-not-a-government-e-yojana/index.html[22m [2m(+270ms)[22m 
[2m16:46:31[22m   [34m├─[39m [2m/yojana/pm-modis-journey-from-worker-to-prime-minister-ref-yojana/index.html[22m [2m(+14ms)[22m 
[2m16:46:31[22m   [34m├─[39m [2m/yojana/pm-fasal-bima-yojana-latest-easy-guide-2026-yojana/index.html[22m [2m(+10ms)[22m 
[2m16:46:31[22m   [34m├─[39m [2m/yojana/11-35-1129-yojana/index.html[22m [2m(+20ms)[22m 
[2m16:46:31[22m   [34m├─[39m [2m/yojana/charkhi-dadri-news-yojana/index.html[22m [2m(+25ms)[22m 
[2m16:46:31[22m   [34m├─[39m [2m/yojana/16-yojana/index.html[22m [2m(+103ms)[22m 
[2m16:46:32[22m   [34m├─[39m [2m/yojana/pm-matsya-sampada-yojana-6-19775-yojana/index.html[22m [2m(+13ms)[22m 
[2m16:46:32[22m   [34m├─[39m [2m/yojana/pm-kisan-update-24-yojana/index.html[22m [2m(+82ms)[22m 
[2m16:46:32[22m   [34m├─[39m [2m/yojana/ladli-behna-yojana-40th-instalment-yojana/index.html[22m [2m(+88ms)[22m 
[2m16:46:32[22m   [34m├─[39m [2m/yojana/pm-poshan-yojana-latest-and-easy-guide-in-sept-202-yojana/index.html[22m [2m(+15ms)[22m 
[2m16:46:32[22m   [34m├─[39m [2m/yojana/1010-212-11-yojana/index.html[22m [2m(+17ms)[22m 
[2m16:46:32[22m   [34m├─[39m [2m/yojana/738900000000-6-yojana/index.html[22m [2m(+18ms)[22m 
[2m16:46:32[22m   [34m├─[39m [2m/yojana/pm-jan-dhan-yojana-59-rti-news-yojana/index.html[22m [2m(+16ms)[22m 
[2m16:46:32[22m   [34m├─[39m [2m/yojana/pm-kusum-yojana-90-yojana/index.html[22m [2m(+18ms)[22m 
[2m16:46:32[22m   [34m├─[39m [2m/yojana/pm-20-yojana/index.html[22m [2m(+25ms)[22m 
[2m16:46:32[22m   [34m├─[39m [2m/yojana/17-yojana/index.html[22m [2m(+348ms)[22m 
[2m16:46:32[22m   [34m├─[39m [2m/yojana/501-yojana/index.html[22m [2m(+130ms)[22m 
[2m16:46:32[22m   [34m├─[39m [2m/yojana/pm-surya-ghar-yojna-300-78000-up-yojana/index.html[22m [2m(+14ms)[22m 
[2m16:46:32[22m   [34m├─[39m [2m/yojana/23-33-yojana/index.html[22m [2m(+11ms)[22m 
[2m16:46:32[22m   [34m├─[39m [2m/yojana/pm-awas-yojana-20-3-yojana/index.html[22m [2m(+19ms)[22m 
[2m16:46:32[22m   [34m├─[39m [2m/yojana/ap-bsc-nursing-registration-2026-begins-apply-now--yojana/index.html[22m [2m(+68ms)[22m 
[2m16:46:32[22m   [34m├─[39m [2m/yojana/2-pmjjby-yojana/index.html[22m [2m(+18ms)[22m 
[2m16:46:32[22m   [34m├─[39m [2m/yojana/pm-surya-ghar-subsidy-up-300-yojana/index.html[22m [2m(+15ms)[22m 
[2m16:46:32[22m   [34m├─[39m [2m/yojana/pm-kisan-yojana-10-24-yojana/index.html[22m [2m(+120ms)[22m 
[2m16:46:33[22m   [34m├─[39m [2m/yojana/pm-kusum-2-0-yojana/index.html[22m [2m(+15ms)[22m 
[2m16:46:33[22m   [34m├─[39m [2m/yojana/75-yojana/index.html[22m [2m(+18ms)[22m 
[2m16:46:33[22m   [34m├─[39m [2m/yojana/2026-yojana/index.html[22m [2m(+33ms)[22m 
[2m16:46:33[22m   [34m├─[39m [2m/yojana/102-yojana/index.html[22m [2m(+200ms)[22m 
[2m16:46:33[22m   [34m├─[39m [2m/yojana/rampur-bushahar-news-yojana/index.html[22m [2m(+20ms)[22m 
[2m16:46:33[22m   [34m├─[39m [2m/yojana/2-yojana/index.html[22m [2m(+12ms)[22m 
[2m16:46:33[22m   [34m├─[39m [2m/yojana/217-pm-yojana/index.html[22m [2m(+27ms)[22m 
[2m16:46:33[22m   [34m├─[39m [2m/yojana/pm-kisan-yojana-217-yojana/index.html[22m [2m(+22ms)[22m 
[2m16:46:33[22m   [34m├─[39m [2m/yojana/atma-6-yojana/index.html[22m [2m(+277ms)[22m 
[2m16:46:33[22m   [34m├─[39m [2m/yojana/pradhan-mantri-awas-yojana-20-2026-yojana/index.html[22m [2m(+51ms)[22m 
[2m16:46:33[22m   [34m├─[39m [2m/yojana/phc-9-yojana/index.html[22m [2m(+72ms)[22m 
[2m16:46:33[22m   [34m├─[39m [2m/yojana/175-yojana/index.html[22m [2m(+255ms)[22m 
[2m16:46:34[22m   [34m├─[39m [2m/yojana/pm-3967-yojana/index.html[22m [2m(+74ms)[22m 
[2m16:46:34[22m   [34m├─[39m [2m/yojana/national-hindi-news-yojana/index.html[22m [2m(+36ms)[22m 
[2m16:46:34[22m   [34m├─[39m [2m/yojana/pmay-u-20-yojana/index.html[22m [2m(+135ms)[22m 
[2m16:46:34[22m   [34m├─[39m [2m/yojana/pm-surya-ghar-yojana-56-yojana/index.html[22m [2m(+123ms)[22m 
[2m16:46:34[22m   [34m├─[39m [2m/yojana/8200-yojana/index.html[22m [2m(+37ms)[22m 
[2m16:46:34[22m   [34m├─[39m [2m/yojana/10-kcc-yojana/index.html[22m [2m(+116ms)[22m 
[2m16:46:34[22m   [34m├─[39m [2m/yojana/faridabad-news-yojana/index.html[22m [2m(+25ms)[22m 
[2m16:46:34[22m   [34m├─[39m [2m/yojana/jhansi-news-yojana/index.html[22m [2m(+34ms)[22m 
[2m16:46:34[22m   [34m├─[39m [2m/yojana/73570-pm-setu-approves-rs-73570-crore-investment-f-yojana/index.html[22m [2m(+117ms)[22m 
[2m16:46:34[22m   [34m├─[39m [2m/yojana/pmgsy-4-4-41-17-yojana/index.html[22m [2m(+216ms)[22m 
[2m16:46:35[22m   [34m├─[39m [2m/yojana/rampur-bushahar-news-2-yojana/index.html[22m [2m(+48ms)[22m 
[2m16:46:35[22m   [34m├─[39m [2m/yojana/pm-10000-yojana/index.html[22m [2m(+66ms)[22m 
[2m16:46:35[22m   [34m├─[39m [2m/yojana/pm-kisan-yojana-10-yojana/index.html[22m [2m(+85ms)[22m 
[2m16:46:35[22m   [34m├─[39m [2m/yojana/rrb-ntpc-ug-cbt-2-exam-2026-check-last-minute-prep-yojana/index.html[22m [2m(+59ms)[22m 
[2m16:46:35[22m   [34m├─[39m [2m/yojana/pm-kisan-yojana-6000-10000-yojana/index.html[22m [2m(+150ms)[22m 
[2m16:46:35[22m   [34m├─[39m [2m/yojana/pm-awas-yojana-mp-online-3-yojana/index.html[22m [2m(+131ms)[22m 
[2m16:46:35[22m   [34m├─[39m [2m/yojana/86-80-yojana/index.html[22m [2m(+70ms)[22m 
[2m16:46:35[22m   [34m├─[39m [2m/yojana/mht-cet-registration-2027-release-date-fee-how-to--yojana/index.html[22m [2m(+128ms)[22m 
[2m16:46:35[22m   [34m├─[39m [2m/yojana/ap-eamcet-2026-counselling-round-3-schedule-releas-yojana/index.html[22m [2m(+154ms)[22m 
[2m16:46:35[22m   [34m├─[39m [2m/yojana/pm-kisan-yojana-update-24-yojana/index.html[22m [2m(+163ms)[22m 
[2m16:46:36[22m   [34m├─[39m [2m/yojana/pm-surya-ghar-yojana-1kw-40000-3kw-98000-yojana/index.html[22m [2m(+106ms)[22m 
[2m16:46:36[22m   [34m├─[39m [2m/yojana/572-rti-yojana/index.html[22m [2m(+50ms)[22m 
[2m16:46:36[22m   [34m├─[39m [2m/yojana/2100-yojana/index.html[22m [2m(+95ms)[22m 
[2m16:46:36[22m   [34m├─[39m [2m/yojana/pm-3-2047-yojana/index.html[22m [2m(+85ms)[22m 
[2m16:46:36[22m   [34m├─[39m [2m/yojana/pm-kisan-installment-10-yojana/index.html[22m [2m(+135ms)[22m 
[2m16:46:36[22m   [34m├─[39m [2m/yojana/572-yojana/index.html[22m [2m(+95ms)[22m 
[2m16:46:36[22m   [34m├─[39m [2m/yojana/pm-kisan-yojana-6000-10-yojana/index.html[22m [2m(+61ms)[22m 
[2m16:46:36[22m   [34m├─[39m [2m/yojana/60-3000-yojana/index.html[22m [2m(+92ms)[22m 
[2m16:46:36[22m   [34m├─[39m [2m/yojana/pm-viksit-bharat-rozgar-yojana-15000-yojana/index.html[22m [2m(+43ms)[22m 
[2m16:46:36[22m   [34m├─[39m [2m/yojana/mp-online-pm-yojana/index.html[22m [2m(+45ms)[22m 
[2m16:46:36[22m   [34m├─[39m [2m/yojana/6000-10000-pm-kisan-24-yojana/index.html[22m [2m(+69ms)[22m 
[2m16:46:36[22m   [34m├─[39m [2m/yojana/15000-yojana/index.html[22m [2m(+346ms)[22m 
[2m16:46:37[22m   [34m├─[39m [2m/yojana/rudraprayag-news-7106-yojana/index.html[22m [2m(+55ms)[22m 
[2m16:46:37[22m   [34m├─[39m [2m/yojana/10000-24-yojana/index.html[22m [2m(+59ms)[22m 
[2m16:46:37[22m   [34m├─[39m [2m/yojana/5237-yojana/index.html[22m [2m(+189ms)[22m 
[2m16:46:37[22m   [34m├─[39m [2m/yojana/pm-awas-yojana-197-yojana/index.html[22m [2m(+146ms)[22m 
[2m16:46:37[22m   [34m├─[39m [2m/yojana/epfo-8-2026-yojana/index.html[22m [2m(+83ms)[22m 
[2m16:46:37[22m   [34m├─[39m [2m/yojana/69-502-pm-surya-ghar-yojana-mp-yojana/index.html[22m [2m(+53ms)[22m 
[2m16:46:37[22m   [34m├─[39m [2m/yojana/dm-5-yojana/index.html[22m [2m(+66ms)[22m 
[2m16:46:37[22m   [34m├─[39m [2m/yojana/pm-kisan-yojana-24th-installment-6-10-24-yojana/index.html[22m [2m(+33ms)[22m 
[2m16:46:38[22m   [34m├─[39m [2m/yojana/6000-10000-yojana/index.html[22m [2m(+101ms)[22m 
[2m16:46:38[22m   [34m├─[39m [2m/yojana/jan-dhan-yojana-1-2-3-572-yojana/index.html[22m [2m(+148ms)[22m 
[2m16:46:38[22m   [34m├─[39m [2m/yojana/pm-tmc-yojana/index.html[22m [2m(+85ms)[22m 
[2m16:46:38[22m   [34m├─[39m [2m/yojana/pm-3-yojana/index.html[22m [2m(+50ms)[22m 
[2m16:46:38[22m   [34m├─[39m [2m/yojana/jind-news-yojana/index.html[22m [2m(+64ms)[22m 
[2m16:46:38[22m   [34m├─[39m [2m/yojana/pm-modi-review-meeting-ministers-performance-revie-yojana/index.html[22m [2m(+30ms)[22m 
[2m16:46:38[22m   [34m├─[39m [2m/yojana/jaipur-yojana/index.html[22m [2m(+150ms)[22m 
[2m16:46:38[22m   [34m├─[39m [2m/yojana/125-yojana/index.html[22m [2m(+44ms)[22m 
[2m16:46:38[22m   [34m├─[39m [2m/yojana/30-yojana/index.html[22m [2m(+70ms)[22m 
[2m16:46:38[22m   [34m├─[39m [2m/yojana/135-rti-yojana/index.html[22m [2m(+101ms)[22m 
[2m16:46:38[22m   [34m├─[39m [2m/yojana/pm-162-yojana/index.html[22m [2m(+66ms)[22m 
[2m16:46:38[22m   [34m├─[39m [2m/yojana/pm-kisan-samman-nidhi-2000-4000-yojana/index.html[22m [2m(+63ms)[22m 
[2m16:46:39[22m   [34m├─[39m [2m/yojana/mp-yojana/index.html[22m [2m(+78ms)[22m 
[2m16:46:39[22m   [34m├─[39m [2m/yojana/pm-jan-dhan-yojana-rti-572-yojana/index.html[22m [2m(+41ms)[22m 
[2m16:46:39[22m   [34m├─[39m [2m/yojana/upsssc-pet-2026-registration-ends-tomorrow-check-d-yojana/index.html[22m [2m(+198ms)[22m 
[2m16:46:39[22m   [34m├─[39m [2m/yojana/19-yojana/index.html[22m [2m(+33ms)[22m 
[2m16:46:39[22m   [34m├─[39m [2m/yojana/pm-up-pmjdy-pm-jan-dhan-yojana-yojana/index.html[22m [2m(+98ms)[22m 
[2m16:46:39[22m   [34m├─[39m [2m/yojana/pm-kisan-24-e-kyc-yojana/index.html[22m [2m(+46ms)[22m 
[2m16:46:39[22m   [34m├─[39m [2m/yojana/pm-jan-dhan-yojana-rti-yojana/index.html[22m [2m(+34ms)[22m 
[2m16:46:39[22m   [34m├─[39m [2m/yojana/msme-yojana/index.html[22m [2m(+24ms)[22m 
[2m16:46:39[22m   [34m├─[39m [2m/yojana/jee-neet-yojana/index.html[22m [2m(+216ms)[22m 
[2m16:46:39[22m   [34m├─[39m [2m/yojana/pm-up-yojana/index.html[22m [2m(+45ms)[22m 
[2m16:46:39[22m   [34m├─[39m [2m/yojana/iit-jam-2027-registration-exam-date-eligibility-ap-yojana/index.html[22m [2m(+22ms)[22m 
[2m16:46:39[22m   [34m├─[39m [2m/yojana/65-22-43-yojana/index.html[22m [2m(+245ms)[22m 
[2m16:46:40[22m   [34m├─[39m [2m/yojana/6622-1584-yojana/index.html[22m [2m(+21ms)[22m 
[2m16:46:40[22m   [34m├─[39m [2m/yojana/bihar-farmers-yojana/index.html[22m [2m(+69ms)[22m 
[2m16:46:40[22m   [34m├─[39m [2m/yojana/jharkhand-news-211-yojana/index.html[22m [2m(+33ms)[22m 
[2m16:46:40[22m   [34m├─[39m [2m/yojana/pm-kisan-24th-installment-yojana/index.html[22m [2m(+131ms)[22m 
[2m16:46:40[22m   [34m├─[39m [2m/yojana/29-yojana/index.html[22m [2m(+32ms)[22m 
[2m16:46:40[22m   [34m├─[39m [2m/yojana/muzaffarnagar-news-300-yojana/index.html[22m [2m(+80ms)[22m 
[2m16:46:40[22m   [34m├─[39m [2m/yojana/pm-surya-ghar-is-saved-from-solar-subsidy-a-few-mo-yojana/index.html[22m [2m(+102ms)[22m 
[2m16:46:40[22m   [34m├─[39m [2m/yojana/hardoi-farmers-boost-crop-insurance-enrollment-pmf-yojana/index.html[22m [2m(+37ms)[22m 
[2m16:46:40[22m   [34m├─[39m [2m/yojana/pm-surya-ghar-yojana-1-yojana/index.html[22m [2m(+83ms)[22m 
[2m16:46:40[22m   [34m├─[39m [2m/yojana/289-10-yojana/index.html[22m [2m(+223ms)[22m 
[2m16:46:40[22m   [34m├─[39m [2m/yojana/government-scheme-3000-2-yojana/index.html[22m [2m(+156ms)[22m 
[2m16:46:41[22m   [34m├─[39m [2m/yojana/new-delhi-76-yojana/index.html[22m [2m(+28ms)[22m 
[2m16:46:41[22m   [34m├─[39m [2m/yojana/hisar-news-yojana/index.html[22m [2m(+18ms)[22m 
[2m16:46:41[22m   [34m├─[39m [2m/yojana/2-60-3000-yojana/index.html[22m [2m(+15ms)[22m 
[2m16:46:41[22m   [34m├─[39m [2m/yojana/up-special-tet-2026-otr-registration-begins-today--yojana/index.html[22m [2m(+42ms)[22m 
[2m16:46:41[22m   [34m├─[39m [2m/yojana/19-2400-yojana/index.html[22m [2m(+67ms)[22m 
[2m16:46:41[22m   [34m├─[39m [2m/yojana/300-98000-pm-yojana/index.html[22m [2m(+230ms)[22m 
[2m16:46:41[22m   [34m├─[39m [2m/yojana/cag-pmay-g-47984-44409-yojana/index.html[22m [2m(+32ms)[22m 
[2m16:46:41[22m   [34m├─[39m [2m/yojana/pm-6000-yojana/index.html[22m [2m(+37ms)[22m 
[2m16:46:41[22m   [34m├─[39m [2m/yojana/pm-surya-ghar-yojana-108-yojana/index.html[22m [2m(+60ms)[22m 
[2m16:46:41[22m   [34m├─[39m [2m/yojana/500-pm-the-bharat-now-hindi-news-hindi-samachar-la-yojana/index.html[22m [2m(+32ms)[22m 
[2m16:46:41[22m   [34m├─[39m [2m/yojana/neet-pg-exam-2027-dates-syllabus-pattern-preparati-yojana/index.html[22m [2m(+100ms)[22m 
[2m16:46:41[22m   [34m├─[39m [2m/yojana/pm-7000-30-kushinagar-fish-production-soars-30000--yojana/index.html[22m [2m(+23ms)[22m 
[2m16:46:41[22m   [34m├─[39m [2m/yojana/124-500-yojana/index.html[22m [2m(+244ms)[22m 
[2m16:46:41[22m   [34m├─[39m [2m/yojana/video-pm-awas-yojana-pm-top-news-ndtv-yojana/index.html[22m [2m(+62ms)[22m 
[2m16:46:42[22m   [34m├─[39m [2m/yojana/pm-e-drive-2028-2-5000-yojana/index.html[22m [2m(+23ms)[22m 
[2m16:46:42[22m   [34m├─[39m [2m/yojana/ddc-yojana/index.html[22m [2m(+52ms)[22m 
[2m16:46:42[22m   [34m├─[39m [2m/yojana/7-3-140-yojana/index.html[22m [2m(+19ms)[22m 
[2m16:46:42[22m   [34m├─[39m [2m/yojana/pm-kisan-yojana-24-4-4-yojana/index.html[22m [2m(+49ms)[22m 
[2m16:46:42[22m   [34m├─[39m [2m/yojana/happy-teachers-day-2026-best-wishes-messages-and-i-yojana/index.html[22m [2m(+165ms)[22m 
[2m16:46:42[22m   [34m├─[39m [2m/yojana/ap-lawcet-counselling-date-2026-live-phase-1-regis-yojana/index.html[22m [2m(+68ms)[22m 
[2m16:46:42[22m   [34m├─[39m [2m/yojana/hprca-result-2026-out-for-teacher-radiographer-and-yojana/index.html[22m [2m(+115ms)[22m 
[2m16:46:42[22m   [34m├─[39m [2m/yojana/32-yojana/index.html[22m [2m(+31ms)[22m 
[2m16:46:42[22m   [34m├─[39m [2m/yojana/427-932-yojana/index.html[22m [2m(+76ms)[22m 
[2m16:46:42[22m   [34m├─[39m [2m/yojana/pm-surya-ghar-yojana-mp-mein-solar-subsidy-kitni-h-yojana/index.html[22m [2m(+72ms)[22m 
[2m16:46:42[22m   [34m├─[39m [2m/yojana/8-35-yojana/index.html[22m [2m(+152ms)[22m 
[2m16:46:42[22m   [34m├─[39m [2m/yojana/pm-kisan-yojana-24th-installment-date-archives-yojana/index.html[22m [2m(+83ms)[22m 
[2m16:46:42[22m   [34m├─[39m [2m/yojana/pmmsy-yojana/index.html[22m [2m(+49ms)[22m 
[2m16:46:43[22m   [34m├─[39m [2m/yojana/pm-svanidhi-scheme-expanded-collateralfree-loans-f-yojana/index.html[22m [2m(+84ms)[22m 
[2m16:46:43[22m   [34m├─[39m [2m/yojana/60-yojana/index.html[22m [2m(+33ms)[22m 
[2m16:46:43[22m   [34m├─[39m [2m/yojana/pm-299-yojana/index.html[22m [2m(+125ms)[22m 
[2m16:46:43[22m   [34m├─[39m [2m/yojana/pm-5070-yojana/index.html[22m [2m(+51ms)[22m 
[2m16:46:43[22m   [34m├─[39m [2m/yojana/13-22-932-yojana/index.html[22m [2m(+27ms)[22m 
[2m16:46:43[22m   [34m├─[39m [2m/yojana/pm-jan-dhan-yojana-yojana/index.html[22m [2m(+178ms)[22m 
[2m16:46:43[22m   [34m├─[39m [2m/yojana/free-solar-scheme-yojana/index.html[22m [2m(+70ms)[22m 
[2m16:46:43[22m   [34m├─[39m [2m/yojana/21-yojana/index.html[22m [2m(+35ms)[22m 
[2m16:46:43[22m   [34m├─[39m [2m/yojana/95-cm-yojana/index.html[22m [2m(+66ms)[22m 
[2m16:46:43[22m   [34m├─[39m [2m/yojana/pm-kisan-yojana-32-yojana/index.html[22m [2m(+85ms)[22m 
[2m16:46:43[22m   [34m├─[39m [2m/yojana/pmsby-2026-20-2-eligibility-apply-online-process-c-yojana/index.html[22m [2m(+63ms)[22m 
[2m16:46:43[22m   [34m├─[39m [2m/yojana/pm-kisan-yojana-24th-installment-date-pm-24-2000-4-yojana/index.html[22m [2m(+37ms)[22m 
[2m16:46:43[22m   [34m├─[39m [2m/yojana/uttarakhand-yojana/index.html[22m [2m(+124ms)[22m 
[2m16:46:43[22m   [34m├─[39m [2m/yojana/150-pm-yojana/index.html[22m [2m(+69ms)[22m 
[2m16:46:44[22m   [34m├─[39m [2m/yojana/himachal-assembly-session-cm-sukhu-says-the-govt-w-yojana/index.html[22m [2m(+39ms)[22m 
[2m16:46:44[22m   [34m├─[39m [2m/yojana/7-3-140-ayodhya-news-yojana/index.html[22m [2m(+66ms)[22m 
[2m16:46:44[22m   [34m├─[39m [2m/yojana/pmgdisha-latest-and-easy-guide-2026-yojana/index.html[22m [2m(+86ms)[22m 
[2m16:46:44[22m   [34m├─[39m [2m/yojana/palamu-news-2160-yojana/index.html[22m [2m(+66ms)[22m 
[2m16:46:44[22m   [34m├─[39m [2m/yojana/pm-556-47000-yojana/index.html[22m [2m(+59ms)[22m 
[2m16:46:44[22m   [34m├─[39m [2m/yojana/pm-pm-surya-ghar-muft-bijli-yojana-online-registra-yojana/index.html[22m [2m(+68ms)[22m 
[2m16:46:44[22m   [34m├─[39m [2m/yojana/pm-kisan-yojan-6000-yojana/index.html[22m [2m(+39ms)[22m 
[2m16:46:44[22m   [34m├─[39m [2m/yojana/mauthe-dm-reprimanded-the-government-for-the-slow--yojana/index.html[22m [2m(+42ms)[22m 
[2m16:46:44[22m   [34m├─[39m [2m/yojana/36-155-pm-yojana/index.html[22m [2m(+152ms)[22m 
[2m16:46:44[22m   [34m├─[39m [2m/yojana/39410-31-25826-yojana/index.html[22m [2m(+148ms)[22m 
[2m16:46:44[22m   [34m├─[39m [2m/yojana/12-dbt-yojana/index.html[22m [2m(+67ms)[22m 
[2m16:46:44[22m   [34m├─[39m [2m/yojana/pm-kisan-6000-yojana/index.html[22m [2m(+35ms)[22m 
[2m16:46:44[22m   [34m├─[39m [2m/yojana/10-pm-yojana/index.html[22m [2m(+57ms)[22m 
[2m16:46:45[22m   [34m├─[39m [2m/yojana/pm-78-yojana/index.html[22m [2m(+74ms)[22m 
[2m16:46:45[22m   [34m├─[39m [2m/yojana/6-yojana/index.html[22m [2m(+63ms)[22m 
[2m16:46:45[22m   [34m├─[39m [2m/yojana/pm-vishwakarma-yojana-3-15000-500-yojana/index.html[22m [2m(+36ms)[22m 
[2m16:46:45[22m   [34m├─[39m [2m/yojana/218-pm-yojana/index.html[22m [2m(+206ms)[22m 
[2m16:46:45[22m   [34m├─[39m [2m/yojana/pmjjby-yojana-436-2-eligibility-apply-process-yojana/index.html[22m [2m(+92ms)[22m 
[2m16:46:45[22m   [34m├─[39m [2m/yojana/pm-awas-yojana-gramin-2026-120-yojana/index.html[22m [2m(+137ms)[22m 
[2m16:46:45[22m   [34m├─[39m [2m/yojana/pm-awas-yojana-urban-20-2026-250-yojana/index.html[22m [2m(+95ms)[22m 
[2m16:46:45[22m   [34m├─[39m [2m/yojana/kisan-kist-kab-aayegi-2000-4000-24-yojana/index.html[22m [2m(+152ms)[22m 
[2m16:46:45[22m   [34m├─[39m [2m/yojana/pm-kusum-yojana/index.html[22m [2m(+101ms)[22m 
[2m16:46:45[22m   [34m├─[39m [2m/yojana/top-5-ghaziabad-news-yojana/index.html[22m [2m(+101ms)[22m 
[2m16:46:46[22m   [34m├─[39m [2m/yojana/28-yojana/index.html[22m [2m(+330ms)[22m 
[2m16:46:46[22m   [34m├─[39m [2m/yojana/pm-modi-subhashit-yojana/index.html[22m [2m(+49ms)[22m 
[2m16:46:46[22m   [34m├─[39m [2m/yojana/pm-917-17066-6135-yojana/index.html[22m [2m(+50ms)[22m 
[2m16:46:46[22m   [34m├─[39m [2m/yojana/2-1183-yojana/index.html[22m [2m(+85ms)[22m 
[2m16:46:46[22m   [34m├─[39m [2m/yojana/pm-rkvy-5-1183-yojana/index.html[22m [2m(+104ms)[22m 
[2m16:46:46[22m   [34m├─[39m [2m/yojana/917-6135-yojana/index.html[22m [2m(+164ms)[22m 
[2m16:46:46[22m   [34m├─[39m [2m/yojana/4000-yojana/index.html[22m [2m(+85ms)[22m 
[2m16:46:46[22m   [34m├─[39m [2m/yojana/3000-yojana/index.html[22m [2m(+96ms)[22m 
[2m16:46:47[22m   [34m├─[39m [2m/yojana/pm-11-3-yojana/index.html[22m [2m(+62ms)[22m 
[2m16:46:47[22m   [34m├─[39m [2m/yojana/1183-yojana/index.html[22m [2m(+39ms)[22m 
[2m16:46:47[22m   [34m├─[39m [2m/yojana/pm-jan-dhan-yojana-50-yojana/index.html[22m [2m(+100ms)[22m 
[2m16:46:47[22m   [34m├─[39m [2m/yojana/pm-kisan-24th-installment-date-24-yojana/index.html[22m [2m(+117ms)[22m 
[2m16:46:47[22m   [34m├─[39m [2m/yojana/100-690-yojana/index.html[22m [2m(+167ms)[22m 
[2m16:46:47[22m   [34m├─[39m [2m/yojana/free-solar-panel-scheme-yojana/index.html[22m [2m(+48ms)[22m 
[2m16:46:47[22m   [34m├─[39m [2m/yojana/17-880-yojana/index.html[22m [2m(+31ms)[22m 
[2m16:46:47[22m   [34m├─[39m [2m/yojana/pm-dhan-dhanya-krishi-yojana-100-yojana/index.html[22m [2m(+20ms)[22m 
[2m16:46:47[22m   [34m├─[39m [2m/yojana/400-yojana/index.html[22m [2m(+217ms)[22m 
[2m16:46:47[22m   [34m├─[39m [2m/yojana/maharashtra-bsc-nursing-cap-registration-2026-clos-yojana/index.html[22m [2m(+131ms)[22m 
[2m16:46:47[22m   [34m├─[39m [2m/yojana/pm-10-up-yojana/index.html[22m [2m(+53ms)[22m 
[2m16:46:48[22m   [34m├─[39m [2m/yojana/lic-golden-jubilee-scholarship-yojana-2026-yojana/index.html[22m [2m(+33ms)[22m 
[2m16:46:48[22m   [34m├─[39m [2m/yojana/pradhan-mantri-viksit-bharat-rojgar-yojana-15000-3-yojana/index.html[22m [2m(+33ms)[22m 
[2m16:46:48[22m   [34m├─[39m [2m/yojana/pm-surya-ghar-muft-bijli-yojana-230-3-kw-78000-yojana/index.html[22m [2m(+50ms)[22m 
[2m16:46:48[22m   [34m├─[39m [2m/yojana/government-claim-in-banaras-was-prime-minister-res-yojana/index.html[22m [2m(+231ms)[22m 
[2m16:46:48[22m   [34m├─[39m [2m/yojana/rimcee-2026-registration-begins-nta-announces-dece-yojana/index.html[22m [2m(+61ms)[22m 
[2m16:46:48[22m   [34m├─[39m [2m/yojana/121-25-25-yojana/index.html[22m [2m(+57ms)[22m 
[2m16:46:48[22m   [34m├─[39m [2m/yojana/pradhan-mantri-suraksha-bima-yojana-latest-and-eas-yojana/index.html[22m [2m(+48ms)[22m 
[2m16:46:48[22m   [34m├─[39m [2m/yojana/bihar-stet-registration-2026-last-date-extended-to-yojana/index.html[22m [2m(+31ms)[22m 
[2m16:46:48[22m   [34m├─[39m [2m/yojana/01-30-yojana/index.html[22m [2m(+170ms)[22m 
[2m16:46:48[22m   [34m├─[39m [2m/yojana/pm-kisan-yojana-e-kyc-yojana/index.html[22m [2m(+149ms)[22m 
[2m16:46:48[22m   [34m├─[39m [2m/yojana/iit-jam-2027-brochure-released-registration-dates--yojana/index.html[22m [2m(+36ms)[22m 
[2m16:46:48[22m   [34m├─[39m [2m/yojana/pm-100-2254-3885-6-yojana/index.html[22m [2m(+33ms)[22m 
[2m16:46:48[22m   [34m├─[39m [2m/yojana/230-yojana/index.html[22m [2m(+42ms)[22m 
[2m16:46:48[22m   [34m├─[39m [2m/yojana/pm-55-yojana/index.html[22m [2m(+39ms)[22m 
[2m16:46:49[22m   [34m├─[39m [2m/yojana/pm-vishwakarma-yojana-3-yojana/index.html[22m [2m(+68ms)[22m 
[2m16:46:49[22m   [34m├─[39m [2m/yojana/laptop-yojana-25000-cm-121-304-yojana/index.html[22m [2m(+142ms)[22m 
[2m16:46:49[22m   [34m├─[39m [2m/yojana/gurugram-news-yojana/index.html[22m [2m(+83ms)[22m 
[2m16:46:49[22m   [34m├─[39m [2m/yojana/ctet-2026-september-registration-window-closes-tod-yojana/index.html[22m [2m(+40ms)[22m 
[2m16:46:49[22m   [34m├─[39m [2m/yojana/ibps-rrb-2026-registration-begins-for-over-13000-g-yojana/index.html[22m [2m(+52ms)[22m 
[2m16:46:49[22m   [34m├─[39m [2m/yojana/ibo-syllabus-2027-biology-topics-weightage-prepara-yojana/index.html[22m [2m(+91ms)[22m 
[2m16:46:49[22m   [34m├─[39m [2m/yojana/punjab-bed-application-form-2027-registration-date-yojana/index.html[22m [2m(+154ms)[22m 
[2m16:46:49[22m   [34m├─[39m [2m/yojana/ctet-september-2026-extended-registration-closes-t-yojana/index.html[22m [2m(+33ms)[22m 
[2m16:46:49[22m   [34m├─[39m [2m/yojana/pm-svanidhi-50-yojana/index.html[22m [2m(+71ms)[22m 
[2m16:46:49[22m   [34m├─[39m [2m/yojana/pm-kisan-yojana-24-2000-yojana/index.html[22m [2m(+99ms)[22m 
[2m16:46:49[22m   [34m├─[39m [2m/yojana/pm-awas-yojana-pm-yojana/index.html[22m [2m(+48ms)[22m 
[2m16:46:49[22m   [34m├─[39m [2m/yojana/397-48-yojana/index.html[22m [2m(+52ms)[22m 
[2m16:46:49[22m   [34m├─[39m [2m/yojana/24-2000-4000-yojana/index.html[22m [2m(+35ms)[22m 
[2m16:46:50[22m   [34m├─[39m [2m/yojana/78000-20000-yojana/index.html[22m [2m(+149ms)[22m 
[2m16:46:50[22m   [34m├─[39m [2m/yojana/india-post-gds-recruitment-2026-online-registratio-yojana/index.html[22m [2m(+166ms)[22m 
[2m16:46:50[22m   [34m├─[39m [2m/yojana/pm-kisan-yojana-2000-24-yojana/index.html[22m [2m(+101ms)[22m 
[2m16:46:50[22m   [34m├─[39m [2m/yojana/mat-2026-september-registration-check-pbt-and-cbt--yojana/index.html[22m [2m(+33ms)[22m 
[2m16:46:50[22m   [34m├─[39m [2m/yojana/basti-news-yojana/index.html[22m [2m(+42ms)[22m 
[2m16:46:50[22m   [34m├─[39m [2m/yojana/fact-check-pib-yojana/index.html[22m [2m(+20ms)[22m 
[2m16:46:50[22m   [34m├─[39m [2m/yojana/pm-kusum-yojana-60-yojana/index.html[22m [2m(+163ms)[22m 
[2m16:46:50[22m   [34m├─[39m [2m/yojana/pm-kusum-yojana-yojana/index.html[22m [2m(+40ms)[22m 
[2m16:46:50[22m   [34m├─[39m [2m/yojana/e-ret-sangwari-portal-pm-cm-yojana/index.html[22m [2m(+113ms)[22m 
[2m16:46:50[22m   [34m├─[39m [2m/yojana/pm-surya-ghar-scheme-govt-to-track-household-solar-yojana/index.html[22m [2m(+36ms)[22m 
[2m16:46:50[22m   [34m├─[39m [2m/yojana/1-25000-122-yojana/index.html[22m [2m(+182ms)[22m 
[2m16:46:51[22m   [34m├─[39m [2m/yojana/120-yojana/index.html[22m [2m(+115ms)[22m 
[2m16:46:51[22m   [34m├─[39m [2m/yojana/kashipur-news-yojana/index.html[22m [2m(+51ms)[22m 
[2m16:46:51[22m   [34m├─[39m [2m/yojana/pm-kisan-yojana-24th-instalment-date-24-yojana/index.html[22m [2m(+50ms)[22m 
[2m16:46:51[22m   [34m├─[39m [2m/yojana/india-post-gds-recruitment-2026-registration-proce-yojana/index.html[22m [2m(+299ms)[22m 
[2m16:46:51[22m   [34m├─[39m [2m/yojana/cm-pm-5-yojana/index.html[22m [2m(+128ms)[22m 
[2m16:46:51[22m   [34m├─[39m [2m/yojana/16-50-yojana/index.html[22m [2m(+36ms)[22m 
[2m16:46:51[22m   [34m├─[39m [2m/yojana/pm-dm-yojana/index.html[22m [2m(+156ms)[22m 
[2m16:46:51[22m   [34m├─[39m [2m/yojana/98-yojana/index.html[22m [2m(+130ms)[22m 
[2m16:46:52[22m   [34m├─[39m [2m/yojana/sirsa-news-yojana/index.html[22m [2m(+86ms)[22m 
[2m16:46:52[22m   [34m├─[39m [2m/yojana/50-yojana/index.html[22m [2m(+81ms)[22m 
[2m16:46:52[22m   [34m├─[39m [2m/yojana/mp-96-9584-yojana/index.html[22m [2m(+68ms)[22m 
[2m16:46:52[22m   [34m├─[39m [2m/yojana/609-yojana/index.html[22m [2m(+52ms)[22m 
[2m16:46:52[22m   [34m├─[39m [2m/yojana/12-29-yojana/index.html[22m [2m(+69ms)[22m 
[2m16:46:52[22m   [34m├─[39m [2m/yojana/80-125-yojana/index.html[22m [2m(+67ms)[22m 
[2m16:46:52[22m   [34m├─[39m [2m/yojana/4344-2405-yojana/index.html[22m [2m(+65ms)[22m 
[2m16:46:52[22m   [34m├─[39m [2m/yojana/up-pm-yojana/index.html[22m [2m(+178ms)[22m 
[2m16:46:52[22m   [34m├─[39m [2m/yojana/4-19-yojana/index.html[22m [2m(+118ms)[22m 
[2m16:46:52[22m   [34m├─[39m [2m/yojana/pm-cmo-yojana/index.html[22m [2m(+54ms)[22m 
[2m16:46:52[22m   [34m├─[39m [2m/yojana/emrs-result-2026-delay-candidates-wait-for-months--yojana/index.html[22m [2m(+51ms)[22m 
[2m16:46:52[22m   [34m├─[39m [2m/yojana/pm-kisan-yojana-2000-3-yojana/index.html[22m [2m(+101ms)[22m 
[2m16:46:53[22m   [34m├─[39m [2m/yojana/pradhan-mantri-mudra-yojana-1-pib-fact-check-yojana/index.html[22m [2m(+103ms)[22m 
[2m16:46:53[22m   [34m├─[39m [2m/yojana/cmo-yojana/index.html[22m [2m(+57ms)[22m 
[2m16:46:53[22m   [34m├─[39m [2m/yojana/pm-kisan-yojana-yojana/index.html[22m [2m(+189ms)[22m 
[2m16:46:53[22m   [34m├─[39m [2m/yojana/35-yojana/index.html[22m [2m(+96ms)[22m 
[2m16:46:53[22m   [34m├─[39m [2m/yojana/trishuli-tunnel-350-rescue-operation-yojana/index.html[22m [2m(+26ms)[22m 
[2m16:46:53[22m   [34m├─[39m [2m/yojana/dm-yojana/index.html[22m [2m(+95ms)[22m 
[2m16:46:53[22m   [34m├─[39m [2m/yojana/35-pm-yojana/index.html[22m [2m(+103ms)[22m 
[2m16:46:53[22m   [34m├─[39m [2m/yojana/2-1-pib-yojana/index.html[22m [2m(+83ms)[22m 
[2m16:46:53[22m   [34m├─[39m [2m/yojana/bitsat-2026-iteration-9-result-out-check-direct-li-yojana/index.html[22m [2m(+77ms)[22m 
[2m16:46:53[22m   [34m├─[39m [2m/yojana/19436-2545-13-yojana/index.html[22m [2m(+81ms)[22m 
[2m16:46:53[22m   [34m├─[39m [2m/yojana/pm-kisan-3-yojana/index.html[22m [2m(+46ms)[22m 
[2m16:46:54[22m   [34m├─[39m [2m/yojana/deo-yojana/index.html[22m [2m(+74ms)[22m 
[2m16:46:54[22m   [34m├─[39m [2m/yojana/up-board-apaar-id-2026-schools-asked-to-ensure-100-yojana/index.html[22m [2m(+29ms)[22m 
[2m16:46:54[22m   [34m├─[39m [2m/yojana/pm-kisan-24th-installment-24-yojana/index.html[22m [2m(+25ms)[22m 
[2m16:46:54[22m   [34m├─[39m [2m/yojana/363-yojana/index.html[22m [2m(+80ms)[22m 
[2m16:46:54[22m   [34m├─[39m [2m/yojana/explainer-98000-yojana/index.html[22m [2m(+36ms)[22m 
[2m16:46:54[22m   [34m├─[39m [2m/yojana/61-yojana/index.html[22m [2m(+216ms)[22m 
[2m16:46:54[22m   [34m├─[39m [2m/yojana/4-yojana/index.html[22m [2m(+35ms)[22m 
[2m16:46:54[22m   [34m├─[39m [2m/yojana/24-pm-kisan-samman-nidhi-when-24th-installment-of--yojana/index.html[22m [2m(+48ms)[22m 
[2m16:46:54[22m   [34m├─[39m [2m/yojana/pm-kisan-fraud-445-yojana/index.html[22m [2m(+35ms)[22m 
[2m16:46:54[22m   [34m├─[39m [2m/yojana/12-59-12-59-yojana/index.html[22m [2m(+53ms)[22m 
[2m16:46:54[22m   [34m├─[39m [2m/yojana/pm-jan-dhan-yojana-0-10000-59-yojana/index.html[22m [2m(+96ms)[22m 
[2m16:46:54[22m   [34m├─[39m [2m/yojana/pm-kisan-yojana-24-3-yojana/index.html[22m [2m(+127ms)[22m 
[2m16:46:54[22m   [34m├─[39m [2m/yojana/pm-awas-yojana-urban-9-yojana/index.html[22m [2m(+78ms)[22m 
[2m16:46:54[22m   [34m├─[39m [2m/yojana/12-59-317-yojana/index.html[22m [2m(+45ms)[22m 
[2m16:46:55[22m   [34m├─[39m [2m/yojana/24-2000-yojana/index.html[22m [2m(+155ms)[22m 
[2m16:46:55[22m   [34m├─[39m [2m/yojana/27049-yojana/index.html[22m [2m(+18ms)[22m 
[2m16:46:55[22m   [34m├─[39m [2m/yojana/500-yojana/index.html[22m [2m(+99ms)[22m 
[2m16:46:55[22m   [34m├─[39m [2m/yojana/5-yojana/index.html[22m [2m(+56ms)[22m 
[2m16:46:55[22m   [34m├─[39m [2m/yojana/23-yojana/index.html[22m [2m(+90ms)[22m 
[2m16:46:55[22m   [34m├─[39m [2m/yojana/16759-4759-yojana/index.html[22m [2m(+162ms)[22m 
[2m16:46:55[22m   [34m├─[39m [2m/yojana/pm-surya-ghar-yojana-new-solar-loan-rules-for-owne-yojana/index.html[22m [2m(+280ms)[22m 
[2m16:46:55[22m   [34m├─[39m [2m/yojana/12-53-yojana/index.html[22m [2m(+75ms)[22m 
[2m16:46:55[22m   [34m├─[39m [2m/yojana/12-10021-yojana/index.html[22m [2m(+43ms)[22m 
[2m16:46:56[22m   [34m├─[39m [2m/yojana/2000-24-yojana/index.html[22m [2m(+45ms)[22m 
[2m16:46:56[22m   [34m├─[39m [2m/yojana/12-5909-317-yojana/index.html[22m [2m(+53ms)[22m 
[2m16:46:56[22m   [34m├─[39m [2m/yojana/pmmy-20-yojana/index.html[22m [2m(+121ms)[22m 
[2m16:46:56[22m   [34m├─[39m [2m/yojana/pm-kisan-24-6-yojana/index.html[22m [2m(+109ms)[22m 
[2m16:46:56[22m   [34m├─[39m [2m/yojana/pradhan-mantri-jan-dhan-yojana-12-yojana/index.html[22m [2m(+52ms)[22m 
[2m16:46:56[22m   [34m├─[39m [2m/yojana/jammu-yojana/index.html[22m [2m(+32ms)[22m 
[2m16:46:56[22m   [34m├─[39m [2m/yojana/0-10000-59-yojana/index.html[22m [2m(+103ms)[22m 
[2m16:46:56[22m   [34m├─[39m [2m/yojana/pradhan-mantri-jan-dhan-yojana-12-59-53-yojana/index.html[22m [2m(+38ms)[22m 
[2m16:46:56[22m   [34m├─[39m [2m/yojana/neet-ug-2026-round-2-counselling-dates-announced-r-yojana/index.html[22m [2m(+64ms)[22m 
[2m16:46:56[22m   [34m├─[39m [2m/yojana/bseb-2027-dummy-registration-card-correction-windo-yojana/index.html[22m [2m(+92ms)[22m 
[2m16:46:56[22m   [34m├─[39m [2m/yojana/du-phd-registration-2026-opens-for-four-year-ug-gr-yojana/index.html[22m [2m(+10ms)[22m 
[2m16:46:56[22m   [34m├─[39m [2m/yojana/nid-phd-admission-2027-registration-begins-doctora-yojana/index.html[22m [2m(+82ms)[22m 
[2m16:46:56[22m   [34m├─[39m [2m/yojana/haryana-neet-ug-counselling-2026-round-1-registrat-yojana/index.html[22m [2m(+35ms)[22m 
[2m16:46:56[22m   [34m├─[39m [2m/yojana/kpsc-ksaad-recruitment-2026-notification-out-for-a-yojana/index.html[22m [2m(+101ms)[22m 
[2m16:46:56[22m   [34m├─[39m [2m/yojana/pm-cares-for-children-23-10-yojana/index.html[22m [2m(+27ms)[22m 
[2m16:46:57[22m   [34m├─[39m [2m/yojana/asias-premier-news-agency-india-news-business-poli-yojana/index.html[22m [2m(+160ms)[22m 
[2m16:46:57[22m   [34m├─[39m [2m/yojana/4432-yojana/index.html[22m [2m(+41ms)[22m 
[2m16:46:57[22m   [34m├─[39m [2m/yojana/pm-277-yojana/index.html[22m [2m(+83ms)[22m 
[2m16:46:57[22m   [34m├─[39m [2m/yojana/2186-1056-yojana/index.html[22m [2m(+32ms)[22m 
[2m16:46:57[22m   [34m├─[39m [2m/yojana/3-63-yojana/index.html[22m [2m(+102ms)[22m 
[2m16:46:57[22m   [34m├─[39m [2m/yojana/pmjdy-59-317-yojana/index.html[22m [2m(+98ms)[22m 
[2m16:46:57[22m   [34m├─[39m [2m/yojana/12-59-yojana/index.html[22m [2m(+139ms)[22m 
[2m16:46:57[22m   [34m├─[39m [2m/yojana/pm-surya-ghar-yojana-yojana/index.html[22m [2m(+100ms)[22m 
[2m16:46:57[22m   [34m├─[39m [2m/yojana/pm-12-59-317-yojana/index.html[22m [2m(+77ms)[22m 
[2m16:46:57[22m   [34m├─[39m [2m/yojana/600-yojana/index.html[22m [2m(+188ms)[22m 
[2m16:46:58[22m   [34m├─[39m [2m/yojana/60-id-318-yojana/index.html[22m [2m(+98ms)[22m 
[2m16:46:58[22m   [34m├─[39m [2m/yojana/pm-kisan-yojana-2-2-24-yojana/index.html[22m [2m(+34ms)[22m 
[2m16:46:58[22m   [34m├─[39m [2m/yojana/395-yojana/index.html[22m [2m(+45ms)[22m 
[2m16:46:58[22m   [34m├─[39m [2m/yojana/sarkari-yojana-12-yojana/index.html[22m [2m(+101ms)[22m 
[2m16:46:58[22m   [34m├─[39m [2m/yojana/3-yojana/index.html[22m [2m(+154ms)[22m 
[2m16:46:58[22m   [34m├─[39m [2m/yojana/ap-lawcet-counselling-date-2026-live-registration--yojana/index.html[22m [2m(+112ms)[22m 
[2m16:46:58[22m   [34m├─[39m [2m/yojana/bihar-bed-cet-application-form-2027-direct-link-re-yojana/index.html[22m [2m(+137ms)[22m 
[2m16:46:58[22m   [34m├─[39m [2m/yojana/mp-bed-admission-2026-epravesh-round-5-registratio-yojana/index.html[22m [2m(+96ms)[22m 
[2m16:46:58[22m   [34m├─[39m [2m/yojana/pm-kisan-4-yojana/index.html[22m [2m(+95ms)[22m 
[2m16:46:58[22m   [34m├─[39m [2m/yojana/20-yojana/index.html[22m [2m(+115ms)[22m 
[2m16:46:59[22m   [34m├─[39m [2m/yojana/pradhan-mantri-gram-sadak-yojana-latest-and-easy-g-yojana/index.html[22m [2m(+192ms)[22m 
[2m16:46:59[22m   [34m├─[39m [2m/yojana/27053-yojana/index.html[22m [2m(+55ms)[22m 
[2m16:46:59[22m   [34m├─[39m [2m/yojana/1102-pm-yojana/index.html[22m [2m(+80ms)[22m 
[2m16:46:59[22m   [34m├─[39m [2m/yojana/radhakisan-toshniwal-ayurved-mahavidyalaya-akola-n-yojana/index.html[22m [2m(+38ms)[22m 
[2m16:46:59[22m   [34m├─[39m [2m/yojana/10-yojana/index.html[22m [2m(+101ms)[22m 
[2m16:46:59[22m   [34m├─[39m [2m/yojana/pm-awas-yojana-20-250-eligibility-yojana/index.html[22m [2m(+178ms)[22m 
[2m16:46:59[22m   [34m├─[39m [2m/yojana/2417-5768-42-bdo-yojana/index.html[22m [2m(+30ms)[22m 
[2m16:46:59[22m   [34m├─[39m [2m/yojana/59-3-yojana/index.html[22m [2m(+35ms)[22m 
[2m16:46:59[22m   [34m├─[39m [2m/yojana/20-2-yojana/index.html[22m [2m(+42ms)[22m 
[2m16:46:59[22m   [34m├─[39m [2m/yojana/pm-the-bharat-now-hindi-news-hindi-samachar-latest-yojana/index.html[22m [2m(+110ms)[22m 
[2m16:46:59[22m   [34m├─[39m [2m/yojana/pm-surya-ghar-yojana-subsidy-big-change-new-rules--yojana/index.html[22m [2m(+68ms)[22m 
[2m16:46:59[22m   [34m├─[39m [2m/yojana/3-98-yojana/index.html[22m [2m(+20ms)[22m 
[2m16:47:00[22m   [34m├─[39m [2m/yojana/ap-special-tet-2026-registration-begins-check-date-yojana/index.html[22m [2m(+199ms)[22m 
[2m16:47:00[22m   [34m├─[39m [2m/yojana/240-yojana/index.html[22m [2m(+134ms)[22m 
[2m16:47:00[22m   [34m├─[39m [2m/yojana/2-phd-10-yojana/index.html[22m [2m(+35ms)[22m 
[2m16:47:00[22m   [34m├─[39m [2m/yojana/mainpuri-news-news-track-in-yojana/index.html[22m [2m(+116ms)[22m 
[2m16:47:00[22m   [34m├─[39m [2m/yojana/rti-pm-nlm-1233-yojana/index.html[22m [2m(+29ms)[22m 
[2m16:47:00[22m   [34m├─[39m [2m/yojana/pmjdy-yojana/index.html[22m [2m(+18ms)[22m 
[2m16:47:00[22m   [34m├─[39m [2m/yojana/cm-yojana/index.html[22m [2m(+137ms)[22m 
[2m16:47:00[22m   [34m├─[39m [2m/yojana/cm-pm-himachal-exservicemen-demand-agniveer-scheme-yojana/index.html[22m [2m(+92ms)[22m 
[2m16:47:00[22m   [34m├─[39m [2m/yojana/pm-pm-fasal-bima-yojana-rajasthan-yojana/index.html[22m [2m(+39ms)[22m 
[2m16:47:00[22m   [34m├─[39m [2m/yojana/solar-panel-subsidy-yojana/index.html[22m [2m(+135ms)[22m 
[2m16:47:00[22m   [34m├─[39m [2m/yojana/pm-kisan-yojana-5-5-yojana/index.html[22m [2m(+42ms)[22m 
[2m16:47:00[22m   [34m├─[39m [2m/yojana/95-yojana/index.html[22m [2m(+56ms)[22m 
[2m16:47:01[22m   [34m├─[39m [2m/yojana/the-bharat-now-hindi-news-hindi-samachar-latest-ne-yojana/index.html[22m [2m(+220ms)[22m 
[2m16:47:01[22m   [34m├─[39m [2m/yojana/69-yojana/index.html[22m [2m(+90ms)[22m 
[2m16:47:01[22m   [34m├─[39m [2m/yojana/26-yojana/index.html[22m [2m(+67ms)[22m 
[2m16:47:01[22m   [34m├─[39m [2m/yojana/2400-yojana/index.html[22m [2m(+30ms)[22m 
[2m16:47:01[22m   [34m├─[39m [2m/yojana/cg-korba-pm-awas-yojana-fraud-48-yojana/index.html[22m [2m(+50ms)[22m 
[2m16:47:01[22m   [34m├─[39m [2m/yojana/19346-yojana/index.html[22m [2m(+66ms)[22m 
[2m16:47:01[22m   [34m├─[39m [2m/yojana/shimla-cm-sukhvinder-sukhu-to-write-to-the-prime-m-yojana/index.html[22m [2m(+77ms)[22m 
[2m16:47:01[22m   [34m├─[39m [2m/yojana/pm-awas-yojana-cg-news-yojana/index.html[22m [2m(+149ms)[22m 
[2m16:47:01[22m   [34m├─[39m [2m/yojana/73-yojana/index.html[22m [2m(+34ms)[22m 
[2m16:47:01[22m   [34m├─[39m [2m/yojana/pm-surya-ghar-yojana-223-5000-ula-yojana/index.html[22m [2m(+64ms)[22m 
[2m16:47:01[22m   [34m├─[39m [2m/yojana/5-pm-yojana/index.html[22m [2m(+85ms)[22m 
[2m16:47:01[22m   [34m├─[39m [2m/yojana/315-yojana/index.html[22m [2m(+113ms)[22m 
[2m16:47:02[22m   [34m├─[39m [2m/yojana/rewari-news-yojana/index.html[22m [2m(+54ms)[22m 
[2m16:47:02[22m   [34m├─[39m [2m/yojana/pm-yojana/index.html[22m [2m(+78ms)[22m 
[2m16:47:02[22m   [34m├─[39m [2m/yojana/pm-yashasvi-yojana-125-31-yojana/index.html[22m [2m(+103ms)[22m 
[2m16:47:02[22m   [34m├─[39m [2m/yojana/24-yojana/index.html[22m [2m(+35ms)[22m 
[2m16:47:02[22m   [34m├─[39m [2m/yojana/22-93-18640-yojana/index.html[22m [2m(+107ms)[22m 
[2m16:47:02[22m   [34m├─[39m [2m/yojana/7-yojana/index.html[22m [2m(+108ms)[22m 
[2m16:47:02[22m   [34m├─[39m [2m/yojana/3-lpg-6-yojana/index.html[22m [2m(+66ms)[22m 
[2m16:47:02[22m   [34m├─[39m [2m/yojana/69-23083-yojana/index.html[22m [2m(+65ms)[22m 
[2m16:47:02[22m   [34m├─[39m [2m/yojana/100-yojana/index.html[22m [2m(+78ms)[22m 
[2m16:47:02[22m   [34m├─[39m [2m/yojana/10-20-yojana/index.html[22m [2m(+74ms)[22m 
[2m16:47:02[22m   [34m├─[39m [2m/yojana/25-yojana/index.html[22m [2m(+145ms)[22m 
[2m16:47:03[22m   [34m├─[39m [2m/yojana/288-yojana/index.html[22m [2m(+114ms)[22m 
[2m16:47:03[22m   [34m├─[39m [2m/yojana/1-yojana/index.html[22m [2m(+56ms)[22m 
[2m16:47:03[22m   [34m├─[39m [2m/yojana/12-yojana/index.html[22m [2m(+33ms)[22m 
[2m16:47:03[22m   [34m├─[39m [2m/yojana/2027-2031-yojana/index.html[22m [2m(+47ms)[22m 
[2m16:47:03[22m   [34m├─[39m [2m/yojana/2500-yojana/index.html[22m [2m(+17ms)[22m 
[2m16:47:03[22m   [34m├─[39m [2m/yojana/pm-kisan-yojana-21-24-2-2-yojana/index.html[22m [2m(+80ms)[22m 
[2m16:47:03[22m   [34m├─[39m [2m/yojana/meerut-news-yojana/index.html[22m [2m(+141ms)[22m 
[2m16:47:03[22m   [34m├─[39m [2m/yojana/-yojana/index.html[22m [2m(+112ms)[22m 
[2m16:47:03[22m   [34m├─[39m [2m/yojana/ap-special-tet-2026-registration-begins-for-in-ser-yojana/index.html[22m [2m(+37ms)[22m 
[2m16:47:03[22m   [34m├─[39m [2m/yojana/pm-fasal-bima-yojana-73-yojana/index.html[22m [2m(+37ms)[22m 
[2m16:47:03[22m   [34m├─[39m [2m/yojana/pm-kisan-24th-installment-date-pm-kisan-24-yojana/index.html[22m [2m(+48ms)[22m 
[2m16:47:03[22m   [34m├─[39m [2m/yojana/pm-awas-yojana-chhattisgarh-11-pm-yojana/index.html[22m [2m(+29ms)[22m 
[2m16:47:03[22m   [34m├─[39m [2m/yojana/pm-awas-yojana-gramin-list-yojana/index.html[22m [2m(+138ms)[22m 
[2m16:47:03[22m   [34m├─[39m [2m/yojana/pm-awas-yojana-debate-pm-yojana/index.html[22m [2m(+95ms)[22m 
[2m16:47:04[22m   [34m├─[39m [2m/yojana/pm-kisan-yojana-21-24-2-2-pm-kisan-yojana-24th-ins-yojana/index.html[22m [2m(+69ms)[22m 
[2m16:47:04[22m   [34m├─[39m [2m/yojana/pm-awas-yojana-11-pm-cm-yojana/index.html[22m [2m(+54ms)[22m 
[2m16:47:04[22m   [34m├─[39m [2m/yojana/farmers-scheme-yojana/index.html[22m [2m(+28ms)[22m 
[2m16:47:04[22m   [34m├─[39m [2m/yojana/pm-fasal-bima-yojana-yojana/index.html[22m [2m(+169ms)[22m 
[2m16:47:04[22m   [34m├─[39m [2m/yojana/pm-awas-yojana-20-yojana/index.html[22m [2m(+103ms)[22m 
[2m16:47:04[22m   [34m├─[39m [2m/yojana/pm-awas-yojana-4-5-yojana/index.html[22m [2m(+26ms)[22m 
[2m16:47:04[22m   [34m├─[39m [2m/yojana/pm-awas-yojana-4-5-pm-yojana/index.html[22m [2m(+125ms)[22m 
[2m16:47:04[22m   [34m├─[39m [2m/yojana/pm-kisan-24th-installment-4-yojana/index.html[22m [2m(+148ms)[22m 
[2m16:47:04[22m   [34m├─[39m [2m/yojana/pm-kisan-yojana-24th-kist-24-yojana/index.html[22m [2m(+85ms)[22m 
[2m16:47:04[22m   [34m├─[39m [2m/yojana/pm-kisan-24-yojana/index.html[22m [2m(+30ms)[22m 
[2m16:47:04[22m   [34m├─[39m [2m/yojana/pm-yasasvi-yojana-125-31-yojana/index.html[22m [2m(+168ms)[22m 
[2m16:47:05[22m   [34m├─[39m [2m/yojana/pm-kisan-yojana-24-yojana/index.html[22m [2m(+32ms)[22m 
[2m16:47:05[22m   [34m├─[39m [2m/yojana/pm-kisan-yojana-24-636-5000-yojana/index.html[22m [2m(+78ms)[22m 
[2m16:47:05[22m   [34m├─[39m [2m/yojana/pm-kisan-yojana-24-4000-yojana/index.html[22m [2m(+37ms)[22m 
[2m16:47:05[22m   [34m├─[39m [2m/yojana/pm-awas-yojana-yojana/index.html[22m [2m(+81ms)[22m 
[2m16:47:05[22m   [34m├─[39m [2m/yojana/pm-up-5000-yojana/index.html[22m [2m(+20ms)[22m 
[2m16:47:05[22m   [34m├─[39m [2m/yojana/pm-kisan-yojana/index.html[22m [2m(+147ms)[22m 
[2m16:47:05[22m   [34m├─[39m [2m/yojana/cci-admit-card-2026-out-at-cotcorporgin-download-c-yojana/index.html[22m [2m(+169ms)[22m 
[2m16:47:05[22m   [34m├─[39m [2m/yojana/pm-awas-yojana-urban-2/index.html[22m [2m(+68ms)[22m 
[2m16:47:05[22m   [34m├─[39m [2m/yojana/pm-awas-yojana-gramin/index.html[22m [2m(+67ms)[22m 
[2m16:47:05[22m   [34m├─[39m [2m/yojana/pmay-subsidy-calculator/index.html[22m [2m(+117ms)[22m 
[2m16:47:05[22m   [34m├─[39m [2m/yojana/pradhan-mantri-awas-yojana-housing-for-all/index.html[22m [2m(+66ms)[22m 
[2m16:47:05[22m   [34m├─[39m [2m/yojana/credit-linked-subsidy-service-clss/index.html[22m [2m(+164ms)[22m 
[2m16:47:06[22m   [34m├─[39m [2m/yojana/pradhan-mantri-gramin-awas-yojana/index.html[22m [2m(+94ms)[22m 
[2m16:47:06[22m   [34m├─[39m [2m/yojana/pm-svanidhi-street-vendors/index.html[22m [2m(+65ms)[22m 
[2m16:47:06[22m   [34m├─[39m [2m/yojana/startup-india-seed-fund/index.html[22m [2m(+28ms)[22m 
[2m16:47:06[22m   [34m├─[39m [2m/yojana/pradhan-mantri-mudra-loan-yojana/index.html[22m [2m(+37ms)[22m 
[2m16:47:06[22m   [34m├─[39m [2m/yojana/deen-dayal-upadhyaya-grameen-kaushalya-yojana/index.html[22m [2m(+38ms)[22m 
[2m16:47:06[22m   [34m├─[39m [2m/yojana/prime-ministers-employment-generation-programme/index.html[22m [2m(+130ms)[22m 
[2m16:47:06[22m   [34m├─[39m [2m/yojana/national-career-service-portal/index.html[22m [2m(+19ms)[22m 
[2m16:47:06[22m   [34m├─[39m [2m/yojana/pm-scholarship-scheme-pmss/index.html[22m [2m(+54ms)[22m 
[2m16:47:06[22m   [34m├─[39m [2m/yojana/national-scholarship-portal-nsp/index.html[22m [2m(+152ms)[22m 
[2m16:47:06[22m   [34m├─[39m [2m/yojana/samagra-shiksha-abhiyan/index.html[22m [2m(+34ms)[22m 
[2m16:47:06[22m   [34m├─[39m [2m/yojana/beti-bachao-beti-padhao/index.html[22m [2m(+179ms)[22m 
[2m16:47:06[22m   [34m├─[39m [2m/yojana/atal-innovation-mission/index.html[22m [2m(+19ms)[22m 
[2m16:47:06[22m   [34m├─[39m [2m/yojana/pm-young-achievers-scholarship/index.html[22m [2m(+32ms)[22m 
[2m16:47:06[22m   [34m├─[39m [2m/yojana/ayushman-bharat-pm-jan-arogya-yojana/index.html[22m [2m(+35ms)[22m 
[2m16:47:06[22m   [34m├─[39m [2m/yojana/ayushman-bharat-health-account-abha/index.html[22m [2m(+50ms)[22m 
[2m16:47:07[22m   [34m├─[39m [2m/yojana/janani-suraksha-yojana/index.html[22m [2m(+65ms)[22m 
[2m16:47:07[22m   [34m├─[39m [2m/yojana/pradhan-mantri-jan-aushadhi-yojana/index.html[22m [2m(+29ms)[22m 
[2m16:47:07[22m   [34m├─[39m [2m/yojana/national-health-mission/index.html[22m [2m(+187ms)[22m 
[2m16:47:07[22m   [34m├─[39m [2m/yojana/pm-ayushman-bharat-health-infrastructure-mission/index.html[22m [2m(+32ms)[22m 
[2m16:47:07[22m   [34m├─[39m [2m/yojana/pm-kisan-saman-nidhi/index.html[22m [2m(+113ms)[22m 
[2m16:47:07[22m   [34m├─[39m [2m/yojana/pradhan-mantri-fasal-bima-yojana/index.html[22m [2m(+25ms)[22m 
[2m16:47:07[22m   [34m├─[39m [2m/yojana/kisan-credit-card-kcc/index.html[22m [2m(+185ms)[22m 
[2m16:47:07[22m   [34m├─[39m [2m/yojana/pm-krishi-sinchai-yojana/index.html[22m [2m(+39ms)[22m 
[2m16:47:07[22m   [34m├─[39m [2m/yojana/e-nam-national-agriculture-market/index.html[22m [2m(+100ms)[22m 
[2m16:47:07[22m   [34m├─[39m [2m/yojana/paramparagat-krishi-vikas-yojana/index.html[22m [2m(+50ms)[22m 
[2m16:47:07[22m   [34m├─[39m [2m/yojana/ujjwala-yojana-free-lpg-connection/index.html[22m [2m(+17ms)[22m 
[2m16:47:07[22m   [34m├─[39m [2m/yojana/mahila-shakti-kendra/index.html[22m [2m(+226ms)[22m 
[2m16:47:08[22m   [34m├─[39m [2m/yojana/one-stop-centre-sakhi-centre/index.html[22m [2m(+35ms)[22m 
[2m16:47:08[22m   [34m├─[39m [2m/yojana/pradhan-mantri-matru-vandana-yojana/index.html[22m [2m(+102ms)[22m 
[2m16:47:08[22m   [34m├─[39m [2m/yojana/working-women-hostel-scheme/index.html[22m [2m(+35ms)[22m 
[2m16:47:08[22m   [34m├─[39m [2m/yojana/national-apprenticeship-promotion-scheme/index.html[22m [2m(+26ms)[22m 
[2m16:47:08[22m   [34m├─[39m [2m/yojana/pradhan-mantri-jeevan-jyoti-bima-yojana/index.html[22m [2m(+18ms)[22m 
[2m16:47:08[22m   [34m├─[39m [2m/yojana/pradhan-mantri-suraksha-bima-yojana/index.html[22m [2m(+121ms)[22m 
[2m16:47:08[22m   [34m├─[39m [2m/yojana/pm-gramin-bima-yojana/index.html[22m [2m(+158ms)[22m 
[2m16:47:08[22m   [34m├─[39m [2m/yojana/national-social-assistance-programme/index.html[22m [2m(+59ms)[22m 
[2m16:47:08[22m   [34m├─[39m [2m/yojana/pm-kanya-sumangala-yojana/index.html[22m [2m(+81ms)[22m 
[2m16:47:08[22m   [34m├─[39m [2m/yojana/ladli-laxmi-yojana-mp/index.html[22m [2m(+28ms)[22m 
[2m16:47:08[22m   [34m└─[39m [2m/yojana/ladli-scheme-haryana-himachal/index.html[22m [2m(+19ms)[22m 
[2m16:47:08[22m [32m▶[39m src/pages/yojana/index.astro
[2m16:47:08[22m   [34m└─[39m [2m/yojana/index.html[22m [2m(+184ms)[22m 
[2m16:47:09[22m [32m✓ Completed in 531.16s.
[39m
[2m16:47:16[22m [34m[build][39m 6354 page(s) built in [1m551.27s[22m
[2m16:47:16[22m [34m[build][39m [1mComplete![22m
